dbo,ABC_ACCOUNT_DESCRIPTION,CATEGORY_NUMBER,1,float,NULL,53,NULL,YES,NULL
dbo,ABC_ACCOUNT_DESCRIPTION,CATEGORY_DESCRIPTION,2,nvarchar,255,NULL,NULL,YES,NULL
dbo,ABC_ACCOUNT_DESCRIPTION,SYSTEM_NUMBER,3,float,NULL,53,NULL,YES,NULL
dbo,ABC_ACCOUNT_DESCRIPTION,SPONSOR_NUMBER,4,float,NULL,53,NULL,YES,NULL
dbo,ABC_ACCOUNT_DESCRIPTION,GROUP_NUMBER,5,nvarchar,255,NULL,NULL,YES,NULL
dbo,ABC_PACKAGE_SIZE,NDC,1,nvarchar,255,NULL,NULL,YES,NULL
dbo,ABC_PACKAGE_SIZE,NDC_variable_Digits,2,float,NULL,53,NULL,YES,NULL
dbo,ABC_PACKAGE_SIZE,Product - Strength,3,nvarchar,255,NULL,NULL,YES,NULL
dbo,ABC_PACKAGE_SIZE,Package Size,4,float,NULL,53,NULL,YES,NULL
dbo,ABCPeerGroup,PeerGroupKey,1,int,NULL,10,0,YES,NULL
dbo,ABCPeerGroup,MasterGroup,2,int,NULL,10,0,YES,NULL
dbo,ABCPeerGroupDescription,PeerGroupKey,1,int,NULL,10,0,YES,NULL
dbo,ABCPeerGroupDescription,PeerGroupDescription,2,varchar,60,NULL,NULL,YES,NULL
dbo,AcctTypeDesc,AcctType_ID,1,varchar,50,NULL,NULL,NO,NULL
dbo,AcctTypeDesc,Description,2,varchar,50,NULL,NULL,YES,NULL
dbo,AcctTypeDesc,SortOrder,3,smallint,NULL,5,0,YES,NULL
dbo,AcctTypeSpo,AcctType_Spo_ID,1,int,NULL,10,0,NO,NULL
dbo,AcctTypeSpo,AcctType_ID,2,varchar,50,NULL,NULL,NO,NULL
dbo,Accum01,RecordIdentifier,1,char,1,NULL,NULL,YES,NULL
dbo,Accum01,CardholderNumber,2,char,10,NULL,NULL,YES,NULL
dbo,Accum01,MemberNumber,3,char,2,NULL,NULL,YES,NULL
dbo,Accum01,SponsorNumber,4,char,8,NULL,NULL,YES,NULL
dbo,Accum01,MemberLast,5,char,20,NULL,NULL,YES,NULL
dbo,Accum01,MemberFirst,6,char,15,NULL,NULL,YES,NULL
dbo,Accum01,MemberBirthDate,7,char,8,NULL,NULL,YES,NULL
dbo,Accum01,TotalCopayAmtSign,8,char,1,NULL,NULL,YES,NULL
dbo,Accum01,TotalCopayAmt,9,char,7,NULL,NULL,YES,NULL
dbo,Accum01,TotalAmtPaidSign,10,char,1,NULL,NULL,YES,NULL
dbo,Accum01,TotalAmtPaid,11,char,7,NULL,NULL,YES,NULL
dbo,Accum01,RollStartDate,12,char,8,NULL,NULL,YES,NULL
dbo,Accum01,AltGroup,13,char,20,NULL,NULL,YES,NULL
dbo,Accum01,MedDedAmtSign,14,char,1,NULL,NULL,YES,NULL
dbo,Accum01,MedDedAmt,15,char,9,NULL,NULL,YES,NULL
dbo,Accum01,MedMaxAmtSign,16,char,1,NULL,NULL,YES,NULL
dbo,Accum01,MedMaxAmt,17,char,9,NULL,NULL,YES,NULL
dbo,Accum01,MedOOPAmtSign,18,char,1,NULL,NULL,YES,NULL
dbo,Accum01,MedOOPAmt,19,char,9,NULL,NULL,YES,NULL
dbo,Accum01,FileName,20,varchar,250,NULL,NULL,YES,NULL
dbo,Accum01,WarehouseLoadDate,21,date,NULL,NULL,NULL,YES,NULL
dbo,Admin,SystemNumber,1,int,NULL,10,0,NO,NULL
dbo,Admin,SponsorNumber,2,int,NULL,10,0,NO,NULL
dbo,Admin,ScheduleNumber,3,int,NULL,10,0,NO,NULL
dbo,Admin,Description,4,varchar,50,NULL,NULL,YES,NULL
dbo,Admin,Active,5,char,1,NULL,NULL,YES,NULL
dbo,Admin,ElectronicFee,6,char,1,NULL,NULL,YES,NULL
dbo,Admin,DiscountAdminFee,7,decimal,NULL,18,4,YES,NULL
dbo,Admin,DiscountPercentage,8,decimal,NULL,18,4,YES,NULL
dbo,Admin,Switch1,9,decimal,NULL,18,4,YES,NULL
dbo,Admin,Paper1,10,decimal,NULL,18,4,YES,NULL
dbo,Admin,Direct1,11,decimal,NULL,18,4,YES,NULL
dbo,Admin,DMR1,12,decimal,NULL,18,4,YES,NULL
dbo,Admin,EPS1,13,decimal,NULL,18,4,YES,NULL
dbo,Admin,Mail1,14,decimal,NULL,18,4,YES,NULL
dbo,Admin,Other1,15,decimal,NULL,18,4,YES,NULL
dbo,Admin,Card1,16,decimal,NULL,18,4,YES,NULL
dbo,Admin,BrokerFee1,17,decimal,NULL,18,4,YES,NULL
dbo,Admin,BrokerPerc1,18,decimal,NULL,18,4,YES,NULL
dbo,Admin,MedicaidSubrogFee1,19,decimal,NULL,18,4,YES,NULL
dbo,Admin,Switch2,20,decimal,NULL,18,4,YES,NULL
dbo,Admin,Paper2,21,decimal,NULL,18,4,YES,NULL
dbo,Admin,Direct2,22,decimal,NULL,18,4,YES,NULL
dbo,Admin,DMR2,23,decimal,NULL,18,4,YES,NULL
dbo,Admin,EPS2,24,decimal,NULL,18,4,YES,NULL
dbo,Admin,Mail2,25,decimal,NULL,18,4,YES,NULL
dbo,Admin,Other2,26,decimal,NULL,18,4,YES,NULL
dbo,Admin,Card2,27,decimal,NULL,18,4,YES,NULL
dbo,Admin,BrokerFee2,28,decimal,NULL,18,4,YES,NULL
dbo,Admin,BrokerPerc2,29,decimal,NULL,18,4,YES,NULL
dbo,Admin,MedicaidSubrogFee2,30,decimal,NULL,18,4,YES,NULL
dbo,Admin,Switch3,31,decimal,NULL,18,4,YES,NULL
dbo,Admin,Paper3,32,decimal,NULL,18,4,YES,NULL
dbo,Admin,Direct3,33,decimal,NULL,18,4,YES,NULL
dbo,Admin,DMR3,34,decimal,NULL,18,4,YES,NULL
dbo,Admin,EPS3,35,decimal,NULL,18,4,YES,NULL
dbo,Admin,Mail3,36,decimal,NULL,18,4,YES,NULL
dbo,Admin,Other3,37,decimal,NULL,18,4,YES,NULL
dbo,Admin,Card3,38,decimal,NULL,18,4,YES,NULL
dbo,Admin,BrokerFee3,39,decimal,NULL,18,4,YES,NULL
dbo,Admin,BrokerPerc3,40,decimal,NULL,18,4,YES,NULL
dbo,Admin,MedicaidSubrogFee3,41,decimal,NULL,18,4,YES,NULL
dbo,Admin,AddID,42,varchar,15,NULL,NULL,YES,NULL
dbo,Admin,ChangeID,43,varchar,15,NULL,NULL,YES,NULL
dbo,Admin,AddDate,44,datetime,NULL,NULL,NULL,YES,NULL
dbo,Admin,ChangeDate,45,datetime,NULL,NULL,NULL,YES,NULL
dbo,Admin,WarehouseLoadDate,46,datetime,NULL,NULL,NULL,YES,NULL
dbo,Admin,WarehouseChangeDate,47,datetime,NULL,NULL,NULL,YES,NULL
dbo,Admin,ServiceFee1,48,decimal,NULL,18,4,YES,NULL
dbo,Admin,ServiceFee2,49,decimal,NULL,18,4,YES,NULL
dbo,Admin,ServiceFee3,50,decimal,NULL,18,4,YES,NULL
dbo,Admin,PerMemberFee,51,decimal,NULL,18,2,YES,NULL
dbo,Admin,PerEmployeeFee,52,decimal,NULL,18,2,YES,NULL
dbo,AgeRangeConversion,SponsorNumber,1,int,NULL,10,0,NO,NULL
dbo,AgeRangeConversion,Age,2,smallint,NULL,5,0,NO,NULL
dbo,AgeRangeConversion,AgeRange,3,char,4,NULL,NULL,YES,NULL
dbo,AgeRangeConversion,AgeRangeDescription,4,varchar,254,NULL,NULL,YES,NULL
dbo,AHF_ACE_ARB_CARDHOLDER_KEY_TABLE,CARDHOLDER_KEY,1,varchar,20,NULL,NULL,YES,NULL
dbo,AHF_ACE_ARB_CARDHOLDER_KEY_TABLE,FILE_MONTH,2,int,NULL,10,0,YES,NULL
dbo,AHF_ACE_ARB_CARDHOLDER_KEY_TABLE,FILE_YEAR,3,int,NULL,10,0,YES,NULL
dbo,AHF_ACE_ARB_CARDHOLDER_KEY_TABLE,DIABETIC_FLAG,4,varchar,1,NULL,NULL,YES,NULL
dbo,AHF_ACE_ARB_CARDHOLDER_KEY_TABLE,ACE_ARB_FLAG,5,varchar,1,NULL,NULL,YES,NULL
dbo,AHF_ACE_ARB_CARDHOLDER_KEY_TABLE,FILE_DATE,6,datetime,NULL,NULL,NULL,YES,NULL
dbo,AHF_ACE_ARB_CARDHOLDER_KEY_TABLE,MTM_FLAG,7,varchar,50,NULL,NULL,YES,NULL
dbo,AHF_ACE_ARB_CARDHOLDER_KEY_TABLE,DIABETIC_RX_MONTH,8,int,NULL,10,0,YES,NULL
dbo,AHF_ACE_ARB_CARDHOLDER_KEY_TABLE,DIABETIC_RX_YEAR,9,int,NULL,10,0,YES,NULL
dbo,AHF_ACE_ARB_CARDHOLDER_KEY_TABLE,ACEARB_RX_MONTH,10,int,NULL,10,0,YES,NULL
dbo,AHF_ACE_ARB_CARDHOLDER_KEY_TABLE,ACEARB_RX_YEAR,11,int,NULL,10,0,YES,NULL
dbo,AHF_ACE_ARB_CARDHOLDER_KEY_TABLE,LETTER,12,varchar,50,NULL,NULL,YES,NULL
dbo,AHF_ACE_ARB_CARDHOLDER_KEY_TABLE,RUN_DATE,13,datetime,NULL,NULL,NULL,YES,NULL
dbo,AHF_MTM_CARDHOLDER_KEY_TABLE,CARDHOLDER_KEY,1,varchar,20,NULL,NULL,YES,NULL
dbo,AHF_MTM_CARDHOLDER_KEY_TABLE,FILE_DATE,2,datetime,NULL,NULL,NULL,YES,NULL
dbo,AHF_PHYSICIAN_DATA,PHYSICIAN_DEA,1,nvarchar,255,NULL,NULL,YES,NULL
dbo,AHF_PHYSICIAN_DATA,PHYSICIAN_NPI,2,nvarchar,255,NULL,NULL,YES,NULL
dbo,AHF_PHYSICIAN_DATA,LOCATION_TAX_ID,3,nvarchar,255,NULL,NULL,YES,NULL
dbo,AHF_PHYSICIAN_DATA,Title,4,nvarchar,255,NULL,NULL,YES,NULL
dbo,AHF_PHYSICIAN_DATA,Facility Name,5,nvarchar,255,NULL,NULL,YES,NULL
dbo,AHF_PHYSICIAN_DATA,First Name,6,nvarchar,255,NULL,NULL,YES,NULL
dbo,AHF_PHYSICIAN_DATA,Last Name,7,nvarchar,255,NULL,NULL,YES,NULL
dbo,AHF_PHYSICIAN_DATA,Credentials,8,nvarchar,255,NULL,NULL,YES,NULL
dbo,AHF_PHYSICIAN_DATA,Office Name,9,nvarchar,255,NULL,NULL,YES,NULL
dbo,AHF_PHYSICIAN_DATA,Contact,10,nvarchar,255,NULL,NULL,YES,NULL
dbo,AHF_PHYSICIAN_DATA,Address 1,11,nvarchar,255,NULL,NULL,YES,NULL
dbo,AHF_PHYSICIAN_DATA,Suite,12,nvarchar,255,NULL,NULL,YES,NULL
dbo,AHF_PHYSICIAN_DATA,Address 2,13,nvarchar,255,NULL,NULL,YES,NULL
dbo,AHF_PHYSICIAN_DATA,City,14,nvarchar,255,NULL,NULL,YES,NULL
dbo,AHF_PHYSICIAN_DATA,State,15,nvarchar,255,NULL,NULL,YES,NULL
dbo,AHF_PHYSICIAN_DATA,Zip,16,nvarchar,255,NULL,NULL,YES,NULL
dbo,AHF_PHYSICIAN_DATA,LOCATION_PHONE,17,nvarchar,255,NULL,NULL,YES,NULL
dbo,AHF_PHYSICIAN_DATA,LOCATION_FAX,18,nvarchar,255,NULL,NULL,YES,NULL
dbo,AHF_PHYSICIAN_DATA,SPECIALTY1,19,nvarchar,255,NULL,NULL,YES,NULL
dbo,AHF_PHYSICIAN_DATA,SPECIALTY2,20,nvarchar,255,NULL,NULL,YES,NULL
dbo,AHF_PHYSICIAN_DATA,SPECIALTY3,21,nvarchar,255,NULL,NULL,YES,NULL
dbo,AHF_PHYSICIAN_DATA,SPECIALTY4,22,nvarchar,255,NULL,NULL,YES,NULL
dbo,AHF_PHYSICIAN_DATA_FIX,PHYSICIAN_DEA,1,nvarchar,255,NULL,NULL,YES,NULL
dbo,AHF_PHYSICIAN_DATA_FIX,PHYSICIAN_NPI,2,nvarchar,255,NULL,NULL,YES,NULL
dbo,AHF_PHYSICIAN_DATA_FIX,LOCATION_TAX_ID,3,nvarchar,255,NULL,NULL,YES,NULL
dbo,AHF_PHYSICIAN_DATA_FIX,Title,4,nvarchar,255,NULL,NULL,YES,NULL
dbo,AHF_PHYSICIAN_DATA_FIX,Facility Name,5,nvarchar,255,NULL,NULL,YES,NULL
dbo,AHF_PHYSICIAN_DATA_FIX,First Name,6,nvarchar,255,NULL,NULL,YES,NULL
dbo,AHF_PHYSICIAN_DATA_FIX,Last Name,7,nvarchar,255,NULL,NULL,YES,NULL
dbo,AHF_PHYSICIAN_DATA_FIX,Credentials,8,nvarchar,255,NULL,NULL,YES,NULL
dbo,AHF_PHYSICIAN_DATA_FIX,Office Name,9,nvarchar,255,NULL,NULL,YES,NULL
dbo,AHF_PHYSICIAN_DATA_FIX,Contact,10,nvarchar,255,NULL,NULL,YES,NULL
dbo,AHF_PHYSICIAN_DATA_FIX,Address 1,11,nvarchar,255,NULL,NULL,YES,NULL
dbo,AHF_PHYSICIAN_DATA_FIX,Suite,12,nvarchar,255,NULL,NULL,YES,NULL
dbo,AHF_PHYSICIAN_DATA_FIX,Address 2,13,nvarchar,255,NULL,NULL,YES,NULL
dbo,AHF_PHYSICIAN_DATA_FIX,City,14,nvarchar,255,NULL,NULL,YES,NULL
dbo,AHF_PHYSICIAN_DATA_FIX,State,15,nvarchar,255,NULL,NULL,YES,NULL
dbo,AHF_PHYSICIAN_DATA_FIX,Zip,16,nvarchar,255,NULL,NULL,YES,NULL
dbo,AHF_PHYSICIAN_DATA_FIX,LOCATION_PHONE,17,nvarchar,255,NULL,NULL,YES,NULL
dbo,AHF_PHYSICIAN_DATA_FIX,LOCATION_FAX,18,nvarchar,255,NULL,NULL,YES,NULL
dbo,AHF_PHYSICIAN_DATA_FIX,SPECIALTY1,19,nvarchar,255,NULL,NULL,YES,NULL
dbo,AHF_PHYSICIAN_DATA_FIX,SPECIALTY2,20,nvarchar,255,NULL,NULL,YES,NULL
dbo,AHF_PHYSICIAN_DATA_FIX,SPECIALTY3,21,nvarchar,255,NULL,NULL,YES,NULL
dbo,AHF_PHYSICIAN_DATA_FIX,SPECIALTY4,22,nvarchar,255,NULL,NULL,YES,NULL
dbo,AHF_PHYSICIAN_DATA_QUICK,UNIQUE_NPI,1,varchar,20,NULL,NULL,YES,NULL
dbo,AHF_PHYSICIAN_DATA_QUICK,UNIQUE_DEA,2,varchar,20,NULL,NULL,YES,NULL
dbo,AHF_PHYSICIAN_DATA_QUICK,PHYSICIAN_NAME,3,varchar,100,NULL,NULL,YES,NULL
dbo,AHF_PHYSICIAN_DATA_QUICK,PHYSICIAN_STREET_1,4,varchar,120,NULL,NULL,YES,NULL
dbo,AHF_PHYSICIAN_DATA_QUICK,PHYSICIAN_STREET_2,5,varchar,120,NULL,NULL,YES,NULL
dbo,AHF_PHYSICIAN_DATA_QUICK,PHYSICIAN_CITY,6,varchar,30,NULL,NULL,YES,NULL
dbo,AHF_PHYSICIAN_DATA_QUICK,PHYSICIAN_STATE,7,varchar,5,NULL,NULL,YES,NULL
dbo,AHF_PHYSICIAN_DATA_QUICK,PHYSICIAN_ZIP,8,varchar,10,NULL,NULL,YES,NULL
dbo,AltPricing,PricingKey,1,varchar,4,NULL,NULL,NO,NULL
dbo,AltPricing,GroupNbr,2,float,NULL,53,NULL,NO,NULL
dbo,AltPricing,PharmacyNbr,3,int,NULL,10,0,NO,NULL
dbo,AltPricing,NDC,4,decimal,NULL,11,0,NO,NULL
dbo,AltPricing,SeqNbr,5,int,NULL,10,0,NO,NULL
dbo,AltPricing,EffDate,6,datetime,NULL,NULL,NULL,YES,NULL
dbo,AltPricing,TermDate,7,datetime,NULL,NULL,NULL,YES,NULL
dbo,AltPricing,UnitCost,8,decimal,NULL,18,5,YES,NULL
dbo,AltPricing,VersionNbr,9,bigint,NULL,19,0,YES,NULL
dbo,AltPricing,AddDate,10,datetime,NULL,NULL,NULL,YES,NULL
dbo,AltPricing,ChangeDate,11,datetime,NULL,NULL,NULL,YES,NULL
dbo,AltPricing,WarehouseLoadDate,12,datetime,NULL,NULL,NULL,YES,NULL
dbo,AltPricing,WarehouseChangeDate,13,datetime,NULL,NULL,NULL,YES,NULL
dbo,BATCH_DATA,BATCH_NUMBER,1,char,8,NULL,NULL,NO,NULL
dbo,BATCH_DATA,BATCH_DESCRIPTION,2,char,10,NULL,NULL,YES,NULL
dbo,BATCH_DATA,BATCH_DATE,3,datetime,NULL,NULL,NULL,YES,NULL
dbo,BATCH_DATA,KEY_PUNCH,4,char,1,NULL,NULL,YES,NULL
dbo,BATCH_DATA,MONTH,5,int,NULL,10,0,YES,NULL
dbo,BATCH_DATA,YEAR,6,int,NULL,10,0,YES,NULL
dbo,BATCH_DATA,YEAR_MONTH,7,int,NULL,10,0,YES,NULL
dbo,BATCH_DATA,QUARTER,8,int,NULL,10,0,YES,NULL
dbo,BATCH_DATA,YEAR_QUARTER,9,int,NULL,10,0,YES,NULL
dbo,BATCH_DATA,PERIOD_ENDING,10,datetime,NULL,NULL,NULL,YES,NULL
dbo,BENEFIT_DATA_OBSOLETE,BENEFIT_KEY,1,char,24,NULL,NULL,NO,NULL
dbo,BENEFIT_DATA_OBSOLETE,BENEFIT_NUMBER,2,char,16,NULL,NULL,YES,NULL
dbo,BENEFIT_DATA_OBSOLETE,PLAN_KEY,3,char,8,NULL,NULL,NO,NULL
dbo,BENEFIT_DATA_OBSOLETE,COPAY_KEY,4,char,12,NULL,NULL,NO,NULL
dbo,BENEFIT_DATA_OBSOLETE,BENEFIT_DESCRIPTION,5,char,30,NULL,NULL,YES,NULL
dbo,BENEFIT_DATA_OBSOLETE,BENEFIT_P_LIMIT,6,char,1,NULL,NULL,YES,NULL
dbo,BENEFIT_DATA_OBSOLETE,BENEFIT_LIMIT_MEMBER,7,char,2,NULL,NULL,YES,NULL
dbo,BENEFIT_DATA_OBSOLETE,BENEFIT_DEC,8,char,1,NULL,NULL,YES,NULL
dbo,BENEFIT_DATA_OBSOLETE,BENEFIT_PHYSICIAN_CODE,9,char,1,NULL,NULL,YES,NULL
dbo,BENEFIT_DATA_OBSOLETE,BENEFIT_ACTIVE,10,char,1,NULL,NULL,YES,NULL
dbo,BenefitData,BenefitKey,1,char,24,NULL,NULL,NO,NULL
dbo,BenefitData,BenefitNbr,2,varchar,16,NULL,NULL,YES,NULL
dbo,BenefitData,SponsorNbr,3,int,NULL,10,0,YES,NULL
dbo,BenefitData,SystemNbr,4,int,NULL,10,0,YES,NULL
dbo,BenefitData,Descr,5,varchar,30,NULL,NULL,YES,NULL
dbo,BenefitData,DrugCov,6,varchar,1,NULL,NULL,YES,NULL
dbo,BenefitData,Copay,7,int,NULL,10,0,YES,NULL
dbo,BenefitData,PlanNbr,8,varchar,8,NULL,NULL,YES,NULL
dbo,BenefitData,DepAgeLimit,9,int,NULL,10,0,YES,NULL
dbo,BenefitData,CollegeAgeLimit,10,int,NULL,10,0,YES,NULL
dbo,BenefitData,DisabilityAgeLimit,11,int,NULL,10,0,YES,NULL
dbo,BenefitData,SpecialAgeLimit,12,int,NULL,10,0,YES,NULL
dbo,BenefitData,LimitKind,13,varchar,1,NULL,NULL,YES,NULL
dbo,BenefitData,DeductCopay,14,int,NULL,10,0,YES,NULL
dbo,BenefitData,MaxCopay,15,int,NULL,10,0,YES,NULL
dbo,BenefitData,PhysCodeOpt,16,varchar,1,NULL,NULL,YES,NULL
dbo,BenefitData,DepEligOpt,17,varchar,1,NULL,NULL,YES,NULL
dbo,BenefitData,CardFlag,18,varchar,8,NULL,NULL,YES,NULL
dbo,BenefitData,CardsSingle,19,int,NULL,10,0,YES,NULL
dbo,BenefitData,CardsFamily,20,int,NULL,10,0,YES,NULL
dbo,BenefitData,CardTermPrint,21,varchar,1,NULL,NULL,YES,NULL
dbo,BenefitData,ValidBirthOpt,22,varchar,1,NULL,NULL,YES,NULL
dbo,BenefitData,Activity,23,varchar,1,NULL,NULL,YES,NULL
dbo,BenefitData,LimitMember,24,int,NULL,10,0,YES,NULL
dbo,BenefitData,MOPharm,25,int,NULL,10,0,YES,NULL
dbo,BenefitData,HCopay1,26,int,NULL,10,0,YES,NULL
dbo,BenefitData,HPlan1,27,varchar,8,NULL,NULL,YES,NULL
dbo,BenefitData,HLimitKind1,28,varchar,1,NULL,NULL,YES,NULL
dbo,BenefitData,HMOPharm1,29,int,NULL,10,0,YES,NULL
dbo,BenefitData,HDate1,30,datetime,NULL,NULL,NULL,YES,NULL
dbo,BenefitData,HMax1,31,int,NULL,10,0,YES,NULL
dbo,BenefitData,HDed1,32,int,NULL,10,0,YES,NULL
dbo,BenefitData,HCopay2,33,int,NULL,10,0,YES,NULL
dbo,BenefitData,HPlan2,34,varchar,8,NULL,NULL,YES,NULL
dbo,BenefitData,HLimitKind2,35,varchar,1,NULL,NULL,YES,NULL
dbo,BenefitData,HMOPharm2,36,int,NULL,10,0,YES,NULL
dbo,BenefitData,HDate2,37,datetime,NULL,NULL,NULL,YES,NULL
dbo,BenefitData,HMax2,38,int,NULL,10,0,YES,NULL
dbo,BenefitData,HDed2,39,int,NULL,10,0,YES,NULL
dbo,BenefitData,HCopay3,40,int,NULL,10,0,YES,NULL
dbo,BenefitData,HPlan3,41,varchar,8,NULL,NULL,YES,NULL
dbo,BenefitData,HLimitKind3,42,varchar,1,NULL,NULL,YES,NULL
dbo,BenefitData,HMOPharm3,43,int,NULL,10,0,YES,NULL
dbo,BenefitData,HDate3,44,datetime,NULL,NULL,NULL,YES,NULL
dbo,BenefitData,HMax3,45,int,NULL,10,0,YES,NULL
dbo,BenefitData,HDed3,46,int,NULL,10,0,YES,NULL
dbo,BenefitData,HCopay4,47,int,NULL,10,0,YES,NULL
dbo,BenefitData,HPlan4,48,varchar,8,NULL,NULL,YES,NULL
dbo,BenefitData,HLimitKind4,49,varchar,1,NULL,NULL,YES,NULL
dbo,BenefitData,HMOPharm4,50,int,NULL,10,0,YES,NULL
dbo,BenefitData,HDate4,51,datetime,NULL,NULL,NULL,YES,NULL
dbo,BenefitData,HMax4,52,int,NULL,10,0,YES,NULL
dbo,BenefitData,HDed4,53,int,NULL,10,0,YES,NULL
dbo,BenefitData,Formulary,54,varchar,1,NULL,NULL,YES,NULL
dbo,BenefitData,GenTabCopay1,55,int,NULL,10,0,YES,NULL
dbo,BenefitData,GenTabCopay2,56,int,NULL,10,0,YES,NULL
dbo,BenefitData,GenTabCopay3,57,int,NULL,10,0,YES,NULL
dbo,BenefitData,GenTabCopay4,58,int,NULL,10,0,YES,NULL
dbo,BenefitData,GenTabCopay5,59,int,NULL,10,0,YES,NULL
dbo,BenefitData,GenTabCopay6,60,int,NULL,10,0,YES,NULL
dbo,BenefitData,GenTabCopay7,61,int,NULL,10,0,YES,NULL
dbo,BenefitData,GenTabCopay8,62,int,NULL,10,0,YES,NULL
dbo,BenefitData,GenTabCopay9,63,int,NULL,10,0,YES,NULL
dbo,BenefitData,GenTabCopay10,64,int,NULL,10,0,YES,NULL
dbo,BenefitData,GenTabCopay11,65,int,NULL,10,0,YES,NULL
dbo,BenefitData,GenTabCopay12,66,int,NULL,10,0,YES,NULL
dbo,BenefitData,GenTabCopay13,67,int,NULL,10,0,YES,NULL
dbo,BenefitData,GenTabCopay14,68,int,NULL,10,0,YES,NULL
dbo,BenefitData,GenTabCopay15,69,int,NULL,10,0,YES,NULL
dbo,BenefitData,GenTabCopay16,70,int,NULL,10,0,YES,NULL
dbo,BenefitData,GenTabCopay17,71,int,NULL,10,0,YES,NULL
dbo,BenefitData,GenTabCopay18,72,int,NULL,10,0,YES,NULL
dbo,BenefitData,GenTabCopay19,73,int,NULL,10,0,YES,NULL
dbo,BenefitData,GenTabCopay20,74,int,NULL,10,0,YES,NULL
dbo,BenefitData,LimitMonths,75,int,NULL,10,0,YES,NULL
dbo,BenefitData,NetworkNbr1,76,int,NULL,10,0,YES,NULL
dbo,BenefitData,NetworkEffDate1,77,datetime,NULL,NULL,NULL,YES,NULL
dbo,BenefitData,NetworkTermDate1,78,datetime,NULL,NULL,NULL,YES,NULL
dbo,BenefitData,NetworkNbr2,79,int,NULL,10,0,YES,NULL
dbo,BenefitData,NetworkEffDate2,80,datetime,NULL,NULL,NULL,YES,NULL
dbo,BenefitData,NetworkTermDate2,81,datetime,NULL,NULL,NULL,YES,NULL
dbo,BenefitData,NetworkNbr3,82,int,NULL,10,0,YES,NULL
dbo,BenefitData,NetworkEffDate3,83,datetime,NULL,NULL,NULL,YES,NULL
dbo,BenefitData,NetworkTermDate3,84,datetime,NULL,NULL,NULL,YES,NULL
dbo,BenefitData,NetworkNbr4,85,int,NULL,10,0,YES,NULL
dbo,BenefitData,NetworkEffDate4,86,datetime,NULL,NULL,NULL,YES,NULL
dbo,BenefitData,NetworkTermDate4,87,datetime,NULL,NULL,NULL,YES,NULL
dbo,BenefitData,NetworkNbr5,88,int,NULL,10,0,YES,NULL
dbo,BenefitData,NetworkEffDate5,89,datetime,NULL,NULL,NULL,YES,NULL
dbo,BenefitData,NetworkTermDate5,90,datetime,NULL,NULL,NULL,YES,NULL
dbo,BenefitData,NetworkNbr6,91,int,NULL,10,0,YES,NULL
dbo,BenefitData,NetworkEffDate6,92,datetime,NULL,NULL,NULL,YES,NULL
dbo,BenefitData,NetworkTermDate6,93,datetime,NULL,NULL,NULL,YES,NULL
dbo,BenefitData,NetworkNbr7,94,int,NULL,10,0,YES,NULL
dbo,BenefitData,NetworkEffDate7,95,datetime,NULL,NULL,NULL,YES,NULL
dbo,BenefitData,NetworkTermDate7,96,datetime,NULL,NULL,NULL,YES,NULL
dbo,BenefitData,NetworkNbr8,97,int,NULL,10,0,YES,NULL
dbo,BenefitData,NetworkEffDate8,98,datetime,NULL,NULL,NULL,YES,NULL
dbo,BenefitData,NetworkTermDate8,99,datetime,NULL,NULL,NULL,YES,NULL
dbo,BenefitData,NetworkNbr9,100,int,NULL,10,0,YES,NULL
dbo,BenefitData,NetworkEffDate9,101,datetime,NULL,NULL,NULL,YES,NULL
dbo,BenefitData,NetworkTermDate9,102,datetime,NULL,NULL,NULL,YES,NULL
dbo,BenefitData,NetworkNbr10,103,int,NULL,10,0,YES,NULL
dbo,BenefitData,NetworkEffDate10,104,datetime,NULL,NULL,NULL,YES,NULL
dbo,BenefitData,NetworkTermDate10,105,datetime,NULL,NULL,NULL,YES,NULL
dbo,BenefitData,SponsorFlag,106,varchar,1,NULL,NULL,YES,NULL
dbo,BenefitData,TroopCopay,107,int,NULL,10,0,YES,NULL
dbo,BenefitData,MedLetter,108,varchar,20,NULL,NULL,YES,NULL
dbo,BenefitData,TroopHisCopay1,109,int,NULL,10,0,YES,NULL
dbo,BenefitData,TroopHisCopay2,110,int,NULL,10,0,YES,NULL
dbo,BenefitData,TroopHisCopay3,111,int,NULL,10,0,YES,NULL
dbo,BenefitData,TroopHisCopay4,112,int,NULL,10,0,YES,NULL
dbo,BenefitData,TierDesc,113,varchar,3,NULL,NULL,YES,NULL
dbo,BenefitData,AccumProcess,114,varchar,1,NULL,NULL,YES,NULL
dbo,BenefitData,POSTip,115,varchar,1,NULL,NULL,YES,NULL
dbo,BenefitData,SponsorChange,116,varchar,15,NULL,NULL,YES,NULL
dbo,BenefitData,MedINBAccumFlag,117,varchar,1,NULL,NULL,YES,NULL
dbo,BenefitData,AddID,118,varchar,15,NULL,NULL,YES,NULL
dbo,BenefitData,ChangeID,119,varchar,15,NULL,NULL,YES,NULL
dbo,BenefitData,EntryDate,120,datetime,NULL,NULL,NULL,YES,NULL
dbo,BenefitData,ChangeDate,121,datetime,NULL,NULL,NULL,YES,NULL
dbo,BenefitData,WarehouseLoadDate,122,datetime,NULL,NULL,NULL,YES,NULL
dbo,BenefitData,WarehouseChangeDate,123,datetime,NULL,NULL,NULL,YES,NULL
dbo,BinConfig,SystemNumber,1,int,NULL,10,0,NO,NULL
dbo,BinConfig,SponsorNumber,2,int,NULL,10,0,NO,NULL
dbo,BinConfig,GroupNumber,3,float,NULL,53,NULL,NO,NULL
dbo,BinConfig,BinNumber,4,varchar,10,NULL,NULL,NO,NULL
dbo,BinConfig,OtherCovCode,5,int,NULL,10,0,NO,NULL
dbo,BinConfig,IX,6,char,1,NULL,NULL,NO,NULL
dbo,BinConfig,SequenceNumber,7,int,NULL,10,0,NO,NULL
dbo,BinConfig,EffDate,8,datetime,NULL,NULL,NULL,YES,NULL
dbo,BinConfig,TermDate,9,datetime,NULL,NULL,NULL,YES,NULL
dbo,BinConfig,BinConfigType,10,varchar,12,NULL,NULL,YES,NULL
dbo,BinConfig,ValueType,11,varchar,20,NULL,NULL,YES,NULL
dbo,BinConfig,ExceptCode,12,int,NULL,10,0,YES,NULL
dbo,BinConfig,RejectCode,13,int,NULL,10,0,YES,NULL
dbo,BinConfig,PrimaryMsg,14,varchar,39,NULL,NULL,YES,NULL
dbo,BinConfig,SecondaryMsg,15,varchar,200,NULL,NULL,YES,NULL
dbo,BinConfig,AddID,16,varchar,15,NULL,NULL,YES,NULL
dbo,BinConfig,ChangeID,17,varchar,15,NULL,NULL,YES,NULL
dbo,BinConfig,AddDate,18,datetime,NULL,NULL,NULL,YES,NULL
dbo,BinConfig,ChangeDate,19,datetime,NULL,NULL,NULL,YES,NULL
dbo,BinConfig,WarehouseLoadDate,20,datetime,NULL,NULL,NULL,YES,NULL
dbo,BinConfig,WarehouseChangeDate,21,datetime,NULL,NULL,NULL,YES,NULL
dbo,BinTypeDescr,BinType,1,varchar,12,NULL,NULL,NO,NULL
dbo,BinTypeDescr,BinTypeDescr,2,varchar,50,NULL,NULL,YES,NULL
dbo,BinTypeDescr,AddDate,3,datetime,NULL,NULL,NULL,YES,NULL
dbo,BinTypeDescr,ChangeDate,4,datetime,NULL,NULL,NULL,YES,NULL
dbo,BinTypeDescr,WarehouseLoadDate,5,datetime,NULL,NULL,NULL,YES,NULL
dbo,BinTypeDescr,WarehouseChangeDate,6,datetime,NULL,NULL,NULL,YES,NULL
dbo,BrandBenefit,BrandBenefitID,1,varchar,20,NULL,NULL,NO,NULL
dbo,BrandBenefit,NDCGPI,2,varchar,14,NULL,NULL,NO,NULL
dbo,BrandBenefit,TerritoryID,3,varchar,8,NULL,NULL,NO,NULL
dbo,BrandBenefit,OthPayRejFound,4,varchar,4,NULL,NULL,NO,NULL
dbo,BrandBenefit,EffDate,5,datetime,NULL,NULL,NULL,NO,NULL
dbo,BrandBenefit,RedempCountMin,6,int,NULL,10,0,NO,NULL
dbo,BrandBenefit,RedempCountMax,7,int,NULL,10,0,NO,NULL
dbo,BrandBenefit,Cob,8,char,1,NULL,NULL,NO,NULL
dbo,BrandBenefit,DaysSupplyMin,9,int,NULL,10,0,NO,NULL
dbo,BrandBenefit,DaysSupplyMax,10,int,NULL,10,0,NO,NULL
dbo,BrandBenefit,MetQtyMin,11,decimal,NULL,18,3,NO,NULL
dbo,BrandBenefit,MetQtyMax,12,decimal,NULL,18,3,NO,NULL
dbo,BrandBenefit,Occurence,13,int,NULL,10,0,YES,NULL
dbo,BrandBenefit,Copay,14,decimal,NULL,18,2,YES,NULL
dbo,BrandBenefit,MaxClaimAmt,15,decimal,NULL,18,2,YES,NULL
dbo,BrandBenefit,TermDate,16,datetime,NULL,NULL,NULL,YES,NULL
dbo,BrandBenefit,AddDate,17,datetime,NULL,NULL,NULL,YES,NULL
dbo,BrandBenefit,ChangeDate,18,datetime,NULL,NULL,NULL,YES,NULL
dbo,BrandBenefit,MaxAWPWACPct,19,decimal,NULL,18,4,YES,NULL
dbo,BrandBenefit,AltReimbGenType,20,varchar,6,NULL,NULL,YES,NULL
dbo,BrandBenefit,WarehouseLoadDate,21,datetime,NULL,NULL,NULL,YES,NULL
dbo,BrandBenefit,WarehouseChangeDate,22,datetime,NULL,NULL,NULL,YES,NULL
dbo,BrandBenefit,PurgeStatus,23,int,NULL,10,0,YES,NULL
dbo,BrandBenefit,BenefitMsgFlag,24,char,1,NULL,NULL,YES,NULL
dbo,BrandChain,BrandChainID,1,varchar,20,NULL,NULL,NO,NULL
dbo,BrandChain,Chain,2,int,NULL,10,0,NO,NULL
dbo,BrandChain,NABP,3,int,NULL,10,0,NO,NULL
dbo,BrandChain,EffDate,4,datetime,NULL,NULL,NULL,YES,NULL
dbo,BrandChain,TermDate,5,datetime,NULL,NULL,NULL,YES,NULL
dbo,BrandChain,AddDate,6,datetime,NULL,NULL,NULL,YES,NULL
dbo,BrandChain,ChangeDate,7,datetime,NULL,NULL,NULL,YES,NULL
dbo,BrandChain,WarehouseLoadDate,8,datetime,NULL,NULL,NULL,YES,NULL
dbo,BrandChain,WarehouseChangeDate,9,datetime,NULL,NULL,NULL,YES,NULL
dbo,BrandConfig,BrandConfigID,1,varchar,20,NULL,NULL,NO,NULL
dbo,BrandConfig,EffDate,2,datetime,NULL,NULL,NULL,NO,NULL
dbo,BrandConfig,RedempRule,3,char,1,NULL,NULL,YES,NULL
dbo,BrandConfig,COBPrimary,4,char,1,NULL,NULL,YES,NULL
dbo,BrandConfig,COB3,5,char,1,NULL,NULL,YES,NULL
dbo,BrandConfig,COB8,6,char,1,NULL,NULL,YES,NULL
dbo,BrandConfig,DaysSupply,7,char,1,NULL,NULL,YES,NULL
dbo,BrandConfig,MetQty,8,char,1,NULL,NULL,YES,NULL
dbo,BrandConfig,ZipState,9,char,1,NULL,NULL,YES,NULL
dbo,BrandConfig,PharmRule,10,char,1,NULL,NULL,YES,NULL
dbo,BrandConfig,BackBill,11,char,1,NULL,NULL,YES,NULL
dbo,BrandConfig,BackBillDate,12,datetime,NULL,NULL,NULL,YES,NULL
dbo,BrandConfig,Srts,13,char,1,NULL,NULL,YES,NULL
dbo,BrandConfig,QtyRules,14,char,1,NULL,NULL,YES,NULL
dbo,BrandConfig,CopayMaxBenMult,15,char,1,NULL,NULL,YES,NULL
dbo,BrandConfig,NDCGPIFlag,16,char,1,NULL,NULL,YES,NULL
dbo,BrandConfig,MinCopay,17,char,1,NULL,NULL,YES,NULL
dbo,BrandConfig,LimitsApply,18,char,1,NULL,NULL,YES,NULL
dbo,BrandConfig,Skip212Reject,19,char,1,NULL,NULL,YES,NULL
dbo,BrandConfig,Reject275Applies,20,char,1,NULL,NULL,YES,NULL
dbo,BrandConfig,COBLogic,21,char,1,NULL,NULL,YES,NULL
dbo,BrandConfig,Skip232Reject,22,char,1,NULL,NULL,YES,NULL
dbo,BrandConfig,MassRestrictFlag,23,char,1,NULL,NULL,YES,NULL
dbo,BrandConfig,AddDate,24,datetime,NULL,NULL,NULL,YES,NULL
dbo,BrandConfig,ChangeDate,25,datetime,NULL,NULL,NULL,YES,NULL
dbo,BrandConfig,TermDate,26,datetime,NULL,NULL,NULL,YES,NULL
dbo,BrandConfig,WarehouseLoadDate,27,datetime,NULL,NULL,NULL,YES,NULL
dbo,BrandConfig,WarehouseChangeDate,28,datetime,NULL,NULL,NULL,YES,NULL
dbo,BrandConfig,TitrationRulesApply,29,char,1,NULL,NULL,YES,NULL
dbo,BrandConfig,MaxClaimAmtType,30,char,1,NULL,NULL,YES,NULL
dbo,BrandConfig,GRXSponsor,31,int,NULL,10,0,YES,NULL
dbo,BrandConfig,GRXGT,32,int,NULL,10,0,YES,NULL
dbo,BrandConfig,OthPayRejRulesApply,33,char,1,NULL,NULL,YES,NULL
dbo,BrandConfig,Reject2236Flag,34,char,1,NULL,NULL,YES,NULL
dbo,BrandConfig,PurgeStatus,35,int,NULL,10,0,YES,NULL
dbo,BrandConfig,GRXCopayOverFlag,36,char,1,NULL,NULL,YES,NULL
dbo,BrandConfig,FixCopayApply,37,char,1,NULL,NULL,YES,NULL
dbo,BrandIDOthPayRej,BrandRejID,1,varchar,20,NULL,NULL,NO,NULL
dbo,BrandIDOthPayRej,NABP,2,int,NULL,10,0,NO,NULL
dbo,BrandIDOthPayRej,EffDate,3,datetime,NULL,NULL,NULL,YES,NULL
dbo,BrandIDOthPayRej,TermDate,4,datetime,NULL,NULL,NULL,YES,NULL
dbo,BrandIDOthPayRej,RejectCode1,5,varchar,4,NULL,NULL,YES,NULL
dbo,BrandIDOthPayRej,RejectCode2,6,varchar,4,NULL,NULL,YES,NULL
dbo,BrandIDOthPayRej,RejectCode3,7,varchar,4,NULL,NULL,YES,NULL
dbo,BrandIDOthPayRej,RejectCode4,8,varchar,4,NULL,NULL,YES,NULL
dbo,BrandIDOthPayRej,RejectCode5,9,varchar,4,NULL,NULL,YES,NULL
dbo,BrandIDOthPayRej,RejectCode6,10,varchar,4,NULL,NULL,YES,NULL
dbo,BrandIDOthPayRej,RejectCode7,11,varchar,4,NULL,NULL,YES,NULL
dbo,BrandIDOthPayRej,RejectCode8,12,varchar,4,NULL,NULL,YES,NULL
dbo,BrandIDOthPayRej,RejectCode9,13,varchar,4,NULL,NULL,YES,NULL
dbo,BrandIDOthPayRej,RejectCode10,14,varchar,4,NULL,NULL,YES,NULL
dbo,BrandIDOthPayRej,RejectCode11,15,varchar,4,NULL,NULL,YES,NULL
dbo,BrandIDOthPayRej,RejectCode12,16,varchar,4,NULL,NULL,YES,NULL
dbo,BrandIDOthPayRej,RejectCode13,17,varchar,4,NULL,NULL,YES,NULL
dbo,BrandIDOthPayRej,RejectCode14,18,varchar,4,NULL,NULL,YES,NULL
dbo,BrandIDOthPayRej,RejectCode15,19,varchar,4,NULL,NULL,YES,NULL
dbo,BrandIDOthPayRej,RejectCode16,20,varchar,4,NULL,NULL,YES,NULL
dbo,BrandIDOthPayRej,RejectCode17,21,varchar,4,NULL,NULL,YES,NULL
dbo,BrandIDOthPayRej,RejectCode18,22,varchar,4,NULL,NULL,YES,NULL
dbo,BrandIDOthPayRej,RejectCode19,23,varchar,4,NULL,NULL,YES,NULL
dbo,BrandIDOthPayRej,RejectCode20,24,varchar,4,NULL,NULL,YES,NULL
dbo,BrandIDOthPayRej,RejectCode21,25,varchar,4,NULL,NULL,YES,NULL
dbo,BrandIDOthPayRej,RejectCode22,26,varchar,4,NULL,NULL,YES,NULL
dbo,BrandIDOthPayRej,RejectCode23,27,varchar,4,NULL,NULL,YES,NULL
dbo,BrandIDOthPayRej,RejectCode24,28,varchar,4,NULL,NULL,YES,NULL
dbo,BrandIDOthPayRej,RejectCode25,29,varchar,4,NULL,NULL,YES,NULL
dbo,BrandIDOthPayRej,RejectCode26,30,varchar,4,NULL,NULL,YES,NULL
dbo,BrandIDOthPayRej,RejectCode27,31,varchar,4,NULL,NULL,YES,NULL
dbo,BrandIDOthPayRej,RejectCode28,32,varchar,4,NULL,NULL,YES,NULL
dbo,BrandIDOthPayRej,RejectCode29,33,varchar,4,NULL,NULL,YES,NULL
dbo,BrandIDOthPayRej,RejectCode30,34,varchar,4,NULL,NULL,YES,NULL
dbo,BrandIDOthPayRej,RejectCode31,35,varchar,4,NULL,NULL,YES,NULL
dbo,BrandIDOthPayRej,RejectCode32,36,varchar,4,NULL,NULL,YES,NULL
dbo,BrandIDOthPayRej,RejectCode33,37,varchar,4,NULL,NULL,YES,NULL
dbo,BrandIDOthPayRej,RejectCode34,38,varchar,4,NULL,NULL,YES,NULL
dbo,BrandIDOthPayRej,RejectCode35,39,varchar,4,NULL,NULL,YES,NULL
dbo,BrandIDOthPayRej,RejectCode36,40,varchar,4,NULL,NULL,YES,NULL
dbo,BrandIDOthPayRej,RejectCode37,41,varchar,4,NULL,NULL,YES,NULL
dbo,BrandIDOthPayRej,RejectCode38,42,varchar,4,NULL,NULL,YES,NULL
dbo,BrandIDOthPayRej,RejectCode39,43,varchar,4,NULL,NULL,YES,NULL
dbo,BrandIDOthPayRej,RejectCode40,44,varchar,4,NULL,NULL,YES,NULL
dbo,BrandIDOthPayRej,RejectCode41,45,varchar,4,NULL,NULL,YES,NULL
dbo,BrandIDOthPayRej,RejectCode42,46,varchar,4,NULL,NULL,YES,NULL
dbo,BrandIDOthPayRej,RejectCode43,47,varchar,4,NULL,NULL,YES,NULL
dbo,BrandIDOthPayRej,RejectCode44,48,varchar,4,NULL,NULL,YES,NULL
dbo,BrandIDOthPayRej,RejectCode45,49,varchar,4,NULL,NULL,YES,NULL
dbo,BrandIDOthPayRej,RejectCode46,50,varchar,4,NULL,NULL,YES,NULL
dbo,BrandIDOthPayRej,RejectCode47,51,varchar,4,NULL,NULL,YES,NULL
dbo,BrandIDOthPayRej,RejectCode48,52,varchar,4,NULL,NULL,YES,NULL
dbo,BrandIDOthPayRej,RejectCode49,53,varchar,4,NULL,NULL,YES,NULL
dbo,BrandIDOthPayRej,RejectCode50,54,varchar,4,NULL,NULL,YES,NULL
dbo,BrandIDOthPayRej,NetworkIncludeFlag,55,char,1,NULL,NULL,YES,NULL
dbo,BrandIDOthPayRej,AddID,56,varchar,15,NULL,NULL,YES,NULL
dbo,BrandIDOthPayRej,ChangeID,57,varchar,15,NULL,NULL,YES,NULL
dbo,BrandIDOthPayRej,AddDate,58,datetime,NULL,NULL,NULL,YES,NULL
dbo,BrandIDOthPayRej,ChangeDate,59,datetime,NULL,NULL,NULL,YES,NULL
dbo,BrandIDOthPayRej,WarehouseLoadDate,60,datetime,NULL,NULL,NULL,YES,NULL
dbo,BrandIDOthPayRej,WarehouseChangeDate,61,datetime,NULL,NULL,NULL,YES,NULL
dbo,BrandZip,BrandZipID,1,varchar,20,NULL,NULL,NO,NULL
dbo,BrandZip,Zip5,2,char,5,NULL,NULL,NO,NULL
dbo,BrandZip,Zip4,3,char,4,NULL,NULL,NO,NULL
dbo,BrandZip,State,4,char,2,NULL,NULL,NO,NULL
dbo,BrandZip,TerritoryID,5,varchar,8,NULL,NULL,YES,NULL
dbo,BrandZip,EffDate,6,datetime,NULL,NULL,NULL,YES,NULL
dbo,BrandZip,TermDate,7,datetime,NULL,NULL,NULL,YES,NULL
dbo,BrandZip,AddDate,8,datetime,NULL,NULL,NULL,YES,NULL
dbo,BrandZip,ChangeDate,9,datetime,NULL,NULL,NULL,YES,NULL
dbo,BrandZip,WarehouseLoadDate,10,datetime,NULL,NULL,NULL,YES,NULL
dbo,BrandZip,WarehouseChangeDate,11,datetime,NULL,NULL,NULL,YES,NULL
dbo,Breakout,RowLabels,1,varchar,40,NULL,NULL,YES,NULL
dbo,Breakout,Chain_Name,2,varchar,35,NULL,NULL,YES,NULL
dbo,Breakout,GROUP_NUMBER,3,float,NULL,53,NULL,NO,NULL
dbo,Breakout,GROUP_NAME,4,char,30,NULL,NULL,YES,NULL
dbo,Breakout,BROKER,5,varchar,12,NULL,NULL,YES,NULL
dbo,Breakout,ALT_GROUP_NUMBER,6,char,20,NULL,NULL,YES,NULL
dbo,Breakout,MASTER_GROUP_NAME,7,varchar,30,NULL,NULL,YES,NULL
dbo,Breakout,MASTER_GROUP,8,int,NULL,10,0,YES,NULL
dbo,Breakout,concat2,9,varchar,65,NULL,NULL,YES,NULL
dbo,Breakout,Claim_Count1,10,int,NULL,10,0,YES,NULL
dbo,Breakout,Invoiced Claims,11,int,NULL,10,0,YES,NULL
dbo,Breakout,UCR Claims,12,int,NULL,10,0,YES,NULL
dbo,Breakout,Un-Collected Claims,13,int,NULL,10,0,YES,NULL
dbo,Breakout,Un-Collected Reversal Claims,14,int,NULL,10,0,YES,NULL
dbo,Breakout,Amount_Paid_Total,15,decimal,NULL,38,2,YES,NULL
dbo,CARDH81,YEAR_MONTH,1,int,NULL,10,0,NO,NULL
dbo,CARDH81,SYSTEM,2,int,NULL,10,0,NO,NULL
dbo,CARDH81,SPONSOR,3,int,NULL,10,0,NO,NULL
dbo,CARDH81,MASTER_GROUP_NUMBER,4,int,NULL,10,0,NO,NULL
dbo,CARDH81,GENDER,5,char,1,NULL,NULL,NO,NULL
dbo,CARDH81,AGE_RANGE,6,char,4,NULL,NULL,NO,NULL
dbo,CARDH81,COVERAGE,7,char,1,NULL,NULL,NO,NULL
dbo,CARDH81,RELATIONSHIP,8,char,1,NULL,NULL,NO,NULL
dbo,CARDH81,MEMBERS_ENROLLED,9,decimal,NULL,12,2,YES,NULL
dbo,CARDH81,MEMBERS_UTILIZING,10,decimal,NULL,12,0,YES,NULL
dbo,CARDH81,CLAIMS,11,decimal,NULL,12,0,YES,NULL
dbo,CARDH81,COPAY,12,decimal,NULL,12,2,YES,NULL
dbo,CARDH81,AMOUNT_PAID,13,decimal,NULL,12,2,YES,NULL
dbo,CARDH81,DAYS_SUPPLY,14,decimal,NULL,12,0,YES,NULL
dbo,CARDH81,GENERIC_CLAIMS,15,decimal,NULL,12,0,YES,NULL
dbo,CARDH81,MAIL_ORDER_CLAIMS,16,decimal,NULL,12,0,YES,NULL
dbo,CARDHOLDER_DATA,CARDHOLDER_KEY,1,char,20,NULL,NULL,NO,NULL
dbo,CARDHOLDER_DATA,CARDHOLDER_NUMBER,2,char,10,NULL,NULL,YES,NULL
dbo,CARDHOLDER_DATA,MEMBER_NUMBER,3,char,2,NULL,NULL,YES,NULL
dbo,CARDHOLDER_DATA,ALT_CARDHOLDER_NUMBER,4,char,13,NULL,NULL,YES,NULL
dbo,CARDHOLDER_DATA,FIRST_NAME,5,char,15,NULL,NULL,YES,NULL
dbo,CARDHOLDER_DATA,MIDDLE_INITIAL,6,char,1,NULL,NULL,YES,NULL
dbo,CARDHOLDER_DATA,BIRTH_DATE,7,datetime,NULL,NULL,NULL,YES,NULL
dbo,CARDHOLDER_DATA,SEX,8,char,1,NULL,NULL,YES,NULL
dbo,CARDHOLDER_DATA,RELATIONSHIP_CODE,9,char,1,NULL,NULL,YES,NULL
dbo,CARDHOLDER_DATA,CITY,10,char,20,NULL,NULL,YES,NULL
dbo,CARDHOLDER_DATA,STATE,11,char,2,NULL,NULL,YES,NULL
dbo,CARDHOLDER_DATA,ZIP,12,int,NULL,10,0,YES,NULL
dbo,CARDHOLDER_DATA,GRP_1,13,float,NULL,53,NULL,YES,NULL
dbo,CARDHOLDER_DATA,EFF_DATE_1,14,datetime,NULL,NULL,NULL,YES,NULL
dbo,CARDHOLDER_DATA,TER_DATE_1,15,datetime,NULL,NULL,NULL,YES,NULL
dbo,CARDHOLDER_DATA,COVERAGE_TYPE_1,16,char,1,NULL,NULL,YES,NULL
dbo,CARDHOLDER_DATA,COBRA_FLAG_1,17,char,1,NULL,NULL,YES,NULL
dbo,CARDHOLDER_DATA,LAST_NAME,18,char,20,NULL,NULL,YES,NULL
dbo,CARDHOLDER_DATA,STREET_1,19,char,40,NULL,NULL,YES,NULL
dbo,CARDHOLDER_DATA,STREET_2,20,char,40,NULL,NULL,YES,NULL
dbo,CARDHOLDER_DATA,SPON_NUMBER,21,int,NULL,10,0,YES,NULL
dbo,CARDHOLDER_DATA,CARD_NUMBER_ON_CARD,22,char,20,NULL,NULL,YES,NULL
dbo,CARDHOLDER_DATA,EOB_PRODUCTION,23,char,1,NULL,NULL,YES,NULL
dbo,CARDHOLDER_DATA,GRP_2,24,float,NULL,53,NULL,YES,NULL
dbo,CARDHOLDER_DATA,EFF_DATE_2,25,datetime,NULL,NULL,NULL,YES,NULL
dbo,CARDHOLDER_DATA,TER_DATE_2,26,datetime,NULL,NULL,NULL,YES,NULL
dbo,CARDHOLDER_DATA,COVERAGE_TYPE_2,27,char,1,NULL,NULL,YES,NULL
dbo,CARDHOLDER_DATA,COBRA_FLAG_2,28,char,1,NULL,NULL,YES,NULL
dbo,CARDHOLDER_DATA,GRP_3,29,float,NULL,53,NULL,YES,NULL
dbo,CARDHOLDER_DATA,EFF_DATE_3,30,datetime,NULL,NULL,NULL,YES,NULL
dbo,CARDHOLDER_DATA,TER_DATE_3,31,datetime,NULL,NULL,NULL,YES,NULL
dbo,CARDHOLDER_DATA,COVERAGE_TYPE_3,32,char,1,NULL,NULL,YES,NULL
dbo,CARDHOLDER_DATA,COBRA_FLAG_3,33,char,1,NULL,NULL,YES,NULL
dbo,CARDHOLDER_DATA,GRP_4,34,float,NULL,53,NULL,YES,NULL
dbo,CARDHOLDER_DATA,EFF_DATE_4,35,datetime,NULL,NULL,NULL,YES,NULL
dbo,CARDHOLDER_DATA,TER_DATE_4,36,datetime,NULL,NULL,NULL,YES,NULL
dbo,CARDHOLDER_DATA,COVERAGE_TYPE_4,37,char,1,NULL,NULL,YES,NULL
dbo,CARDHOLDER_DATA,COBRA_FLAG_4,38,char,1,NULL,NULL,YES,NULL
dbo,CARDHOLDER_DATA,GRP_5,39,float,NULL,53,NULL,YES,NULL
dbo,CARDHOLDER_DATA,EFF_DATE_5,40,datetime,NULL,NULL,NULL,YES,NULL
dbo,CARDHOLDER_DATA,TER_DATE_5,41,datetime,NULL,NULL,NULL,YES,NULL
dbo,CARDHOLDER_DATA,COVERAGE_TYPE_5,42,char,1,NULL,NULL,YES,NULL
dbo,CARDHOLDER_DATA,COBRA_FLAG_5,43,char,1,NULL,NULL,YES,NULL
dbo,CARDHOLDER_DATA,GRP_6,44,float,NULL,53,NULL,YES,NULL
dbo,CARDHOLDER_DATA,EFF_DATE_6,45,datetime,NULL,NULL,NULL,YES,NULL
dbo,CARDHOLDER_DATA,TER_DATE_6,46,datetime,NULL,NULL,NULL,YES,NULL
dbo,CARDHOLDER_DATA,COVERAGE_TYPE_6,47,char,1,NULL,NULL,YES,NULL
dbo,CARDHOLDER_DATA,COBRA_FLAG_6,48,char,1,NULL,NULL,YES,NULL
dbo,CARDHOLDER_DATA,GRP_7,49,float,NULL,53,NULL,YES,NULL
dbo,CARDHOLDER_DATA,EFF_DATE_7,50,datetime,NULL,NULL,NULL,YES,NULL
dbo,CARDHOLDER_DATA,TER_DATE_7,51,datetime,NULL,NULL,NULL,YES,NULL
dbo,CARDHOLDER_DATA,COVERAGE_TYPE_7,52,char,1,NULL,NULL,YES,NULL
dbo,CARDHOLDER_DATA,COBRA_FLAG_7,53,char,1,NULL,NULL,YES,NULL
dbo,CARDHOLDER_DATA,GRP_8,54,float,NULL,53,NULL,YES,NULL
dbo,CARDHOLDER_DATA,EFF_DATE_8,55,datetime,NULL,NULL,NULL,YES,NULL
dbo,CARDHOLDER_DATA,TER_DATE_8,56,datetime,NULL,NULL,NULL,YES,NULL
dbo,CARDHOLDER_DATA,COVERAGE_TYPE_8,57,char,1,NULL,NULL,YES,NULL
dbo,CARDHOLDER_DATA,COBRA_FLAG_8,58,char,1,NULL,NULL,YES,NULL
dbo,CARDHOLDER_DATA,GRP_9,59,float,NULL,53,NULL,YES,NULL
dbo,CARDHOLDER_DATA,EFF_DATE_9,60,datetime,NULL,NULL,NULL,YES,NULL
dbo,CARDHOLDER_DATA,TER_DATE_9,61,datetime,NULL,NULL,NULL,YES,NULL
dbo,CARDHOLDER_DATA,COVERAGE_TYPE_9,62,char,1,NULL,NULL,YES,NULL
dbo,CARDHOLDER_DATA,COBRA_FLAG_9,63,char,1,NULL,NULL,YES,NULL
dbo,CARDHOLDER_DATA,GRP_10,64,float,NULL,53,NULL,YES,NULL
dbo,CARDHOLDER_DATA,EFF_DATE_10,65,datetime,NULL,NULL,NULL,YES,NULL
dbo,CARDHOLDER_DATA,TER_DATE_10,66,datetime,NULL,NULL,NULL,YES,NULL
dbo,CARDHOLDER_DATA,COVERAGE_TYPE_10,67,char,1,NULL,NULL,YES,NULL
dbo,CARDHOLDER_DATA,COBRA_FLAG_10,68,char,1,NULL,NULL,YES,NULL
dbo,CARDHOLDER_DATA,PURGE_STATUS,69,int,NULL,10,0,YES,NULL
dbo,CARDHOLDER_DATA,MANUAL_CHANGE_DATE,70,datetime,NULL,NULL,NULL,YES,NULL
dbo,CARDHOLDER_DATA,FILE_CHANGE_DATE,71,datetime,NULL,NULL,NULL,YES,NULL
dbo,CARDHOLDER_DATA,DATA_ERROR_MESSAGE,72,varchar,150,NULL,NULL,YES,NULL
dbo,CARDHOLDER_DATA,TEAM_MEMBER,73,varchar,4,NULL,NULL,YES,NULL
dbo,CARDHOLDER_DATA,ZIP_4,74,int,NULL,10,0,YES,NULL
dbo,CARDHOLDER_DATA,PHYSICIAN_LOCK,75,varchar,1,NULL,NULL,YES,NULL
dbo,CARDHOLDER_DATA,INSURANCE_CARRIER,76,int,NULL,10,0,YES,NULL
dbo,CARDHOLDER_DATA,ROLL_DATE_1,77,datetime,NULL,NULL,NULL,YES,NULL
dbo,CARDHOLDER_DATA,ROLL_DATE_2,78,datetime,NULL,NULL,NULL,YES,NULL
dbo,CARDHOLDER_DATA,ROLL_DATE_3,79,datetime,NULL,NULL,NULL,YES,NULL
dbo,CARDHOLDER_DATA,NO_UPDATE,80,varchar,1,NULL,NULL,YES,NULL
dbo,CARDHOLDER_DATA,CWA_SOJ,81,varchar,2,NULL,NULL,YES,NULL
dbo,CARDHOLDER_DATA,MEDICARE_MEMBER,82,char,1,NULL,NULL,YES,NULL
dbo,CARDHOLDER_DATA,WarehouseLoadDate,83,datetime,NULL,NULL,NULL,YES,NULL
dbo,CARDHOLDER_DATA,WarehouseChangeDate,84,datetime,NULL,NULL,NULL,YES,NULL
dbo,CARDHOLDER_DATA,WellnessFlag,85,char,1,NULL,NULL,YES,NULL
dbo,CARDHOLDER_DATA,MedicalID,86,varchar,20,NULL,NULL,YES,NULL
dbo,CARDHOLDER_DATA,SSN,87,varchar,9,NULL,NULL,YES,NULL
dbo,CardholderBin,CardholderKey,1,char,20,NULL,NULL,NO,NULL
dbo,CardholderBin,CardholderNumber,2,char,10,NULL,NULL,YES,NULL
dbo,CardholderBin,MemberNumber,3,char,2,NULL,NULL,YES,NULL
dbo,CardholderBin,SponsorNumber,4,int,NULL,10,0,YES,NULL
dbo,CardholderBin,EffDate1,5,datetime,NULL,NULL,NULL,YES,NULL
dbo,CardholderBin,TermDate1,6,datetime,NULL,NULL,NULL,YES,NULL
dbo,CardholderBin,Bin1_1,7,varchar,8,NULL,NULL,YES,NULL
dbo,CardholderBin,Bin2_1,8,varchar,8,NULL,NULL,YES,NULL
dbo,CardholderBin,Bin3_1,9,varchar,8,NULL,NULL,YES,NULL
dbo,CardholderBin,Bin4_1,10,varchar,8,NULL,NULL,YES,NULL
dbo,CardholderBin,Bin5_1,11,varchar,8,NULL,NULL,YES,NULL
dbo,CardholderBin,EffDate2,12,datetime,NULL,NULL,NULL,YES,NULL
dbo,CardholderBin,TermDate2,13,datetime,NULL,NULL,NULL,YES,NULL
dbo,CardholderBin,Bin1_2,14,varchar,8,NULL,NULL,YES,NULL
dbo,CardholderBin,Bin2_2,15,varchar,8,NULL,NULL,YES,NULL
dbo,CardholderBin,Bin3_2,16,varchar,8,NULL,NULL,YES,NULL
dbo,CardholderBin,Bin4_2,17,varchar,8,NULL,NULL,YES,NULL
dbo,CardholderBin,Bin5_2,18,varchar,8,NULL,NULL,YES,NULL
dbo,CardholderBin,EffDate3,19,datetime,NULL,NULL,NULL,YES,NULL
dbo,CardholderBin,TermDate3,20,datetime,NULL,NULL,NULL,YES,NULL
dbo,CardholderBin,Bin1_3,21,varchar,8,NULL,NULL,YES,NULL
dbo,CardholderBin,Bin2_3,22,varchar,8,NULL,NULL,YES,NULL
dbo,CardholderBin,Bin3_3,23,varchar,8,NULL,NULL,YES,NULL
dbo,CardholderBin,Bin4_3,24,varchar,8,NULL,NULL,YES,NULL
dbo,CardholderBin,Bin5_3,25,varchar,8,NULL,NULL,YES,NULL
dbo,CardholderBin,EffDate4,26,datetime,NULL,NULL,NULL,YES,NULL
dbo,CardholderBin,TermDate4,27,datetime,NULL,NULL,NULL,YES,NULL
dbo,CardholderBin,Bin1_4,28,varchar,8,NULL,NULL,YES,NULL
dbo,CardholderBin,Bin2_4,29,varchar,8,NULL,NULL,YES,NULL
dbo,CardholderBin,Bin3_4,30,varchar,8,NULL,NULL,YES,NULL
dbo,CardholderBin,Bin4_4,31,varchar,8,NULL,NULL,YES,NULL
dbo,CardholderBin,Bin5_4,32,varchar,8,NULL,NULL,YES,NULL
dbo,CardholderBin,EffDate5,33,datetime,NULL,NULL,NULL,YES,NULL
dbo,CardholderBin,TermDate5,34,datetime,NULL,NULL,NULL,YES,NULL
dbo,CardholderBin,Bin1_5,35,varchar,8,NULL,NULL,YES,NULL
dbo,CardholderBin,Bin2_5,36,varchar,8,NULL,NULL,YES,NULL
dbo,CardholderBin,Bin3_5,37,varchar,8,NULL,NULL,YES,NULL
dbo,CardholderBin,Bin4_5,38,varchar,8,NULL,NULL,YES,NULL
dbo,CardholderBin,Bin5_5,39,varchar,8,NULL,NULL,YES,NULL
dbo,CardholderBin,AddID,40,varchar,15,NULL,NULL,YES,NULL
dbo,CardholderBin,ChangeID,41,varchar,15,NULL,NULL,YES,NULL
dbo,CardholderBin,AddDate,42,datetime,NULL,NULL,NULL,YES,NULL
dbo,CardholderBin,ChangeDate,43,datetime,NULL,NULL,NULL,YES,NULL
dbo,CardholderBin,WarehouseLoadDate,44,datetime,NULL,NULL,NULL,YES,NULL
dbo,CardholderBin,WarehouseChangeDate,45,datetime,NULL,NULL,NULL,YES,NULL
dbo,CardholderRestack,CardholderNumber,1,char,10,NULL,NULL,NO,NULL
dbo,CardholderRestack,MemberNumber,2,char,2,NULL,NULL,NO,NULL
dbo,CardholderRestack,SponsorNumber,3,int,NULL,10,0,NO,NULL
dbo,CardholderRestack,RecordType,4,char,8,NULL,NULL,NO,NULL
dbo,CardholderRestack,AccumReport,5,char,1,NULL,NULL,NO,NULL
dbo,CardholderRestack,COB,6,char,1,NULL,NULL,NO,NULL
dbo,CardholderRestack,Eligibility,7,char,1,NULL,NULL,NO,NULL
dbo,CardholderRestack,FIR,8,char,1,NULL,NULL,NO,NULL
dbo,CardholderRestack,N1,9,char,1,NULL,NULL,NO,NULL
dbo,CardholderRestack,PDEReject,10,char,1,NULL,NULL,NO,NULL
dbo,CardholderRestack,Reversal,11,char,1,NULL,NULL,NO,NULL
dbo,CardholderRestack,Troop,12,char,1,NULL,NULL,NO,NULL
dbo,CardholderRestack,Event1,13,char,1,NULL,NULL,NO,NULL
dbo,CardholderRestack,Event2,14,char,1,NULL,NULL,NO,NULL
dbo,CardholderRestack,StartFromDate,15,datetime,NULL,NULL,NULL,YES,NULL
dbo,CardholderRestack,DateRestack,16,datetime,NULL,NULL,NULL,YES,NULL
dbo,CardholderRestack,RestackStatus,17,char,1,NULL,NULL,NO,NULL
dbo,CardholderRestack,TriggerClaimKey,18,char,14,NULL,NULL,NO,NULL
dbo,CardholderRestack,TroopBeforeRestack,19,decimal,NULL,18,2,NO,NULL
dbo,CardholderRestack,TroopAfterRestack,20,decimal,NULL,18,2,NO,NULL
dbo,CardholderRestack,TDSBeforeRestack,21,decimal,NULL,18,2,NO,NULL
dbo,CardholderRestack,TDSAfterRestack,22,decimal,NULL,18,2,NO,NULL
dbo,CardholderRestack,AccumReportDate,23,datetime,NULL,NULL,NULL,YES,NULL
dbo,CardholderRestack,CopayBefore,24,decimal,NULL,18,2,NO,NULL
dbo,CardholderRestack,CopayAfter,25,decimal,NULL,18,2,NO,NULL
dbo,CardholderRestack,AddDateGroup,26,datetime,NULL,NULL,NULL,YES,NULL
dbo,CardholderRestack,ChgDateGroup,27,datetime,NULL,NULL,NULL,YES,NULL
dbo,CardholderRestack,Notes1,28,varchar,60,NULL,NULL,YES,NULL
dbo,CardholderRestack,Notes2,29,varchar,60,NULL,NULL,YES,NULL
dbo,CardIDToGroupCross,SponsorNumber,1,int,NULL,10,0,NO,NULL
dbo,CardIDToGroupCross,StaticCardID,2,varchar,18,NULL,NULL,NO,NULL
dbo,CardIDToGroupCross,SequenceNumber,3,int,NULL,10,0,NO,NULL
dbo,CardIDToGroupCross,GroupNumber,4,float,NULL,53,NULL,YES,NULL
dbo,CardIDToGroupCross,EffDate,5,datetime,NULL,NULL,NULL,YES,NULL
dbo,CardIDToGroupCross,TermDate,6,datetime,NULL,NULL,NULL,YES,NULL
dbo,CardIDToGroupCross,AddID,7,varchar,15,NULL,NULL,YES,NULL
dbo,CardIDToGroupCross,ChangeID,8,varchar,15,NULL,NULL,YES,NULL
dbo,CardIDToGroupCross,AddDate,9,datetime,NULL,NULL,NULL,YES,NULL
dbo,CardIDToGroupCross,ChangeDate,10,datetime,NULL,NULL,NULL,YES,NULL
dbo,CardIDToGroupCross,WarehouseLoadDate,11,datetime,NULL,NULL,NULL,YES,NULL
dbo,CardIDToGroupCross,WarehouseChangeDate,12,datetime,NULL,NULL,NULL,YES,NULL
dbo,CardRange,GroupNumber,1,float,NULL,53,NULL,NO,NULL
dbo,CardRange,Occurence,2,int,NULL,10,0,NO,NULL
dbo,CardRange,RecordType,3,char,1,NULL,NULL,NO,NULL
dbo,CardRange,StartIDRange,4,char,20,NULL,NULL,YES,NULL
dbo,CardRange,StopIDRange,5,char,20,NULL,NULL,YES,NULL
dbo,CardRange,CDV,6,char,5,NULL,NULL,YES,NULL
dbo,CardRange,EffDate,7,datetime,NULL,NULL,NULL,YES,NULL
dbo,CardRange,TermDate,8,datetime,NULL,NULL,NULL,YES,NULL
dbo,CardRange,PDMGroupNumber,9,float,NULL,53,NULL,YES,NULL
dbo,CardRange,MemberNumber,10,char,2,NULL,NULL,YES,NULL
dbo,CardRange,CallToActivate,11,char,1,NULL,NULL,YES,NULL
dbo,CardRange,CallToActPhone,12,char,12,NULL,NULL,YES,NULL
dbo,CardRange,PAFlag,13,char,1,NULL,NULL,YES,NULL
dbo,CardRange,PAPhoneNumber,14,char,12,NULL,NULL,YES,NULL
dbo,CardRange,LastNumUsedNumless,15,char,20,NULL,NULL,YES,NULL
dbo,CardRange,NumlessEffFlag,16,char,1,NULL,NULL,YES,NULL
dbo,CardRange,NumlessEffDays,17,int,NULL,10,0,YES,NULL
dbo,CardRange,NumlessTerFlag,18,char,1,NULL,NULL,YES,NULL
dbo,CardRange,NumlessTerDays,19,int,NULL,10,0,YES,NULL
dbo,CardRange,Numless1000RemainingFlag,20,char,1,NULL,NULL,YES,NULL
dbo,CardRange,Numless500RemainingFlag,21,char,1,NULL,NULL,YES,NULL
dbo,CardRange,Numless1000RemainingDate,22,datetime,NULL,NULL,NULL,YES,NULL
dbo,CardRange,Numless500RemainingDate,23,datetime,NULL,NULL,NULL,YES,NULL
dbo,CardRange,NumlessRangeAddedFlag,24,char,1,NULL,NULL,YES,NULL
dbo,CardRange,HelpDeskPhone,25,varchar,12,NULL,NULL,YES,NULL
dbo,CardRange,AddDate,26,datetime,NULL,NULL,NULL,YES,NULL
dbo,CardRange,ChangeDate,27,datetime,NULL,NULL,NULL,YES,NULL
dbo,CardRange,WarehouseLoadDate,28,datetime,NULL,NULL,NULL,YES,NULL
dbo,CardRange,WarehouseChangeDate,29,datetime,NULL,NULL,NULL,YES,NULL
dbo,CardRange,AddID,30,varchar,15,NULL,NULL,YES,NULL
dbo,CardRange,ChangeID,31,varchar,15,NULL,NULL,YES,NULL
dbo,CARDTABLE,CT_CARD_NUMBER_ON_CARD,1,char,20,NULL,NULL,NO,NULL
dbo,CARDTABLE,CT_SYSTEM_NUMBER,2,int,NULL,10,0,NO,NULL
dbo,CARDTABLE,CT_SPONSOR_NUMBER,3,int,NULL,10,0,NO,NULL
dbo,CARDTABLE,CT_CARDHOLDER_NUMBER,4,char,10,NULL,NULL,YES,NULL
dbo,CARDTABLE,CT_MEMBER_NUMBER,5,char,2,NULL,NULL,YES,NULL
dbo,CARDTABLE,CT_CARD_SEQ_NUMBER,6,int,NULL,10,0,YES,NULL
dbo,CARDTABLE,CT_ADD_DATE,7,datetime,NULL,NULL,NULL,YES,NULL
dbo,CARDTABLE,CT_CHG_DATE,8,datetime,NULL,NULL,NULL,YES,NULL
dbo,CARDTABLE,PURGE_STATUS,9,int,NULL,10,0,YES,NULL
dbo,CARDTABLE,CT_MEDICAL_ID_NUMBER,10,varchar,20,NULL,NULL,YES,NULL
dbo,CARDTABLE,WarehouseLoadDate,11,datetime,NULL,NULL,NULL,YES,NULL
dbo,CARDTABLE,WarehouseChangeDate,12,datetime,NULL,NULL,NULL,YES,NULL
dbo,CHAIN_DATA,CHAIN_NUMBER,1,int,NULL,10,0,NO,NULL
dbo,CHAIN_DATA,CHAIN_NAME,2,char,35,NULL,NULL,YES,NULL
dbo,CHAIN_DATA,PURGE_STATUS,3,int,NULL,10,0,YES,NULL
dbo,CHECK,DocumentNumber,1,varchar,10,NULL,NULL,NO,NULL
dbo,CHECK,SystemNumber,2,int,NULL,10,0,NO,NULL
dbo,CHECK,PeriodEnding,3,datetime,NULL,NULL,NULL,YES,NULL
dbo,CHECK,PaidDate,4,datetime,NULL,NULL,NULL,YES,NULL
dbo,CHECK,PharmacyNABP,5,int,NULL,10,0,YES,NULL
dbo,CHECK,PharmacyChain,6,int,NULL,10,0,YES,NULL
dbo,CHECK,PharmacyName,7,char,40,NULL,NULL,YES,NULL
dbo,CHECK,PharmacyAddress1,8,char,40,NULL,NULL,YES,NULL
dbo,CHECK,PharmacyAddress2,9,char,40,NULL,NULL,YES,NULL
dbo,CHECK,PharmacyCity,10,char,20,NULL,NULL,YES,NULL
dbo,CHECK,PharmacyState,11,char,2,NULL,NULL,YES,NULL
dbo,CHECK,PharmacyZip,12,varchar,5,NULL,NULL,YES,NULL
dbo,CHECK,CardholderNumber,13,char,10,NULL,NULL,YES,NULL
dbo,CHECK,CardholderName,14,char,40,NULL,NULL,YES,NULL
dbo,CHECK,CardholderAddress1,15,char,40,NULL,NULL,YES,NULL
dbo,CHECK,CardholderAddress2,16,char,40,NULL,NULL,YES,NULL
dbo,CHECK,CardholderCity,17,char,20,NULL,NULL,YES,NULL
dbo,CHECK,CardholderState,18,char,2,NULL,NULL,YES,NULL
dbo,CHECK,CardholderZip,19,varchar,5,NULL,NULL,YES,NULL
dbo,CHECK,AmountClaim,20,decimal,NULL,18,2,YES,NULL
dbo,CHECK,AmountAdmin,21,decimal,NULL,18,2,YES,NULL
dbo,CHECK,AmountMSCT,22,decimal,NULL,18,2,YES,NULL
dbo,CHECK,AmountPaid,23,decimal,NULL,18,2,YES,NULL
dbo,CHECK,ClaimsPaid,24,int,NULL,10,0,YES,NULL
dbo,CHECK,ClaimsRejected,25,int,NULL,10,0,YES,NULL
dbo,CHECK,MailedDate,26,datetime,NULL,NULL,NULL,YES,NULL
dbo,CHECK,BankDate,27,datetime,NULL,NULL,NULL,YES,NULL
dbo,CHECK,VoidFlag,28,char,1,NULL,NULL,YES,NULL
dbo,CHECK,VoidReason1,29,char,30,NULL,NULL,YES,NULL
dbo,CHECK,VoidReason2,30,char,30,NULL,NULL,YES,NULL
dbo,CHECK,NewCheck,31,varchar,8,NULL,NULL,YES,NULL
dbo,CHECK,Return1,32,char,30,NULL,NULL,YES,NULL
dbo,CHECK,Return2,33,char,30,NULL,NULL,YES,NULL
dbo,CHECK,AdjustmentApplies,34,char,1,NULL,NULL,YES,NULL
dbo,CHECK,IssueID,35,varchar,10,NULL,NULL,YES,NULL
dbo,CHECK,ManualDate,36,datetime,NULL,NULL,NULL,YES,NULL
dbo,CHECK,AddDate,37,datetime,NULL,NULL,NULL,YES,NULL
dbo,CHECK,ChangeDate,38,datetime,NULL,NULL,NULL,YES,NULL
dbo,CHECK,EftFlag,39,varchar,1,NULL,NULL,YES,NULL
dbo,CHECK,WarehouseLoadDate,40,datetime,NULL,NULL,NULL,YES,NULL
dbo,CHECK,WarehouseChangeDate,41,datetime,NULL,NULL,NULL,YES,NULL
dbo,CLAIM55,GROUP_NUMBER,1,float,NULL,53,NULL,NO,NULL
dbo,CLAIM55,YEAR_MONTH,2,int,NULL,10,0,NO,NULL
dbo,CLAIM55,NET_TYPE,3,char,1,NULL,NULL,NO,NULL
dbo,CLAIM55,GENERIC_CODE,4,char,1,NULL,NULL,NO,NULL
dbo,CLAIM55,CLAIMS,5,decimal,NULL,9,0,YES,NULL
dbo,CLAIM55,AMOUNT_PAID,6,decimal,NULL,12,2,YES,NULL
dbo,CLAIM55,COPAY,7,decimal,NULL,12,2,YES,NULL
dbo,CLAIM55,DISP_FEE,8,decimal,NULL,12,2,YES,NULL
dbo,CLAIM55,ING_BILLED,9,decimal,NULL,12,2,YES,NULL
dbo,CLAIM55,ING_PAID,10,decimal,NULL,12,2,YES,NULL
dbo,CLAIM55,TAX,11,decimal,NULL,12,2,YES,NULL
dbo,CLAIM55,ADMIN_FEE,12,decimal,NULL,12,2,YES,NULL
dbo,CLAIM55,UCR_BILLED,13,decimal,NULL,12,2,YES,NULL
dbo,CLAIM55,GENERIC_SAVINGS,14,decimal,NULL,12,2,YES,NULL
dbo,CLAIM55,POTEN_SAVINGS,15,decimal,NULL,12,2,YES,NULL
dbo,CLAIM55,DAYS_SUPPLY,16,decimal,NULL,13,2,YES,NULL
dbo,CLAIM55,METRIC_QUANTITY,17,decimal,NULL,15,2,YES,NULL
dbo,CLAIM55,BENEFIT_CODE,18,char,16,NULL,NULL,YES,NULL
dbo,CLAIM55,GENERIC_CLAIMS,19,decimal,NULL,8,2,YES,NULL
dbo,CLAIM55,POTEN_CLAIMS,20,decimal,NULL,8,2,YES,NULL
dbo,CLAIM55,DAW_1,21,int,NULL,10,0,YES,NULL
dbo,CLAIM55,DAW_2,22,int,NULL,10,0,YES,NULL
dbo,CLAIM55,DAW_3,23,int,NULL,10,0,YES,NULL
dbo,CLAIM55,DAW_4,24,int,NULL,10,0,YES,NULL
dbo,CLAIM55,MEMBERS,25,decimal,NULL,10,2,YES,NULL
dbo,CLAIM55,CURRENT_CLAIMS,26,int,NULL,10,0,YES,NULL
dbo,CLAIM55,CURRENT_AMOUNT_PAID,27,decimal,NULL,12,2,YES,NULL
dbo,CLAIM55,ACTIVE_MEMBERS,28,int,NULL,10,0,YES,NULL
dbo,CLAIM55,EMPLOYEE,29,decimal,NULL,10,2,YES,NULL
dbo,CLAIM55,SYSTEM,30,int,NULL,10,0,YES,NULL
dbo,CLAIM55,SPONSOR,31,int,NULL,10,0,YES,NULL
dbo,CLAIM55,SYSTEM_NAME,32,char,30,NULL,NULL,YES,NULL
dbo,CLAIM55,SPONSOR_NAME,33,char,30,NULL,NULL,YES,NULL
dbo,CLAIM55,GROUP_NAME,34,char,30,NULL,NULL,YES,NULL
dbo,CLAIM55,ALT_GROUP_NUMBER,35,char,12,NULL,NULL,YES,NULL
dbo,CLAIM55,CARDHOLDER_COUNT,36,int,NULL,10,0,YES,NULL
dbo,Claim55_Audit,SYSTEM_NUMBER,1,int,NULL,10,0,NO,NULL
dbo,Claim55_Audit,SPONSOR_NUMBER,2,int,NULL,10,0,NO,NULL
dbo,Claim55_Audit,MASTER_GROUP,3,int,NULL,10,0,NO,NULL
dbo,Claim55_Audit,GROUP_NUMBER,4,float,NULL,53,NULL,NO,NULL
dbo,Claim55_Audit,YEAR_MONTH,5,int,NULL,10,0,YES,NULL
dbo,Claim55_Audit,WarehouseName,6,varchar,50,NULL,NULL,YES,NULL
dbo,Claim55_Audit,Claim55ClaimCount,7,int,NULL,10,0,YES,NULL
dbo,Claim55_Audit,Claim55AmountPaid,8,decimal,NULL,18,2,YES,NULL
dbo,Claim55_Audit,ClaimsClaimCount,9,int,NULL,10,0,YES,NULL
dbo,Claim55_Audit,ClaimsAmountPaid,10,decimal,NULL,18,2,YES,NULL
dbo,Claim55_Audit,PeriodEnding,11,datetime,NULL,NULL,NULL,NO,NULL
dbo,Claim55_Audit,FileName,12,varchar,250,NULL,NULL,NO,NULL
dbo,Claim55_Audit,AuditClaimCountDifference,13,int,NULL,10,0,YES,NULL
dbo,Claim55_Audit,AuditAmountPaidDifference,14,decimal,NULL,18,2,YES,NULL
dbo,CLAIM55Backup,GROUP_NUMBER,1,float,NULL,53,NULL,NO,NULL
dbo,CLAIM55Backup,YEAR_MONTH,2,int,NULL,10,0,NO,NULL
dbo,CLAIM55Backup,NET_TYPE,3,char,1,NULL,NULL,NO,NULL
dbo,CLAIM55Backup,GENERIC_CODE,4,char,1,NULL,NULL,NO,NULL
dbo,CLAIM55Backup,MEMBERS,5,decimal,NULL,10,2,YES,NULL
dbo,CLAIM55Backup,EMPLOYEE,6,decimal,NULL,10,2,YES,NULL
dbo,CLAIM55Backup,BackupDate,7,datetime,NULL,NULL,NULL,YES,NULL
dbo,CLAIM80,CLAIM_KEY,1,char,14,NULL,NULL,NO,NULL
dbo,CLAIM80,REJECT_CODE,2,int,NULL,10,0,NO,NULL
dbo,CLAIM80,CARDHOLDER_KEY,3,char,20,NULL,NULL,NO,NULL
dbo,CLAIM80,GROUP_NUMBER,4,float,NULL,53,NULL,NO,NULL
dbo,CLAIM80,REJECT_DESCRIPTION,5,char,60,NULL,NULL,YES,NULL
dbo,CLAIM80,V32_RECORD,6,char,53,NULL,NULL,YES,NULL
dbo,CLAIM80,DUR_CONFLICT_CODE,7,char,2,NULL,NULL,YES,NULL
dbo,CLAIM80,DUR_INTERVENTION,8,char,2,NULL,NULL,YES,NULL
dbo,CLAIM80,DUR_OUTCOME_CODE,9,char,2,NULL,NULL,YES,NULL
dbo,CLAIM80,WarehouseLoadDate,10,datetime,NULL,NULL,NULL,YES,NULL
dbo,CLAIM80,WarehouseChangeDate,11,datetime,NULL,NULL,NULL,YES,NULL
dbo,ClaimCompound,BatchMaster,1,char,10,NULL,NULL,NO,NULL
dbo,ClaimCompound,ClaimNumber,2,int,NULL,10,0,NO,NULL
dbo,ClaimCompound,INGNumber,3,int,NULL,10,0,NO,NULL
dbo,ClaimCompound,NDC,4,decimal,NULL,11,0,YES,NULL
dbo,ClaimCompound,MetricQuantity,5,decimal,NULL,18,3,YES,NULL
dbo,ClaimCompound,INGCostBilled,6,decimal,NULL,18,2,YES,NULL
dbo,ClaimCompound,INGBCD,7,int,NULL,10,0,YES,NULL
dbo,ClaimCompound,RejectCode1,8,int,NULL,10,0,YES,NULL
dbo,ClaimCompound,RejectCode2,9,int,NULL,10,0,YES,NULL
dbo,ClaimCompound,PDMINGCost,10,decimal,NULL,18,2,YES,NULL
dbo,ClaimCompound,AWPCost,11,decimal,NULL,18,2,YES,NULL
dbo,ClaimCompound,ExceptionCode1,12,int,NULL,10,0,YES,NULL
dbo,ClaimCompound,ExceptionCode2,13,int,NULL,10,0,YES,NULL
dbo,ClaimCompound,ExceptionCode3,14,int,NULL,10,0,YES,NULL
dbo,ClaimCompound,ExceptionCode4,15,int,NULL,10,0,YES,NULL
dbo,ClaimCompound,ExceptionCode5,16,int,NULL,10,0,YES,NULL
dbo,ClaimCompound,GenericCode,17,char,1,NULL,NULL,YES,NULL
dbo,ClaimCompound,MEDDDrugType,18,char,1,NULL,NULL,YES,NULL
dbo,ClaimCompound,MACReferencePrice,19,decimal,NULL,18,2,YES,NULL
dbo,ClaimCompound,ContractRatePrice,20,decimal,NULL,18,2,YES,NULL
dbo,ClaimCompound,PDEINGCostPaid,21,decimal,NULL,18,2,YES,NULL
dbo,ClaimCompound,AddDate,22,date,NULL,NULL,NULL,YES,NULL
dbo,ClaimCompound,ChangeDate,23,date,NULL,NULL,NULL,YES,NULL
dbo,ClaimCompound,NDCTypeCode,24,int,NULL,10,0,YES,NULL
dbo,ClaimCompound,ClaimKey,25,char,14,NULL,NULL,YES,NULL
dbo,ClaimCompound,WarehouseLoadDate,26,datetime,NULL,NULL,NULL,YES,NULL
dbo,ClaimCompound,WarehouseChangeDate,27,datetime,NULL,NULL,NULL,YES,NULL
dbo,ClaimCompound,WACReferencePrice,28,decimal,NULL,18,2,YES,NULL
dbo,ClaimCompound_NEW,BatchMaster,1,char,10,NULL,NULL,NO,NULL
dbo,ClaimCompound_NEW,ClaimNumber,2,int,NULL,10,0,NO,NULL
dbo,ClaimCompound_NEW,INGNumber,3,int,NULL,10,0,NO,NULL
dbo,ClaimCompound_NEW,NDC,4,varchar,40,NULL,NULL,YES,NULL
dbo,ClaimCompound_NEW,MetricQuantity,5,decimal,NULL,18,3,YES,NULL
dbo,ClaimCompound_NEW,INGCostBilled,6,decimal,NULL,18,2,YES,NULL
dbo,ClaimCompound_NEW,INGBCD,7,int,NULL,10,0,YES,NULL
dbo,ClaimCompound_NEW,RejectCode1,8,int,NULL,10,0,YES,NULL
dbo,ClaimCompound_NEW,RejectCode2,9,int,NULL,10,0,YES,NULL
dbo,ClaimCompound_NEW,PDMINGCost,10,decimal,NULL,18,2,YES,NULL
dbo,ClaimCompound_NEW,AWPCost,11,decimal,NULL,18,2,YES,NULL
dbo,ClaimCompound_NEW,ExceptionCode1,12,int,NULL,10,0,YES,NULL
dbo,ClaimCompound_NEW,ExceptionCode2,13,int,NULL,10,0,YES,NULL
dbo,ClaimCompound_NEW,ExceptionCode3,14,int,NULL,10,0,YES,NULL
dbo,ClaimCompound_NEW,ExceptionCode4,15,int,NULL,10,0,YES,NULL
dbo,ClaimCompound_NEW,ExceptionCode5,16,int,NULL,10,0,YES,NULL
dbo,ClaimCompound_NEW,GenericCode,17,char,1,NULL,NULL,YES,NULL
dbo,ClaimCompound_NEW,MEDDDrugType,18,char,1,NULL,NULL,YES,NULL
dbo,ClaimCompound_NEW,MACReferencePrice,19,decimal,NULL,18,2,YES,NULL
dbo,ClaimCompound_NEW,ContractRatePrice,20,decimal,NULL,18,2,YES,NULL
dbo,ClaimCompound_NEW,PDEINGCostPaid,21,decimal,NULL,18,2,YES,NULL
dbo,ClaimCompound_NEW,AddDate,22,date,NULL,NULL,NULL,YES,NULL
dbo,ClaimCompound_NEW,ChangeDate,23,date,NULL,NULL,NULL,YES,NULL
dbo,ClaimCompound_NEW,NDCTypeCode,24,int,NULL,10,0,YES,NULL
dbo,ClaimCompound_NEW,ClaimKey,25,char,14,NULL,NULL,YES,NULL
dbo,ClaimCompound_NEW,WarehouseLoadDate,26,datetime,NULL,NULL,NULL,YES,NULL
dbo,ClaimCompound_NEW,WarehouseChangeDate,27,datetime,NULL,NULL,NULL,YES,NULL
dbo,ClaimCompound_NEW,WACReferencePrice,28,decimal,NULL,18,2,YES,NULL
dbo,ClaimCompound_NEW,LevelOfComp,29,varchar,2,NULL,NULL,YES,NULL
dbo,ClaimFixReportHistory,RecordType,1,char,2,NULL,NULL,YES,NULL
dbo,ClaimFixReportHistory,ClaimKey,2,char,14,NULL,NULL,YES,NULL
dbo,ClaimFixReportHistory,PDEBatchNbr,3,char,8,NULL,NULL,YES,NULL
dbo,ClaimFixReportHistory,PDEClaimNbr,4,int,NULL,10,0,YES,NULL
dbo,ClaimFixReportHistory,PDERecordNbr,5,varchar,3,NULL,NULL,YES,NULL
dbo,ClaimFixReportHistory,OriginalSponsorNbr,6,int,NULL,10,0,YES,NULL
dbo,ClaimFixReportHistory,NewSponsorNbr,7,int,NULL,10,0,YES,NULL
dbo,ClaimFixReportHistory,OriginalCardholderNbr,8,char,10,NULL,NULL,YES,NULL
dbo,ClaimFixReportHistory,NewCardholderNbr,9,char,10,NULL,NULL,YES,NULL
dbo,ClaimFixReportHistory,OriginalMemberNbr,10,char,2,NULL,NULL,YES,NULL
dbo,ClaimFixReportHistory,NewMemberNbr,11,char,2,NULL,NULL,YES,NULL
dbo,ClaimFixReportHistory,OriginalCardholderKey,12,char,20,NULL,NULL,YES,NULL
dbo,ClaimFixReportHistory,NewCardholderKey,13,char,20,NULL,NULL,YES,NULL
dbo,ClaimFixReportHistory,UserID,14,varchar,12,NULL,NULL,YES,NULL
dbo,ClaimFixReportHistory,WarehouseChangeDate,15,datetime,NULL,NULL,NULL,YES,NULL
dbo,ClaimFixReportHistory,FileName,16,varchar,250,NULL,NULL,YES,NULL
dbo,CLAIMS,CLAIM_KEY,1,char,14,NULL,NULL,NO,NULL
dbo,CLAIMS,BATCH_NUMBER,2,char,8,NULL,NULL,YES,NULL
dbo,CLAIMS,CLAIM_NUMBER,3,int,NULL,10,0,YES,NULL
dbo,CLAIMS,CLAIM_TYPE,4,int,NULL,10,0,YES,NULL
dbo,CLAIMS,PAYMENT_DIR,5,int,NULL,10,0,YES,NULL
dbo,CLAIMS,CARDHOLDER_NUMBER,6,char,10,NULL,NULL,YES,NULL
dbo,CLAIMS,MEMBER_NUMBER,7,char,2,NULL,NULL,YES,NULL
dbo,CLAIMS,PHARMACY_NUMBER,8,int,NULL,10,0,YES,NULL
dbo,CLAIMS,NETWORK_KEY,9,char,16,NULL,NULL,YES,NULL
dbo,CLAIMS,CHAIN_NUMBER,10,int,NULL,10,0,YES,NULL
dbo,CLAIMS,REJECT_CODE_1,11,int,NULL,10,0,YES,NULL
dbo,CLAIMS,REJECT_CODE_2,12,int,NULL,10,0,YES,NULL
dbo,CLAIMS,PROCESS_DATE,13,datetime,NULL,NULL,NULL,YES,NULL
dbo,CLAIMS,RX_NUMBER,14,bigint,NULL,19,0,YES,NULL
dbo,CLAIMS,RX_DATE,15,datetime,NULL,NULL,NULL,YES,NULL
dbo,CLAIMS,RX_TIME,16,datetime,NULL,NULL,NULL,YES,NULL
dbo,CLAIMS,NEW_REFILL,17,char,1,NULL,NULL,YES,NULL
dbo,CLAIMS,GENERIC_CODE,18,char,1,NULL,NULL,YES,NULL
dbo,CLAIMS,DRUG_PREF_IND,19,char,2,NULL,NULL,YES,NULL
dbo,CLAIMS,METRIC_QUANTITY,20,decimal,NULL,18,3,YES,NULL
dbo,CLAIMS,DAYS_SUPPLY,21,int,NULL,10,0,YES,NULL
dbo,CLAIMS,ING_BILLED,22,decimal,NULL,18,2,YES,NULL
dbo,CLAIMS,ING_PAID,23,decimal,NULL,18,2,YES,NULL
dbo,CLAIMS,DISP_FEE,24,decimal,NULL,18,2,YES,NULL
dbo,CLAIMS,COPAY,25,decimal,NULL,18,2,YES,NULL
dbo,CLAIMS,TAX,26,decimal,NULL,18,2,YES,NULL
dbo,CLAIMS,ADMIN_FEE,27,decimal,NULL,18,2,YES,NULL
dbo,CLAIMS,AMOUNT_PAID,28,decimal,NULL,18,2,YES,NULL
dbo,CLAIMS,UCR_AMOUNT,29,decimal,NULL,18,2,YES,NULL
dbo,CLAIMS,AWP_PROCESSED,30,decimal,NULL,18,5,YES,NULL
dbo,CLAIMS,GENERIC_SAVINGS,31,decimal,NULL,18,2,YES,NULL
dbo,CLAIMS,MEMBER_BIRTH,32,datetime,NULL,NULL,NULL,YES,NULL
dbo,CLAIMS,SEX,33,char,1,NULL,NULL,YES,NULL
dbo,CLAIMS,CARDHOLDER_KEY,34,char,20,NULL,NULL,YES,NULL
dbo,CLAIMS,PHYSICIAN_KEY,35,char,14,NULL,NULL,YES,NULL
dbo,CLAIMS,DIAGNOSIS_CODE,36,char,6,NULL,NULL,YES,NULL
dbo,CLAIMS,GROUP_NUMBER,37,float,NULL,53,NULL,YES,NULL
dbo,CLAIMS,DRUG_KEY,38,char,15,NULL,NULL,YES,NULL
dbo,CLAIMS,GPI,39,char,14,NULL,NULL,YES,NULL
dbo,CLAIMS,NDC_TYPE_CODE,40,int,NULL,10,0,YES,NULL
dbo,CLAIMS,NDC,41,decimal,NULL,11,0,YES,NULL
dbo,CLAIMS,MAIN_DRUG,42,char,1,NULL,NULL,YES,NULL
dbo,CLAIMS,BENEFIT_KEY,43,char,24,NULL,NULL,YES,NULL
dbo,CLAIMS,COPAY_KEY,44,char,12,NULL,NULL,YES,NULL
dbo,CLAIMS,COPAY_TABLE,45,int,NULL,10,0,YES,NULL
dbo,CLAIMS,DISPENSE_TABLE,46,int,NULL,10,0,YES,NULL
dbo,CLAIMS,MAC_NUMBER,47,int,NULL,10,0,YES,NULL
dbo,CLAIMS,DAW_INDICATOR,48,char,1,NULL,NULL,YES,NULL
dbo,CLAIMS,COMPOUND_CODE,49,int,NULL,10,0,YES,NULL
dbo,CLAIMS,THIRD_PARTY_CODE,50,char,1,NULL,NULL,YES,NULL
dbo,CLAIMS,RX_OTC,51,char,1,NULL,NULL,YES,NULL
dbo,CLAIMS,ADJUSTMENT_CODE_2,52,int,NULL,10,0,YES,NULL
dbo,CLAIMS,GENERIC_TABLE,53,int,NULL,10,0,YES,NULL
dbo,CLAIMS,REIMB_RATE_TABLE,54,int,NULL,10,0,YES,NULL
dbo,CLAIMS,MAIL_ORDER_FLAG,55,char,1,NULL,NULL,YES,NULL
dbo,CLAIMS,LINE_NUMBER,56,int,NULL,10,0,YES,NULL
dbo,CLAIMS,CLAIMS_COUNTER,57,int,NULL,10,0,YES,NULL
dbo,CLAIMS,CURRENT_CLAIM_INDICATOR,58,char,1,NULL,NULL,YES,NULL
dbo,CLAIMS,PERIOD_ENDING,59,datetime,NULL,NULL,NULL,YES,NULL
dbo,CLAIMS,PAID_DATE,60,datetime,NULL,NULL,NULL,YES,NULL
dbo,CLAIMS,PRICE_INDICATOR,61,char,1,NULL,NULL,YES,NULL
dbo,CLAIMS,ADJUSTMENT_CODE,62,int,NULL,10,0,YES,NULL
dbo,CLAIMS,NETWORK_NUMBER,63,int,NULL,10,0,YES,NULL
dbo,CLAIMS,STEP_THERAPY_NUMBER,64,int,NULL,10,0,YES,NULL
dbo,CLAIMS,PCP_NUMBER,65,char,14,NULL,NULL,YES,NULL
dbo,CLAIMS,DATE_KEY,66,char,14,NULL,NULL,YES,NULL
dbo,CLAIMS,EXCEPTION_01,67,int,NULL,10,0,YES,NULL
dbo,CLAIMS,OVERRIDE_1,68,int,NULL,10,0,YES,NULL
dbo,CLAIMS,REL_CODE,69,char,2,NULL,NULL,YES,NULL
dbo,CLAIMS,SKIP_LIMIT_FLAG,70,int,NULL,10,0,YES,NULL
dbo,CLAIMS,EXCEPTION_02,71,int,NULL,10,0,YES,NULL
dbo,CLAIMS,EXCEPTION_03,72,int,NULL,10,0,YES,NULL
dbo,CLAIMS,EXCEPTION_04,73,int,NULL,10,0,YES,NULL
dbo,CLAIMS,EXCEPTION_05,74,int,NULL,10,0,YES,NULL
dbo,CLAIMS,EXCEPTION_06,75,int,NULL,10,0,YES,NULL
dbo,CLAIMS,EXCEPTION_07,76,int,NULL,10,0,YES,NULL
dbo,CLAIMS,EXCEPTION_08,77,int,NULL,10,0,YES,NULL
dbo,CLAIMS,EXCEPTION_09,78,int,NULL,10,0,YES,NULL
dbo,CLAIMS,EXCEPTION_10,79,int,NULL,10,0,YES,NULL
dbo,CLAIMS,EXCEPTION_11,80,int,NULL,10,0,YES,NULL
dbo,CLAIMS,EXCEPTION_12,81,int,NULL,10,0,YES,NULL
dbo,CLAIMS,EXCEPTION_13,82,int,NULL,10,0,YES,NULL
dbo,CLAIMS,EXCEPTION_14,83,int,NULL,10,0,YES,NULL
dbo,CLAIMS,EXCEPTION_15,84,int,NULL,10,0,YES,NULL
dbo,CLAIMS,EXCEPTION_16,85,int,NULL,10,0,YES,NULL
dbo,CLAIMS,EXCEPTION_17,86,int,NULL,10,0,YES,NULL
dbo,CLAIMS,EXCEPTION_18,87,int,NULL,10,0,YES,NULL
dbo,CLAIMS,EXCEPTION_19,88,int,NULL,10,0,YES,NULL
dbo,CLAIMS,EXCEPTION_20,89,int,NULL,10,0,YES,NULL
dbo,CLAIMS,OVERRIDE_2,90,int,NULL,10,0,YES,NULL
dbo,CLAIMS,OVERRIDE_3,91,int,NULL,10,0,YES,NULL
dbo,CLAIMS,OVERRIDE_4,92,int,NULL,10,0,YES,NULL
dbo,CLAIMS,OVERRIDE_5,93,int,NULL,10,0,YES,NULL
dbo,CLAIMS,OVERRIDE_6,94,int,NULL,10,0,YES,NULL
dbo,CLAIMS,OVERRIDE_7,95,int,NULL,10,0,YES,NULL
dbo,CLAIMS,OVERRIDE_8,96,int,NULL,10,0,YES,NULL
dbo,CLAIMS,OVERRIDE_9,97,int,NULL,10,0,YES,NULL
dbo,CLAIMS,OVERRIDE_10,98,int,NULL,10,0,YES,NULL
dbo,CLAIMS,FORM_GT,99,int,NULL,10,0,YES,NULL
dbo,CLAIMS,MAINT_GT,100,int,NULL,10,0,YES,NULL
dbo,CLAIMS,PHYSICIAN_KEY2,101,char,18,NULL,NULL,YES,NULL
dbo,CLAIMS,ADJ_CODE_1,102,int,NULL,10,0,YES,NULL
dbo,CLAIMS,ADJ_CODE_INFO,103,int,NULL,10,0,YES,NULL
dbo,CLAIMS,COVERAGE_TYPE,104,char,1,NULL,NULL,YES,NULL
dbo,CLAIMS,ORIG_RX_DATE,105,char,8,NULL,NULL,YES,NULL
dbo,CLAIMS,REFILLS_AUTH,106,int,NULL,10,0,YES,NULL
dbo,CLAIMS,REFILL_COUNT_NUM,107,int,NULL,10,0,YES,NULL
dbo,CLAIMS,REVERSAL_CODE,108,int,NULL,10,0,YES,NULL
dbo,CLAIMS,SYS_NUMBER,109,int,NULL,10,0,YES,NULL
dbo,CLAIMS,SPONSOR_NUMBER,110,int,NULL,10,0,YES,NULL
dbo,CLAIMS,UPD_CODE,111,int,NULL,10,0,YES,NULL
dbo,CLAIMS,PHO_NUMBER,112,char,14,NULL,NULL,YES,NULL
dbo,CLAIMS,CLAIM_CNTY,113,char,2,NULL,NULL,YES,NULL
dbo,CLAIMS,MEMBER_FIRST_NAME,114,char,15,NULL,NULL,YES,NULL
dbo,CLAIMS,MEMBER_MIDDLE_INITIAL,115,char,1,NULL,NULL,YES,NULL
dbo,CLAIMS,MEMBER_LAST_NAME,116,char,20,NULL,NULL,YES,NULL
dbo,CLAIMS,VERSION_NUMBER,117,char,1,NULL,NULL,YES,NULL
dbo,CLAIMS,AWP_100_PERCENT,118,decimal,NULL,18,2,YES,NULL
dbo,CLAIMS,DIFF_ING_PAID,119,decimal,NULL,18,2,YES,NULL
dbo,CLAIMS,DIFF_DISP_FEE,120,decimal,NULL,18,2,YES,NULL
dbo,CLAIMS,DIFF_TABLE_NUMBER,121,int,NULL,10,0,YES,NULL
dbo,CLAIMS,MAC_REFERENCE_PRICE,122,decimal,NULL,18,2,YES,NULL
dbo,CLAIMS,CONTRACT_RATE_PRICE,123,decimal,NULL,18,2,YES,NULL
dbo,CLAIMS,ORDER_NUMBER,124,char,20,NULL,NULL,YES,NULL
dbo,CLAIMS,DISPENSING_STATUS,125,char,1,NULL,NULL,YES,NULL
dbo,CLAIMS,ASSOC_RX_DATE,126,datetime,NULL,NULL,NULL,YES,NULL
dbo,CLAIMS,ASSOC_RX_NUMBER,127,bigint,NULL,19,0,YES,NULL
dbo,CLAIMS,INTENDED_DAYS_SUPPLY,128,int,NULL,10,0,YES,NULL
dbo,CLAIMS,PARTIAL_ING_COST_PAID,129,decimal,NULL,18,2,YES,NULL
dbo,CLAIMS,INTENDED_MET_QTY,130,decimal,NULL,18,3,YES,NULL
dbo,CLAIMS,TA_AMOUNT,131,decimal,NULL,18,2,YES,NULL
dbo,CLAIMS,OTHER_COVERAGE_CODE,132,int,NULL,10,0,YES,NULL
dbo,CLAIMS,OTHER_PAYOR_AMOUNT,133,decimal,NULL,18,2,YES,NULL
dbo,CLAIMS,DATE_OF_INJURY,134,datetime,NULL,NULL,NULL,YES,NULL
dbo,CLAIMS,INDEP_CODE,135,int,NULL,10,0,YES,NULL
dbo,CLAIMS,PENALTY_AMOUNT,136,decimal,NULL,18,2,YES,NULL
dbo,CLAIMS,PATIENT_LAST_NAME,137,char,20,NULL,NULL,YES,NULL
dbo,CLAIMS,PATIENT_MIDDLE_INITIAL,138,char,1,NULL,NULL,YES,NULL
dbo,CLAIMS,PATIENT_FIRST_NAME,139,char,15,NULL,NULL,YES,NULL
dbo,CLAIMS,SUB_CLARIFICATION_CODE1,140,int,NULL,10,0,YES,NULL
dbo,CLAIMS,SUB_CLARIFICATION_CODE2,141,int,NULL,10,0,YES,NULL
dbo,CLAIMS,SUB_CLARIFICATION_CODE3,142,int,NULL,10,0,YES,NULL
dbo,CLAIMS,PA_MC_CODE_AND_NUMBER,143,decimal,NULL,12,0,YES,NULL
dbo,CLAIMS,LEVEL_OF_SERVICE,144,int,NULL,10,0,YES,NULL
dbo,CLAIMS,MAX_AMT,145,decimal,NULL,18,2,YES,NULL
dbo,CLAIMS,DEDUCT_AMT,146,decimal,NULL,18,2,YES,NULL
dbo,CLAIMS,DMR_NABP,147,int,NULL,10,0,YES,NULL
dbo,CLAIMS,OTHER_PAYER_ORDER,148,int,NULL,10,0,YES,NULL
dbo,CLAIMS,NONLICS_DEDUCT_AMT,149,decimal,NULL,18,2,YES,NULL
dbo,CLAIMS,STANDARD_DEDUCT_AMT,150,decimal,NULL,18,2,YES,NULL
dbo,CLAIMS,SPECIAL_DEDUCT_AMT,151,decimal,NULL,18,2,YES,NULL
dbo,CLAIMS,TEAM_MEMBER,152,char,4,NULL,NULL,YES,NULL
dbo,CLAIMS,NPI_NUMBER,153,char,10,NULL,NULL,YES,NULL
dbo,CLAIMS,CARD_SEQ_NUMBER,154,int,NULL,10,0,YES,NULL
dbo,CLAIMS,PURGE_STATUS,155,int,NULL,10,0,YES,NULL
dbo,CLAIMS,DATA_ERROR_MESSAGE,156,varchar,150,NULL,NULL,YES,NULL
dbo,CLAIMS,PCN,157,char,10,NULL,NULL,YES,NULL
dbo,CLAIMS,BIN_NUMBER,158,int,NULL,10,0,YES,NULL
dbo,CLAIMS,EFT_PAYMENT,159,char,1,NULL,NULL,YES,NULL
dbo,CLAIMS,MEDD_GAP_DISCOUNT,160,decimal,NULL,18,2,YES,NULL
dbo,CLAIMS,MEDD_BEG_PHASE,161,char,1,NULL,NULL,YES,NULL
dbo,CLAIMS,MEDD_END_PHASE,162,char,1,NULL,NULL,YES,NULL
dbo,CLAIMS,RXNUMBER_LENGTH,163,int,NULL,10,0,YES,NULL
dbo,CLAIMS,PATIENT_PAID_AMOUNT,164,decimal,NULL,18,2,YES,NULL
dbo,CLAIMS,SUB_CLARIFICATION_COUNT,165,int,NULL,10,0,YES,NULL
dbo,CLAIMS,OTHER_PAYER_BIN,166,int,NULL,10,0,YES,NULL
dbo,CLAIMS,TRANS_REF_NUMBER,167,char,10,NULL,NULL,YES,NULL
dbo,CLAIMS,OTHER_PAYER_PCN,168,char,14,NULL,NULL,YES,NULL
dbo,CLAIMS,OTHER_PAYER_GROUP,169,char,14,NULL,NULL,YES,NULL
dbo,CLAIMS,SOJ,170,char,2,NULL,NULL,YES,NULL
dbo,CLAIMS,OTHER_PAYER_CARDHOLDER,171,char,20,NULL,NULL,YES,NULL
dbo,CLAIMS,COMPOUND_DOSAGE_DESCRIPTION_CODE,172,char,2,NULL,NULL,YES,NULL
dbo,CLAIMS,COMPOUND_DISPENSING_ID,173,char,1,NULL,NULL,YES,NULL
dbo,CLAIMS,COMPOUND_COUNT,174,int,NULL,10,0,YES,NULL
dbo,CLAIMS,AMT_APPLIED_PERIOD_DEDUCT,175,decimal,NULL,18,2,YES,NULL
dbo,CLAIMS,AMT_EXCEED_PERIOD_BENEFIT,176,decimal,NULL,18,2,YES,NULL
dbo,CLAIMS,AMT_COPAY,177,decimal,NULL,18,2,YES,NULL
dbo,CLAIMS,AMT_COINSURANCE,178,decimal,NULL,18,2,YES,NULL
dbo,CLAIMS,AMT_ATTR_PROCESSOR_FEE,179,decimal,NULL,18,2,YES,NULL
dbo,CLAIMS,AMT_ATTR_SALES_TAX,180,decimal,NULL,18,2,YES,NULL
dbo,CLAIMS,AMT_ATTR_PROVIDER_NET_SELECT,181,decimal,NULL,18,2,YES,NULL
dbo,CLAIMS,AMT_ATTR_PROD_SEL_BRAND,182,decimal,NULL,18,2,YES,NULL
dbo,CLAIMS,AMT_ATTR_PROD_SEL_NON_PF,183,decimal,NULL,18,2,YES,NULL
dbo,CLAIMS,AMT_ATTR_PROD_SEL_BRD_NON_PF,184,decimal,NULL,18,2,YES,NULL
dbo,CLAIMS,HEALTH_PLAN_FUNDED_ASSIST_AMT,185,decimal,NULL,18,2,YES,NULL
dbo,CLAIMS,GROSS_AMOUNT_DUE,186,decimal,NULL,18,2,YES,NULL
dbo,CLAIMS,INCENTIVE_AMOUNT_SUB,187,decimal,NULL,18,2,YES,NULL
dbo,CLAIMS,DISPENSING_FEE_SUB,188,decimal,NULL,18,2,YES,NULL
dbo,CLAIMS,OTHER_AMOUNT_CLAIMED_SUB,189,decimal,NULL,18,2,YES,NULL
dbo,CLAIMS,FLAT_SALES_TAX_AMOUNT_SUB,190,decimal,NULL,18,2,YES,NULL
dbo,CLAIMS,PCT_SALES_TAX_AMOUNT_SUB,191,decimal,NULL,18,2,YES,NULL
dbo,CLAIMS,PCT_SALES_TAX_RATE_SUB,192,decimal,NULL,18,4,YES,NULL
dbo,CLAIMS,MEDICAID_SUBROGATION,193,char,20,NULL,NULL,YES,NULL
dbo,CLAIMS,MEDICAID_PAID_AMT,194,decimal,NULL,18,2,YES,NULL
dbo,CLAIMS,PHARMACY_SERVICE_TYPE,195,int,NULL,10,0,YES,NULL
dbo,CLAIMS,PHARMACIST_LICENSE,196,varchar,50,NULL,NULL,YES,NULL
dbo,CLAIMS,SEQUENCE_NUMBER,197,varbinary,20,NULL,NULL,YES,NULL
dbo,CLAIMS,UID,198,varchar,36,NULL,NULL,YES,NULL
dbo,CLAIMS,NABP_7,199,varchar,7,NULL,NULL,YES,NULL
dbo,CLAIMS,PREFERRED_STATUS,200,char,1,NULL,NULL,YES,NULL
dbo,CLAIMS,RX_ORIGIN_CODE,201,int,NULL,10,0,YES,NULL
dbo,CLAIMS,CUSTOMER_LOCATION,202,int,NULL,10,0,YES,NULL
dbo,CLAIMS,ELIGIBILITY_CLARIFICATION_CODE,203,int,NULL,10,0,YES,NULL
dbo,CLAIMS,PRIMARY_PRESCRIBER,204,char,10,NULL,NULL,YES,NULL
dbo,CLAIMS,BASIS_OF_COST_DETERMINATION,205,char,2,NULL,NULL,YES,NULL
dbo,CLAIMS,DOCUMENT_NUMBER,206,int,NULL,10,0,YES,NULL
dbo,CLAIMS,TIME,207,time,NULL,NULL,NULL,YES,NULL
dbo,CLAIMS,PROCESSOR_CONTROL_FLAG,208,char,1,NULL,NULL,YES,NULL
dbo,CLAIMS,DMR_REIMBURSEMENT_PAYMENT_TYPE,209,int,NULL,10,0,YES,NULL
dbo,CLAIMS,PHARMACY_OPTION,210,char,1,NULL,NULL,YES,NULL
dbo,CLAIMS,PHARMACY_NAME,211,char,30,NULL,NULL,YES,NULL
dbo,CLAIMS,PRODUCT_DESCRIPTION_ABBREVIATION,212,char,25,NULL,NULL,YES,NULL
dbo,CLAIMS,ALT_CARDHOLDER_NUMBER,213,char,13,NULL,NULL,YES,NULL
dbo,CLAIMS,ALT_GROUP_NUMBER,214,char,12,NULL,NULL,YES,NULL
dbo,CLAIMS,THERA_CLASS,215,int,NULL,10,0,YES,NULL
dbo,CLAIMS,RX_OTC_CLASS,216,char,1,NULL,NULL,YES,NULL
dbo,CLAIMS,BATCH_DATE,217,datetime,NULL,NULL,NULL,YES,NULL
dbo,CLAIMS,BENEFIT_CODE,218,char,16,NULL,NULL,YES,NULL
dbo,CLAIMS,CLAIM_INDICATOR,219,char,1,NULL,NULL,YES,NULL
dbo,CLAIMS,RX_DATE_JULIAN,220,int,NULL,10,0,YES,NULL
dbo,CLAIMS,BATCH_DATE_JULIAN,221,int,NULL,10,0,YES,NULL
dbo,CLAIMS,COUNTY,222,char,2,NULL,NULL,YES,NULL
dbo,CLAIMS,SEQUENCENUMBER,223,varchar,20,NULL,NULL,YES,NULL
dbo,CLAIMS,PHYSICIAN_NUMBER_X,224,varchar,50,NULL,NULL,YES,NULL
dbo,CLAIMS,CMS_PART_D_FACILITY,225,varchar,1,NULL,NULL,YES,NULL
dbo,CLAIMS,APPROVED_MSG_CODE,226,varchar,3,NULL,NULL,YES,NULL
dbo,CLAIMS,TIME_HHMM,227,varchar,4,NULL,NULL,YES,NULL
dbo,CLAIMS,RESTACK_BATCH,228,char,8,NULL,NULL,YES,NULL
dbo,CLAIMS,RESTACK_CLAIM,229,int,NULL,10,0,YES,NULL
dbo,CLAIMS,VARIABLE_MAC_FACTOR_RATE,230,decimal,NULL,18,5,YES,NULL
dbo,CLAIMS,PATIENT_RESIDENCY,231,char,2,NULL,NULL,YES,NULL
dbo,CLAIMS,SPECIAL_PACKAGING_IND,232,char,1,NULL,NULL,YES,NULL
dbo,CLAIMS,PROF_SERVICE_CODE_1,233,char,2,NULL,NULL,YES,NULL
dbo,CLAIMS,PROF_SERVICE_CODE_2,234,char,2,NULL,NULL,YES,NULL
dbo,CLAIMS,PROF_SERVICE_CODE_3,235,char,2,NULL,NULL,YES,NULL
dbo,CLAIMS,DUR_PPS_LVL_OF_EFFORT,236,char,2,NULL,NULL,YES,NULL
dbo,CLAIMS,TROOP_AMT,237,decimal,NULL,18,2,YES,NULL
dbo,CLAIMS,ETLDate,238,datetime,NULL,NULL,NULL,YES,NULL
dbo,CLAIMS,ETLIndicator,239,char,1,NULL,NULL,YES,NULL
dbo,CLAIMS,ManualChangeDate,240,datetime,NULL,NULL,NULL,YES,NULL
dbo,CLAIMS,RedemptionCount,241,int,NULL,10,0,YES,NULL
dbo,CLAIMS,DateOfReversal,242,datetime,NULL,NULL,NULL,YES,NULL
dbo,CLAIMS,PackagingIndicator,243,char,1,NULL,NULL,YES,NULL
dbo,CLAIMS,NoFinancialFlag,244,char,1,NULL,NULL,YES,NULL
dbo,CLAIMS,ClaimTypeAlpha,245,char,2,NULL,NULL,YES,NULL
dbo,CLAIMS,LTCIndicator,246,char,1,NULL,NULL,YES,NULL
dbo,CLAIMS,DURLvlOfEffort_1,247,char,2,NULL,NULL,YES,NULL
dbo,CLAIMS,DURReasonService_1,248,char,2,NULL,NULL,YES,NULL
dbo,CLAIMS,DURProfServiceCode_1,249,char,2,NULL,NULL,YES,NULL
dbo,CLAIMS,DURResultOfServCd_1,250,char,2,NULL,NULL,YES,NULL
dbo,CLAIMS,DURLvlOfEffort_2,251,char,2,NULL,NULL,YES,NULL
dbo,CLAIMS,DURReasonService_2,252,char,2,NULL,NULL,YES,NULL
dbo,CLAIMS,DURProfServiceCode_2,253,char,2,NULL,NULL,YES,NULL
dbo,CLAIMS,DURResultOfServCd_2,254,char,2,NULL,NULL,YES,NULL
dbo,CLAIMS,DURLvlOfEffort_3,255,char,2,NULL,NULL,YES,NULL
dbo,CLAIMS,DURReasonService_3,256,char,2,NULL,NULL,YES,NULL
dbo,CLAIMS,DURProfServiceCode_3,257,char,2,NULL,NULL,YES,NULL
dbo,CLAIMS,DURResultOfServCd_3,258,char,2,NULL,NULL,YES,NULL
dbo,CLAIMS,DURLvlOfEffort_4,259,char,2,NULL,NULL,YES,NULL
dbo,CLAIMS,DURReasonService_4,260,char,2,NULL,NULL,YES,NULL
dbo,CLAIMS,DURProfServiceCode_4,261,char,2,NULL,NULL,YES,NULL
dbo,CLAIMS,DURResultOfServCd_4,262,char,2,NULL,NULL,YES,NULL
dbo,CLAIMS,DURLvlOfEffort_5,263,char,2,NULL,NULL,YES,NULL
dbo,CLAIMS,DURReasonService_5,264,char,2,NULL,NULL,YES,NULL
dbo,CLAIMS,DURProfServiceCode_5,265,char,2,NULL,NULL,YES,NULL
dbo,CLAIMS,DURResultOfServCd_5,266,char,2,NULL,NULL,YES,NULL
dbo,CLAIMS,DURLvlOfEffort_6,267,char,2,NULL,NULL,YES,NULL
dbo,CLAIMS,DURReasonService_6,268,char,2,NULL,NULL,YES,NULL
dbo,CLAIMS,DURProfServiceCode_6,269,char,2,NULL,NULL,YES,NULL
dbo,CLAIMS,DURResultOfServCd_6,270,char,2,NULL,NULL,YES,NULL
dbo,CLAIMS,DURLvlOfEffort_7,271,char,2,NULL,NULL,YES,NULL
dbo,CLAIMS,DURReasonService_7,272,char,2,NULL,NULL,YES,NULL
dbo,CLAIMS,DURProfServiceCode_7,273,char,2,NULL,NULL,YES,NULL
dbo,CLAIMS,DURResultOfServCd_7,274,char,2,NULL,NULL,YES,NULL
dbo,CLAIMS,DURLvlOfEffort_8,275,char,2,NULL,NULL,YES,NULL
dbo,CLAIMS,DURReasonService_8,276,char,2,NULL,NULL,YES,NULL
dbo,CLAIMS,DURProfServiceCode_8,277,char,2,NULL,NULL,YES,NULL
dbo,CLAIMS,DURResultOfServCd_8,278,char,2,NULL,NULL,YES,NULL
dbo,CLAIMS,DURLvlOfEffort_9,279,char,2,NULL,NULL,YES,NULL
dbo,CLAIMS,DURReasonService_9,280,char,2,NULL,NULL,YES,NULL
dbo,CLAIMS,DURProfServiceCode_9,281,char,2,NULL,NULL,YES,NULL
dbo,CLAIMS,DURResultOfServCd_9,282,char,2,NULL,NULL,YES,NULL
dbo,CLAIMS,SCDClaim,283,char,1,NULL,NULL,YES,NULL
dbo,CLAIMS,Thresh5100,284,decimal,NULL,18,2,YES,NULL
dbo,CLAIMS,C_FormularyIDFlag,285,char,1,NULL,NULL,YES,NULL
dbo,CLAIMS,BrandConfigOccur,286,int,NULL,10,0,YES,NULL
dbo,CLAIMS,CardIDSentFromPharm,287,char,20,NULL,NULL,YES,NULL
dbo,CLAIMS,HMSPhysicianID,288,char,10,NULL,NULL,YES,NULL
dbo,CLAIMS,Tier,289,char,1,NULL,NULL,YES,NULL
dbo,CLAIMS,ClaimAdjudicationTime,290,char,26,NULL,NULL,YES,NULL
dbo,CLAIMS,Age,291,int,NULL,10,0,YES,NULL
dbo,CLAIMS,QuantityDispensed,292,decimal,NULL,18,3,YES,NULL
dbo,CLAIMS,PreviousRestackBatch,293,char,8,NULL,NULL,YES,NULL
dbo,CLAIMS,PreviousRestackClaim,294,int,NULL,10,0,YES,NULL
dbo,CLAIMS,WACRefPrice,295,decimal,NULL,18,2,YES,NULL
dbo,CLAIMS,SpecialtyFlag,296,char,1,NULL,NULL,YES,NULL
dbo,CLAIMS,MailOrderIndication,297,char,4,NULL,NULL,YES,NULL
dbo,CLAIMS,SpclPatientDispFee,298,decimal,NULL,18,2,YES,NULL
dbo,CLAIMS,HMSPOID,299,varchar,10,NULL,NULL,YES,NULL
dbo,CLAIMS,OrigRevBatch,300,varchar,8,NULL,NULL,YES,NULL
dbo,CLAIMS,OrigRevClaim,301,int,NULL,10,0,YES,NULL
dbo,CLAIMS,GrpBrokerNbr,302,varchar,4,NULL,NULL,YES,NULL
dbo,CLAIMS,LastModifiedDate,303,datetime,NULL,NULL,NULL,YES,NULL
dbo,CLAIMS,LastModifiedTime,304,datetime,NULL,NULL,NULL,YES,NULL
dbo,CLAIMS,LastModifiedBy,305,varchar,20,NULL,NULL,YES,NULL
dbo,CLAIMS,PaymentCenterID,306,varchar,6,NULL,NULL,YES,NULL
dbo,CLAIMS,RemitReconciliationID,307,varchar,6,NULL,NULL,YES,NULL
dbo,CLAIMS,PDMIRejectCode1,308,varchar,4,NULL,NULL,YES,NULL
dbo,CLAIMS,PDMIRejectCode2,309,varchar,4,NULL,NULL,YES,NULL
dbo,CLAIMS,PDMIRejectCode3,310,varchar,4,NULL,NULL,YES,NULL
dbo,CLAIMS,PDMIRejectCode4,311,varchar,4,NULL,NULL,YES,NULL
dbo,CLAIMS,PDMIRejectCode5,312,varchar,4,NULL,NULL,YES,NULL
dbo,CLAIMS,PDMIRejectCode6,313,varchar,4,NULL,NULL,YES,NULL
dbo,CLAIMS,PDMIRejectCode7,314,varchar,4,NULL,NULL,YES,NULL
dbo,CLAIMS,PDMIRejectCode8,315,varchar,4,NULL,NULL,YES,NULL
dbo,CLAIMS,PDMIRejectCode9,316,varchar,4,NULL,NULL,YES,NULL
dbo,CLAIMS,PDMIRejectCode10,317,varchar,4,NULL,NULL,YES,NULL
dbo,CLAIMS,PDMIRejectCode11,318,varchar,4,NULL,NULL,YES,NULL
dbo,CLAIMS,PDMIRejectCode12,319,varchar,4,NULL,NULL,YES,NULL
dbo,CLAIMS,PDMIRejectCode13,320,varchar,4,NULL,NULL,YES,NULL
dbo,CLAIMS,PDMIRejectCode14,321,varchar,4,NULL,NULL,YES,NULL
dbo,CLAIMS,PDMIRejectCode15,322,varchar,4,NULL,NULL,YES,NULL
dbo,CLAIMS,PDMIRejectCode16,323,varchar,4,NULL,NULL,YES,NULL
dbo,CLAIMS,PDMIRejectCode17,324,varchar,4,NULL,NULL,YES,NULL
dbo,CLAIMS,PDMIRejectCode18,325,varchar,4,NULL,NULL,YES,NULL
dbo,CLAIMS,PDMIRejectCode19,326,varchar,4,NULL,NULL,YES,NULL
dbo,CLAIMS,PDMIRejectCode20,327,varchar,4,NULL,NULL,YES,NULL
dbo,CLAIMS,AmountAppliedToOOP,328,decimal,NULL,18,2,YES,NULL
dbo,CLAIMS,N1ClaimKey,329,char,14,NULL,NULL,YES,NULL
dbo,CLAIMS,N1BatchNumber,330,char,8,NULL,NULL,YES,NULL
dbo,CLAIMS,N1ClaimNumber,331,int,NULL,10,0,YES,NULL
dbo,CLAIMS,UserID,332,varchar,15,NULL,NULL,YES,NULL
dbo,CLAIMS,OpioidFactor,333,decimal,NULL,18,2,YES,NULL
dbo,CLAIMS,ContractChainNumber,334,int,NULL,10,0,YES,NULL
dbo,CLAIMS,DifferentialClaimType,335,char,6,NULL,NULL,YES,NULL
dbo,CLAIMS,CarrierID,336,char,10,NULL,NULL,YES,NULL
dbo,CLAIMS,PharmElectronicFee,337,decimal,NULL,18,2,YES,NULL
dbo,CLAIMS,VaccineAdminFee,338,decimal,NULL,18,2,YES,NULL
dbo,CLAIMS,PrescriberIDQualifier,339,char,10,NULL,NULL,YES,NULL
dbo,CLAIMS,CTreeToggle,340,char,1,NULL,NULL,YES,NULL
dbo,CLAIMS,OrigMEDGenCode,341,char,1,NULL,NULL,YES,NULL
dbo,CLAIMS,OthPayCovgType,342,varchar,2,NULL,NULL,YES,NULL
dbo,CLAIMS,ScriptCareClaim,343,char,1,NULL,NULL,YES,NULL
dbo,CLAIMS,ScriptcareNetPricing,344,char,1,NULL,NULL,YES,NULL
dbo,CLAIMS,QuantityPrescribed,345,decimal,NULL,18,3,YES,NULL
dbo,CLAIMS,PDMIAdminFee,346,decimal,NULL,18,2,YES,NULL
dbo,CLAIMS,ClientSysSpoAdminFee,347,decimal,NULL,18,2,YES,NULL
dbo,CLAIMS,ClientSpoGrpAdminFee,348,decimal,NULL,18,2,YES,NULL
dbo,CLAIMS,ClaimCategory,349,varchar,12,NULL,NULL,YES,NULL
dbo,CLAIMS,PLAN_KEY,350,char,16,NULL,NULL,YES,NULL
dbo,CLAIMS,PLAN_NUMBER,351,char,8,NULL,NULL,YES,NULL
dbo,CLAIMS,ADD_TO_TROOP,352,decimal,NULL,18,2,YES,NULL
dbo,CLAIMS,ClientBasisOfCost,353,varchar,2,NULL,NULL,YES,NULL
dbo,CLAIMS,PharmBasisOfCost,354,varchar,2,NULL,NULL,YES,NULL
dbo,CLAIMS,GroupFromPharm,355,varchar,15,NULL,NULL,YES,NULL
dbo,CLAIMS,TaxExemptFlag,356,char,1,NULL,NULL,YES,NULL
dbo,CLAIMS,NetworkReimbID,357,varchar,10,NULL,NULL,YES,NULL
dbo,CLAIMS_BALANCING_DAILY,PROCESS_DATE,1,datetime,NULL,NULL,NULL,NO,NULL
dbo,CLAIMS_BALANCING_DAILY,CLAIM_COUNT,2,int,NULL,10,0,YES,NULL
dbo,CLAIMS_BALANCING_DAILY,AUDIT_DATE,3,datetime,NULL,NULL,NULL,YES,NULL
dbo,CLAIMS_BALANCING_DAILY,AUDIT_CLAIM_COUNT,4,int,NULL,10,0,YES,NULL
dbo,CLAIMS_BALANCING_DAILY,AUDIT_CLAIM_COUNT_DIFFERENCE,5,int,NULL,10,0,YES,NULL
dbo,CLAIMS_BALANCING_DAILY,WRITTEN_CLAIM_COUNT,6,int,NULL,10,0,YES,NULL
dbo,CLAIMS_BALANCING_DAILY,TOTAL_ERROR_COUNT,7,int,NULL,10,0,YES,NULL
dbo,CLAIMS_BALANCING_DAILY,PAID_ERROR_COUNT,8,int,NULL,10,0,YES,NULL
dbo,CLAIMS_DEMOGRAPHICS,CLAIMS_DEMOGRAPHICS_KEY,1,char,14,NULL,NULL,NO,NULL
dbo,CLAIMS_DEMOGRAPHICS,BATCH_NUMBER,2,char,8,NULL,NULL,YES,NULL
dbo,CLAIMS_DEMOGRAPHICS,CLAIM_NUMBER,3,int,NULL,10,0,YES,NULL
dbo,CLAIMS_DEMOGRAPHICS,PATIENT_STREET,4,char,30,NULL,NULL,YES,NULL
dbo,CLAIMS_DEMOGRAPHICS,PATIENT_CITY,5,char,20,NULL,NULL,YES,NULL
dbo,CLAIMS_DEMOGRAPHICS,PATIENT_STATE,6,char,2,NULL,NULL,YES,NULL
dbo,CLAIMS_DEMOGRAPHICS,PATIENT_ZIP_CODE,7,char,15,NULL,NULL,YES,NULL
dbo,CLAIMS_DEMOGRAPHICS,PATIENT_PHONE_NUMBER,8,char,10,NULL,NULL,YES,NULL
dbo,CLAIMS_DEMOGRAPHICS,PATIENT_CARD_ID,9,char,20,NULL,NULL,YES,NULL
dbo,CLAIMS_DEMOGRAPHICS,WarehouseLoadDate,10,datetime,NULL,NULL,NULL,YES,NULL
dbo,CLAIMS_DEMOGRAPHICS,WarehouseChangeDate,11,datetime,NULL,NULL,NULL,YES,NULL
dbo,CLAIMS_DEMOGRAPHICS_NEW,CLAIMS_DEMOGRAPHICS_KEY,1,char,14,NULL,NULL,NO,NULL
dbo,CLAIMS_DEMOGRAPHICS_NEW,BATCH_NUMBER,2,char,8,NULL,NULL,YES,NULL
dbo,CLAIMS_DEMOGRAPHICS_NEW,CLAIM_NUMBER,3,int,NULL,10,0,YES,NULL
dbo,CLAIMS_DEMOGRAPHICS_NEW,PATIENT_STREET,4,varchar,40,NULL,NULL,YES,NULL
dbo,CLAIMS_DEMOGRAPHICS_NEW,PatientStreet2,5,varchar,40,NULL,NULL,YES,NULL
dbo,CLAIMS_DEMOGRAPHICS_NEW,PATIENT_CITY,6,varchar,20,NULL,NULL,YES,NULL
dbo,CLAIMS_DEMOGRAPHICS_NEW,PATIENT_STATE,7,varchar,2,NULL,NULL,YES,NULL
dbo,CLAIMS_DEMOGRAPHICS_NEW,PATIENT_ZIP_CODE,8,varchar,15,NULL,NULL,YES,NULL
dbo,CLAIMS_DEMOGRAPHICS_NEW,PATIENT_PHONE_NUMBER,9,varchar,10,NULL,NULL,YES,NULL
dbo,CLAIMS_DEMOGRAPHICS_NEW,PATIENT_CARD_ID,10,varchar,20,NULL,NULL,YES,NULL
dbo,CLAIMS_DEMOGRAPHICS_NEW,CountryCode,11,varchar,2,NULL,NULL,YES,NULL
dbo,CLAIMS_DEMOGRAPHICS_NEW,Email,12,varchar,80,NULL,NULL,YES,NULL
dbo,CLAIMS_DEMOGRAPHICS_NEW,WarehouseLoadDate,13,datetime,NULL,NULL,NULL,YES,NULL
dbo,CLAIMS_DEMOGRAPHICS_NEW,WarehouseChangeDate,14,datetime,NULL,NULL,NULL,YES,NULL
dbo,CLAIMS_EXCEPTION_CODES,EXCEPTION_CODE,1,float,NULL,53,NULL,YES,NULL
dbo,CLAIMS_EXCEPTION_CODES,DESCRIPTION_1,2,nvarchar,255,NULL,NULL,YES,NULL
dbo,CLAIMS_EXCEPTION_CODES,DESCRIPTION_2,3,nvarchar,255,NULL,NULL,YES,NULL
dbo,CLAIMS_EXCEPTION_CODES,DESCRIPTION_3,4,nvarchar,255,NULL,NULL,YES,NULL
dbo,CLAIMS_EXCEPTION_CODES,DESCRIPTION_4,5,nvarchar,255,NULL,NULL,YES,NULL
dbo,CLAIMS_EXCEPTION_CODES,DESCRIPTION_5,6,nvarchar,255,NULL,NULL,YES,NULL
dbo,CLAIMS_EXCEPTION_CODES,DESCRIPTION_6,7,nvarchar,255,NULL,NULL,YES,NULL
dbo,CLAIMS_EXCEPTION_CODES,F8,8,nvarchar,255,NULL,NULL,YES,NULL
dbo,CLAIMS_EXCEPTION_CODES,F9,9,nvarchar,255,NULL,NULL,YES,NULL
dbo,CLAIMS_EXCEPTION_CODES,F10,10,nvarchar,255,NULL,NULL,YES,NULL
dbo,CLAIMS_MSG_COB,BATCH_MASTER,1,char,8,NULL,NULL,NO,NULL
dbo,CLAIMS_MSG_COB,CLAIM_NUMBER,2,int,NULL,10,0,NO,NULL
dbo,CLAIMS_MSG_COB,SEGMENT_ID,3,char,4,NULL,NULL,NO,NULL
dbo,CLAIMS_MSG_COB,SEQ_ID,4,int,NULL,10,0,NO,NULL
dbo,CLAIMS_MSG_COB,CNT,5,int,NULL,10,0,YES,NULL
dbo,CLAIMS_MSG_COB,COV_TYPE_1,6,char,2,NULL,NULL,YES,NULL
dbo,CLAIMS_MSG_COB,ID_QUAL_1,7,char,2,NULL,NULL,YES,NULL
dbo,CLAIMS_MSG_COB,BIN_1,8,char,10,NULL,NULL,YES,NULL
dbo,CLAIMS_MSG_COB,PCN_1,9,char,10,NULL,NULL,YES,NULL
dbo,CLAIMS_MSG_COB,CARD_ID_1,10,char,20,NULL,NULL,YES,NULL
dbo,CLAIMS_MSG_COB,GROUP_ID_1,11,char,15,NULL,NULL,YES,NULL
dbo,CLAIMS_MSG_COB,PERSON_CODE_1,12,char,3,NULL,NULL,YES,NULL
dbo,CLAIMS_MSG_COB,PHONE_NUMBER_1,13,char,13,NULL,NULL,YES,NULL
dbo,CLAIMS_MSG_COB,COV_TYPE_2,14,char,2,NULL,NULL,YES,NULL
dbo,CLAIMS_MSG_COB,ID_QUAL_2,15,char,2,NULL,NULL,YES,NULL
dbo,CLAIMS_MSG_COB,BIN_2,16,char,10,NULL,NULL,YES,NULL
dbo,CLAIMS_MSG_COB,PCN_2,17,char,10,NULL,NULL,YES,NULL
dbo,CLAIMS_MSG_COB,CARD_ID_2,18,char,20,NULL,NULL,YES,NULL
dbo,CLAIMS_MSG_COB,GROUP_ID_2,19,char,15,NULL,NULL,YES,NULL
dbo,CLAIMS_MSG_COB,PERSON_CODE_2,20,char,3,NULL,NULL,YES,NULL
dbo,CLAIMS_MSG_COB,PHONE_NUMBER_2,21,char,13,NULL,NULL,YES,NULL
dbo,CLAIMS_MSG_COB,COV_TYPE_3,22,char,2,NULL,NULL,YES,NULL
dbo,CLAIMS_MSG_COB,ID_QUAL_3,23,char,2,NULL,NULL,YES,NULL
dbo,CLAIMS_MSG_COB,BIN_3,24,char,10,NULL,NULL,YES,NULL
dbo,CLAIMS_MSG_COB,PCN_3,25,char,10,NULL,NULL,YES,NULL
dbo,CLAIMS_MSG_COB,CARD_ID_3,26,char,20,NULL,NULL,YES,NULL
dbo,CLAIMS_MSG_COB,GROUP_ID_3,27,char,15,NULL,NULL,YES,NULL
dbo,CLAIMS_MSG_COB,PERSON_CODE_3,28,char,3,NULL,NULL,YES,NULL
dbo,CLAIMS_MSG_COB,PHONE_NUMBER_3,29,char,13,NULL,NULL,YES,NULL
dbo,CLAIMS_MSG_COB,COV_TYPE_4,30,char,2,NULL,NULL,YES,NULL
dbo,CLAIMS_MSG_COB,ID_QUAL_4,31,char,2,NULL,NULL,YES,NULL
dbo,CLAIMS_MSG_COB,BIN_4,32,char,10,NULL,NULL,YES,NULL
dbo,CLAIMS_MSG_COB,PCN_4,33,char,10,NULL,NULL,YES,NULL
dbo,CLAIMS_MSG_COB,CARD_ID_4,34,char,20,NULL,NULL,YES,NULL
dbo,CLAIMS_MSG_COB,GROUP_ID_4,35,char,15,NULL,NULL,YES,NULL
dbo,CLAIMS_MSG_COB,PERSON_CODE_4,36,char,3,NULL,NULL,YES,NULL
dbo,CLAIMS_MSG_COB,PHONE_NUMBER_4,37,char,13,NULL,NULL,YES,NULL
dbo,CLAIMS_MSG_COB,COV_TYPE_5,38,char,2,NULL,NULL,YES,NULL
dbo,CLAIMS_MSG_COB,ID_QUAL_5,39,char,2,NULL,NULL,YES,NULL
dbo,CLAIMS_MSG_COB,BIN_5,40,char,10,NULL,NULL,YES,NULL
dbo,CLAIMS_MSG_COB,PCN_5,41,char,10,NULL,NULL,YES,NULL
dbo,CLAIMS_MSG_COB,CARD_ID_5,42,char,20,NULL,NULL,YES,NULL
dbo,CLAIMS_MSG_COB,GROUP_ID_5,43,char,15,NULL,NULL,YES,NULL
dbo,CLAIMS_MSG_COB,PERSON_CODE_5,44,char,3,NULL,NULL,YES,NULL
dbo,CLAIMS_MSG_COB,PHONE_NUMBER_5,45,char,13,NULL,NULL,YES,NULL
dbo,CLAIMS_MSG_COB,WarehouseLoadDate,46,datetime,NULL,NULL,NULL,YES,NULL
dbo,CLAIMS_MSG_COB,WarehouseChangeDate,47,datetime,NULL,NULL,NULL,YES,NULL
dbo,CLAIMS_MSG_DUR,BATCH_MASTER,1,char,8,NULL,NULL,NO,NULL
dbo,CLAIMS_MSG_DUR,CLAIM_NUMBER,2,int,NULL,10,0,NO,NULL
dbo,CLAIMS_MSG_DUR,SEGMENT_ID,3,char,4,NULL,NULL,NO,NULL
dbo,CLAIMS_MSG_DUR,SEQ_ID,4,int,NULL,10,0,NO,NULL
dbo,CLAIMS_MSG_DUR,CONFLICT_CODE,5,char,2,NULL,NULL,YES,NULL
dbo,CLAIMS_MSG_DUR,SEVERITY,6,int,NULL,10,0,YES,NULL
dbo,CLAIMS_MSG_DUR,OTHER_PHARMACY,7,int,NULL,10,0,YES,NULL
dbo,CLAIMS_MSG_DUR,PREV_FILL_DATE,8,datetime,NULL,NULL,NULL,YES,NULL
dbo,CLAIMS_MSG_DUR,PREV_MET_QUAN,9,decimal,NULL,18,3,YES,NULL
dbo,CLAIMS_MSG_DUR,DATABASE_IND,10,char,1,NULL,NULL,YES,NULL
dbo,CLAIMS_MSG_DUR,OTHER_PRESCRI,11,int,NULL,10,0,YES,NULL
dbo,CLAIMS_MSG_DUR,FREE_TEXT,12,char,30,NULL,NULL,YES,NULL
dbo,CLAIMS_MSG_DUR,ADD_TEXT,13,char,100,NULL,NULL,YES,NULL
dbo,CLAIMS_MSG_DUR,WarehouseLoadDate,14,datetime,NULL,NULL,NULL,YES,NULL
dbo,CLAIMS_MSG_DUR,WarehouseChangeDate,15,datetime,NULL,NULL,NULL,YES,NULL
dbo,CLAIMS_MSG_HEADER,BATCH_MASTER,1,char,8,NULL,NULL,NO,NULL
dbo,CLAIMS_MSG_HEADER,CLAIM_NUMBER,2,int,NULL,10,0,NO,NULL
dbo,CLAIMS_MSG_HEADER,SEGMENT_ID,3,char,4,NULL,NULL,NO,NULL
dbo,CLAIMS_MSG_HEADER,SEQ_ID,4,int,NULL,10,0,NO,NULL
dbo,CLAIMS_MSG_HEADER,VER_NUMBER,5,char,2,NULL,NULL,YES,NULL
dbo,CLAIMS_MSG_HEADER,TRANS_CODE,6,char,2,NULL,NULL,YES,NULL
dbo,CLAIMS_MSG_HEADER,TRANSACTION_COUNT,7,char,1,NULL,NULL,YES,NULL
dbo,CLAIMS_MSG_HEADER,RESP_STATUS,8,char,1,NULL,NULL,YES,NULL
dbo,CLAIMS_MSG_HEADER,PROVIDER_QUALIFIER,9,char,2,NULL,NULL,YES,NULL
dbo,CLAIMS_MSG_HEADER,PHARMACY_NUMBER,10,int,NULL,10,0,YES,NULL
dbo,CLAIMS_MSG_HEADER,PHARM_DIGIT_7,11,int,NULL,10,0,YES,NULL
dbo,CLAIMS_MSG_HEADER,NPI,12,char,10,NULL,NULL,YES,NULL
dbo,CLAIMS_MSG_HEADER,RX_DATE,13,datetime,NULL,NULL,NULL,YES,NULL
dbo,CLAIMS_MSG_HEADER,MESSAGE,14,char,200,NULL,NULL,YES,NULL
dbo,CLAIMS_MSG_HEADER,WarehouseLoadDate,15,datetime,NULL,NULL,NULL,YES,NULL
dbo,CLAIMS_MSG_HEADER,WarehouseChangeDate,16,datetime,NULL,NULL,NULL,YES,NULL
dbo,CLAIMS_MSG_STATUS,BATCH_MASTER_STATUS,1,char,8,NULL,NULL,NO,NULL
dbo,CLAIMS_MSG_STATUS,CLAIMS_NUMBER_STATUS,2,int,NULL,10,0,NO,NULL
dbo,CLAIMS_MSG_STATUS,SEGMENT_ID,3,char,4,NULL,NULL,NO,NULL
dbo,CLAIMS_MSG_STATUS,SEQ_ID_STATUS,4,int,NULL,10,0,NO,NULL
dbo,CLAIMS_MSG_STATUS,TRANS_RESP_STATUS,5,char,1,NULL,NULL,YES,NULL
dbo,CLAIMS_MSG_STATUS,AUTH_NUMBER,6,char,20,NULL,NULL,YES,NULL
dbo,CLAIMS_MSG_STATUS,REJECT_COUNT,7,int,NULL,10,0,YES,NULL
dbo,CLAIMS_MSG_STATUS,REJECT_CODE_1,8,char,4,NULL,NULL,YES,NULL
dbo,CLAIMS_MSG_STATUS,REJECT_OCCUR_IND_1,9,int,NULL,10,0,YES,NULL
dbo,CLAIMS_MSG_STATUS,REJECT_CODE_2,10,char,4,NULL,NULL,YES,NULL
dbo,CLAIMS_MSG_STATUS,REJECT_OCCUR_IND_2,11,int,NULL,10,0,YES,NULL
dbo,CLAIMS_MSG_STATUS,REJECT_CODE_3,12,char,4,NULL,NULL,YES,NULL
dbo,CLAIMS_MSG_STATUS,REJECT_OCCUR_IND_3,13,int,NULL,10,0,YES,NULL
dbo,CLAIMS_MSG_STATUS,REJECT_CODE_4,14,char,4,NULL,NULL,YES,NULL
dbo,CLAIMS_MSG_STATUS,REJECT_OCCUR_IND_4,15,int,NULL,10,0,YES,NULL
dbo,CLAIMS_MSG_STATUS,REJECT_CODE_5,16,char,4,NULL,NULL,YES,NULL
dbo,CLAIMS_MSG_STATUS,REJECT_OCCUR_IND_5,17,int,NULL,10,0,YES,NULL
dbo,CLAIMS_MSG_STATUS,REJECT_CODE_6,18,char,4,NULL,NULL,YES,NULL
dbo,CLAIMS_MSG_STATUS,REJECT_OCCUR_IND_6,19,int,NULL,10,0,YES,NULL
dbo,CLAIMS_MSG_STATUS,REJECT_CODE_7,20,char,4,NULL,NULL,YES,NULL
dbo,CLAIMS_MSG_STATUS,REJECT_OCCUR_IND_7,21,int,NULL,10,0,YES,NULL
dbo,CLAIMS_MSG_STATUS,REJECT_CODE_8,22,char,4,NULL,NULL,YES,NULL
dbo,CLAIMS_MSG_STATUS,REJECT_OCCUR_IND_8,23,int,NULL,10,0,YES,NULL
dbo,CLAIMS_MSG_STATUS,REJECT_CODE_9,24,char,4,NULL,NULL,YES,NULL
dbo,CLAIMS_MSG_STATUS,REJECT_OCCUR_IND_9,25,int,NULL,10,0,YES,NULL
dbo,CLAIMS_MSG_STATUS,REJECT_CODE_10,26,char,4,NULL,NULL,YES,NULL
dbo,CLAIMS_MSG_STATUS,REJECT_OCCUR_IND_10,27,int,NULL,10,0,YES,NULL
dbo,CLAIMS_MSG_STATUS,REJECT_CODE_11,28,char,4,NULL,NULL,YES,NULL
dbo,CLAIMS_MSG_STATUS,REJECT_OCCUR_IND_11,29,int,NULL,10,0,YES,NULL
dbo,CLAIMS_MSG_STATUS,REJECT_CODE_12,30,char,4,NULL,NULL,YES,NULL
dbo,CLAIMS_MSG_STATUS,REJECT_OCCUR_IND_12,31,int,NULL,10,0,YES,NULL
dbo,CLAIMS_MSG_STATUS,REJECT_CODE_13,32,char,4,NULL,NULL,YES,NULL
dbo,CLAIMS_MSG_STATUS,REJECT_OCCUR_IND_13,33,int,NULL,10,0,YES,NULL
dbo,CLAIMS_MSG_STATUS,REJECT_CODE_14,34,char,4,NULL,NULL,YES,NULL
dbo,CLAIMS_MSG_STATUS,REJECT_OCCUR_IND_14,35,int,NULL,10,0,YES,NULL
dbo,CLAIMS_MSG_STATUS,REJECT_CODE_15,36,char,4,NULL,NULL,YES,NULL
dbo,CLAIMS_MSG_STATUS,REJECT_OCCUR_IND_15,37,int,NULL,10,0,YES,NULL
dbo,CLAIMS_MSG_STATUS,REJECT_CODE_16,38,char,4,NULL,NULL,YES,NULL
dbo,CLAIMS_MSG_STATUS,REJECT_OCCUR_IND_16,39,int,NULL,10,0,YES,NULL
dbo,CLAIMS_MSG_STATUS,REJECT_CODE_17,40,char,4,NULL,NULL,YES,NULL
dbo,CLAIMS_MSG_STATUS,REJECT_OCCUR_IND_17,41,int,NULL,10,0,YES,NULL
dbo,CLAIMS_MSG_STATUS,REJECT_CODE_18,42,char,4,NULL,NULL,YES,NULL
dbo,CLAIMS_MSG_STATUS,REJECT_OCCUR_IND_18,43,int,NULL,10,0,YES,NULL
dbo,CLAIMS_MSG_STATUS,REJECT_CODE_19,44,char,4,NULL,NULL,YES,NULL
dbo,CLAIMS_MSG_STATUS,REJECT_OCCUR_IND_19,45,int,NULL,10,0,YES,NULL
dbo,CLAIMS_MSG_STATUS,REJECT_CODE_20,46,char,4,NULL,NULL,YES,NULL
dbo,CLAIMS_MSG_STATUS,REJECT_OCCUR_IND_20,47,int,NULL,10,0,YES,NULL
dbo,CLAIMS_MSG_STATUS,APPR_MSG_COUNT,48,int,NULL,10,0,YES,NULL
dbo,CLAIMS_MSG_STATUS,APPR_MSG_CODE,49,char,3,NULL,NULL,YES,NULL
dbo,CLAIMS_MSG_STATUS,ADD_MSG_COUNT,50,int,NULL,10,0,YES,NULL
dbo,CLAIMS_MSG_STATUS,ADD_MSG_INFO_QUAL_1,51,char,2,NULL,NULL,YES,NULL
dbo,CLAIMS_MSG_STATUS,ADD_MSG_INFO_1,52,char,40,NULL,NULL,YES,NULL
dbo,CLAIMS_MSG_STATUS,ADD_MSG_INFO_CONT_1,53,char,1,NULL,NULL,YES,NULL
dbo,CLAIMS_MSG_STATUS,ADD_MSG_INFO_QUAL_2,54,char,2,NULL,NULL,YES,NULL
dbo,CLAIMS_MSG_STATUS,ADD_MSG_INFO_2,55,char,40,NULL,NULL,YES,NULL
dbo,CLAIMS_MSG_STATUS,ADD_MSG_INFO_CONT_2,56,char,1,NULL,NULL,YES,NULL
dbo,CLAIMS_MSG_STATUS,ADD_MSG_INFO_QUAL_3,57,char,2,NULL,NULL,YES,NULL
dbo,CLAIMS_MSG_STATUS,ADD_MSG_INFO_3,58,char,40,NULL,NULL,YES,NULL
dbo,CLAIMS_MSG_STATUS,ADD_MSG_INFO_CONT_3,59,char,1,NULL,NULL,YES,NULL
dbo,CLAIMS_MSG_STATUS,ADD_MSG_INFO_QUAL_4,60,char,2,NULL,NULL,YES,NULL
dbo,CLAIMS_MSG_STATUS,ADD_MSG_INFO_4,61,char,40,NULL,NULL,YES,NULL
dbo,CLAIMS_MSG_STATUS,ADD_MSG_INFO_CONT_4,62,char,1,NULL,NULL,YES,NULL
dbo,CLAIMS_MSG_STATUS,ADD_MSG_INFO_QUAL_5,63,char,2,NULL,NULL,YES,NULL
dbo,CLAIMS_MSG_STATUS,ADD_MSG_INFO_5,64,char,40,NULL,NULL,YES,NULL
dbo,CLAIMS_MSG_STATUS,ADD_MSG_INFO_CONT_5,65,char,1,NULL,NULL,YES,NULL
dbo,CLAIMS_MSG_STATUS,ADD_MSG_INFO_QUAL_6,66,char,2,NULL,NULL,YES,NULL
dbo,CLAIMS_MSG_STATUS,ADD_MSG_INFO_6,67,char,40,NULL,NULL,YES,NULL
dbo,CLAIMS_MSG_STATUS,ADD_MSG_INFO_CONT_6,68,char,1,NULL,NULL,YES,NULL
dbo,CLAIMS_MSG_STATUS,ADD_MSG_INFO_QUAL_7,69,char,2,NULL,NULL,YES,NULL
dbo,CLAIMS_MSG_STATUS,ADD_MSG_INFO_7,70,char,40,NULL,NULL,YES,NULL
dbo,CLAIMS_MSG_STATUS,ADD_MSG_INFO_CONT_7,71,char,1,NULL,NULL,YES,NULL
dbo,CLAIMS_MSG_STATUS,HELP_DESK_PHONE_NUM_QUAL,72,char,2,NULL,NULL,YES,NULL
dbo,CLAIMS_MSG_STATUS,HELP_DESK_PHONE_NUM,73,char,18,NULL,NULL,YES,NULL
dbo,CLAIMS_MSG_STATUS,WarehouseLoadDate,74,datetime,NULL,NULL,NULL,YES,NULL
dbo,CLAIMS_MSG_STATUS,WarehouseChangeDate,75,datetime,NULL,NULL,NULL,YES,NULL
dbo,Claims137History,ClaimKey,1,char,14,NULL,NULL,YES,NULL
dbo,Claims137History,RecordType,2,char,1,NULL,NULL,YES,NULL
dbo,Claims137History,GroupNumber,3,float,NULL,53,NULL,YES,NULL
dbo,Claims137History,CardholderNumber,4,char,10,NULL,NULL,YES,NULL
dbo,Claims137History,MemberNumber,5,char,2,NULL,NULL,YES,NULL
dbo,Claims137History,CardholderKey,6,char,20,NULL,NULL,YES,NULL
dbo,Claims137History,AdminFee,7,decimal,NULL,18,2,YES,NULL
dbo,Claims137History,Exception01,8,int,NULL,10,0,YES,NULL
dbo,Claims137History,Exception02,9,int,NULL,10,0,YES,NULL
dbo,Claims137History,Exception03,10,int,NULL,10,0,YES,NULL
dbo,Claims137History,Exception04,11,int,NULL,10,0,YES,NULL
dbo,Claims137History,Exception05,12,int,NULL,10,0,YES,NULL
dbo,Claims137History,DeductAmt,13,decimal,NULL,18,2,YES,NULL
dbo,Claims137History,DiffIngPaid,14,decimal,NULL,18,2,YES,NULL
dbo,Claims137History,DiffDispFee,15,decimal,NULL,18,2,YES,NULL
dbo,Claims137History,NoFinancialFlag,16,char,1,NULL,NULL,YES,NULL
dbo,Claims137History,AmtToOOP,17,decimal,NULL,18,2,YES,NULL
dbo,Claims137History,SpecialtyFlag,18,char,1,NULL,NULL,YES,NULL
dbo,Claims137History,SkipLimitFlag,19,int,NULL,10,0,YES,NULL
dbo,Claims137History,AmtAttrProcessorFee,20,decimal,NULL,18,2,YES,NULL
dbo,Claims137History,OpioidFactor,21,decimal,NULL,18,2,YES,NULL
dbo,Claims137History,N1ClaimKey,22,char,14,NULL,NULL,YES,NULL
dbo,Claims137History,ClaimType,23,int,NULL,10,0,YES,NULL
dbo,Claims137History,PaymentDir,24,int,NULL,10,0,YES,NULL
dbo,Claims137History,AdjCodeInfo,25,int,NULL,10,0,YES,NULL
dbo,Claims137History,AWP100Percent,26,decimal,NULL,18,2,YES,NULL
dbo,Claims137History,WarehouseChangeDate,27,datetime,NULL,NULL,NULL,YES,NULL
dbo,Claims137History,FileName,28,varchar,250,NULL,NULL,YES,NULL
dbo,Claims137History,ClaimReviewDate,29,datetime,NULL,NULL,NULL,YES,NULL
dbo,Claims137History,ChangeSentDate,30,datetime,NULL,NULL,NULL,YES,NULL
dbo,Claims137History,OrigMEDGenCode,31,char,1,NULL,NULL,YES,NULL
dbo,Claims137History,OthPayCovgType,32,varchar,2,NULL,NULL,YES,NULL
dbo,Claims137History,ScriptCareClaim,33,char,1,NULL,NULL,YES,NULL
dbo,Claims137History,ScriptcareNetPricing,34,char,1,NULL,NULL,YES,NULL
dbo,Claims137History,RejectCode1,35,int,NULL,10,0,YES,NULL
dbo,Claims137History,RejectCode2,36,int,NULL,10,0,YES,NULL
dbo,Claims137History,MemberBirthDate,37,datetime,NULL,NULL,NULL,YES,NULL
dbo,Claims137History,FormGT,38,int,NULL,10,0,YES,NULL
dbo,Claims137History,DMRNABP,39,int,NULL,10,0,YES,NULL
dbo,Claims137History,ChainNumber,40,int,NULL,10,0,YES,NULL
dbo,Claims137History,PharmacyNumber,41,int,NULL,10,0,YES,NULL
dbo,Claims137History,IngPaid,42,decimal,NULL,18,2,YES,NULL
dbo,Claims137History,MemberFirstName,43,char,15,NULL,NULL,YES,NULL
dbo,Claims137History,MemberLastName,44,char,20,NULL,NULL,YES,NULL
dbo,ClaimsAccumulator,ClaimKey,1,char,14,NULL,NULL,NO,NULL
dbo,ClaimsAccumulator,BatchMaster,2,char,8,NULL,NULL,YES,NULL
dbo,ClaimsAccumulator,ClaimType,3,char,1,NULL,NULL,NO,NULL
dbo,ClaimsAccumulator,ClaimNumber,4,int,NULL,10,0,YES,NULL
dbo,ClaimsAccumulator,LimitNumber,5,decimal,NULL,10,0,YES,NULL
dbo,ClaimsAccumulator,LimitMemberNumber,6,int,NULL,10,0,YES,NULL
dbo,ClaimsAccumulator,LimitBin,7,int,NULL,10,0,YES,NULL
dbo,ClaimsAccumulator,LimitRollDate,8,datetime,NULL,NULL,NULL,YES,NULL
dbo,ClaimsAccumulator,CopayKey,9,char,12,NULL,NULL,YES,NULL
dbo,ClaimsAccumulator,CopaySystemNumber,10,int,NULL,10,0,YES,NULL
dbo,ClaimsAccumulator,CopaySponsorNumber,11,int,NULL,10,0,YES,NULL
dbo,ClaimsAccumulator,CopayScheduleNumber,12,char,4,NULL,NULL,YES,NULL
dbo,ClaimsAccumulator,CopayScheduleType,13,char,6,NULL,NULL,YES,NULL
dbo,ClaimsAccumulator,ReimbRateNumber,14,int,NULL,10,0,YES,NULL
dbo,ClaimsAccumulator,ReimbRateGenType,15,char,6,NULL,NULL,YES,NULL
dbo,ClaimsAccumulator,ExceptCardholderNumber,16,char,10,NULL,NULL,YES,NULL
dbo,ClaimsAccumulator,ExceptMemberNumber,17,char,2,NULL,NULL,YES,NULL
dbo,ClaimsAccumulator,ExceptBin,18,int,NULL,10,0,YES,NULL
dbo,ClaimsAccumulator,ExceptGPI,19,char,14,NULL,NULL,YES,NULL
dbo,ClaimsAccumulator,PharmNetKey,20,char,16,NULL,NULL,YES,NULL
dbo,ClaimsAccumulator,PharmNetNetworkNumber,21,int,NULL,10,0,YES,NULL
dbo,ClaimsAccumulator,PharmNetNABPNumber,22,int,NULL,10,0,YES,NULL
dbo,ClaimsAccumulator,PharmNetStateCode,23,int,NULL,10,0,YES,NULL
dbo,ClaimsAccumulator,PlanSystemNumber,24,int,NULL,10,0,YES,NULL
dbo,ClaimsAccumulator,BrcBrandID,25,char,20,NULL,NULL,YES,NULL
dbo,ClaimsAccumulator,BrcMultiUseOneTimeFlag,26,char,1,NULL,NULL,YES,NULL
dbo,ClaimsAccumulator,BrcRxDate,27,datetime,NULL,NULL,NULL,YES,NULL
dbo,ClaimsAccumulator,BrcTodaysDate,28,datetime,NULL,NULL,NULL,YES,NULL
dbo,ClaimsAccumulator,BrcPharmacyStateCode,29,char,2,NULL,NULL,YES,NULL
dbo,ClaimsAccumulator,BrcPharmacyZipCode,30,char,9,NULL,NULL,YES,NULL
dbo,ClaimsAccumulator,BrcChain,31,int,NULL,10,0,YES,NULL
dbo,ClaimsAccumulator,BrcNABPNumber,32,int,NULL,10,0,YES,NULL
dbo,ClaimsAccumulator,BrcNdc,33,decimal,NULL,11,0,YES,NULL
dbo,ClaimsAccumulator,BrcGpi,34,char,14,NULL,NULL,YES,NULL
dbo,ClaimsAccumulator,BrcOthCovCode,35,int,NULL,10,0,YES,NULL
dbo,ClaimsAccumulator,BrcCompuMetQuant,36,decimal,NULL,18,3,YES,NULL
dbo,ClaimsAccumulator,BrcCompuSponsorNumber,37,int,NULL,10,0,YES,NULL
dbo,ClaimsAccumulator,BrcConfigType,38,char,1,NULL,NULL,YES,NULL
dbo,ClaimsAccumulator,BrcCobFlag,39,char,1,NULL,NULL,YES,NULL
dbo,ClaimsAccumulator,BrcCob38Flag,40,char,1,NULL,NULL,YES,NULL
dbo,ClaimsAccumulator,BrcCob8OnlyFlag,41,char,1,NULL,NULL,YES,NULL
dbo,ClaimsAccumulator,BrcSrtsFlag,42,char,1,NULL,NULL,YES,NULL
dbo,ClaimsAccumulator,BrcMinCopayFlag,43,char,1,NULL,NULL,YES,NULL
dbo,ClaimsAccumulator,BrcLimitsApplyFlag,44,char,1,NULL,NULL,YES,NULL
dbo,ClaimsAccumulator,BrcSkip212RejectFlag,45,char,1,NULL,NULL,YES,NULL
dbo,ClaimsAccumulator,BrcApply275RejectFlag,46,char,1,NULL,NULL,YES,NULL
dbo,ClaimsAccumulator,BrcApply538RejectFlag,47,char,1,NULL,NULL,YES,NULL
dbo,ClaimsAccumulator,BrcSkip232RejectFlag,48,char,1,NULL,NULL,YES,NULL
dbo,ClaimsAccumulator,BrcBrchnReject,49,char,1,NULL,NULL,YES,NULL
dbo,ClaimsAccumulator,BrcBrbenDSReject,50,char,1,NULL,NULL,YES,NULL
dbo,ClaimsAccumulator,BrcBrbenMQReject,51,char,1,NULL,NULL,YES,NULL
dbo,ClaimsAccumulator,BrcMassPrimaryRejectFlag,52,char,1,NULL,NULL,YES,NULL
dbo,ClaimsAccumulator,BrcMassCobRejectFlag,53,char,1,NULL,NULL,YES,NULL
dbo,ClaimsAccumulator,BrcNoMassRejectFlag,54,char,1,NULL,NULL,YES,NULL
dbo,ClaimsAccumulator,BrcMissingBrcfgReject,55,char,1,NULL,NULL,YES,NULL
dbo,ClaimsAccumulator,BrcMissingBrbenReject,56,char,1,NULL,NULL,YES,NULL
dbo,ClaimsAccumulator,BrcCopay,57,decimal,NULL,18,2,YES,NULL
dbo,ClaimsAccumulator,BrcMaxClaimAmt,58,decimal,NULL,18,2,YES,NULL
dbo,ClaimsAccumulator,BrcErrorStatusCode,59,char,2,NULL,NULL,YES,NULL
dbo,ClaimsAccumulator,BrcErrorFile,60,char,10,NULL,NULL,YES,NULL
dbo,ClaimsAccumulator,BrcErrorFlag,61,char,1,NULL,NULL,YES,NULL
dbo,ClaimsAccumulator,BrcRejectedOcc,62,int,NULL,10,0,YES,NULL
dbo,ClaimsAccumulator,BrcPharmRulesRejectFlag,63,char,1,NULL,NULL,YES,NULL
dbo,ClaimsAccumulator,BrcBiloWinnRulesRejectFlag,64,char,1,NULL,NULL,YES,NULL
dbo,ClaimsAccumulator,BrcApply249RejectFlag,65,char,1,NULL,NULL,YES,NULL
dbo,ClaimsAccumulator,DispMqMulti,66,decimal,NULL,18,3,YES,NULL
dbo,ClaimsAccumulator,WsQtyMultMessage,67,char,1,NULL,NULL,YES,NULL
dbo,ClaimsAccumulator,CrdCoverageType,68,char,1,NULL,NULL,YES,NULL
dbo,ClaimsAccumulator,GrpBrokerNumber,69,char,4,NULL,NULL,YES,NULL
dbo,ClaimsAccumulator,GrpLimitKind,70,char,1,NULL,NULL,YES,NULL
dbo,ClaimsAccumulator,SingleCopay,71,decimal,NULL,18,2,YES,NULL
dbo,ClaimsAccumulator,SingleCopayMax,72,decimal,NULL,18,2,YES,NULL
dbo,ClaimsAccumulator,SingleCopayDed,73,decimal,NULL,18,2,YES,NULL
dbo,ClaimsAccumulator,FamilyCopay,74,decimal,NULL,18,2,YES,NULL
dbo,ClaimsAccumulator,FamilyCopayMax,75,decimal,NULL,18,2,YES,NULL
dbo,ClaimsAccumulator,FamilyCopayDed,76,decimal,NULL,18,2,YES,NULL
dbo,ClaimsAccumulator,LimitPaid,77,decimal,NULL,18,2,YES,NULL
dbo,ClaimsAccumulator,LimitPaidMail,78,decimal,NULL,18,2,YES,NULL
dbo,ClaimsAccumulator,MaxLeft,79,decimal,NULL,18,2,YES,NULL
dbo,ClaimsAccumulator,MaxJPaid,80,decimal,NULL,18,2,YES,NULL
dbo,ClaimsAccumulator,MaxJLeft,81,decimal,NULL,18,2,YES,NULL
dbo,ClaimsAccumulator,MaxPaid,82,decimal,NULL,18,2,YES,NULL
dbo,ClaimsAccumulator,MaxPaidMail,83,decimal,NULL,18,2,YES,NULL
dbo,ClaimsAccumulator,LimitTIngBillBefore,84,decimal,NULL,18,2,YES,NULL
dbo,ClaimsAccumulator,LimitTCopayBefore,85,decimal,NULL,18,2,YES,NULL
dbo,ClaimsAccumulator,LimitTDispBefore,86,decimal,NULL,18,2,YES,NULL
dbo,ClaimsAccumulator,LimitTTaxBefore,87,decimal,NULL,18,2,YES,NULL
dbo,ClaimsAccumulator,LimitTIngPaidBefore,88,decimal,NULL,18,2,YES,NULL
dbo,ClaimsAccumulator,LimitLastQtrCarryOverBefore,89,decimal,NULL,18,2,YES,NULL
dbo,ClaimsAccumulator,LimitMIngBillBefore,90,decimal,NULL,18,2,YES,NULL
dbo,ClaimsAccumulator,LimitMCopayBefore,91,decimal,NULL,18,2,YES,NULL
dbo,ClaimsAccumulator,LimitMDispBefore,92,decimal,NULL,18,2,YES,NULL
dbo,ClaimsAccumulator,LimitMTaxBefore,93,decimal,NULL,18,2,YES,NULL
dbo,ClaimsAccumulator,LimitMIngPaidBefore,94,decimal,NULL,18,2,YES,NULL
dbo,ClaimsAccumulator,LimitLastQtrCarryOverMailBefore,95,decimal,NULL,18,2,YES,NULL
dbo,ClaimsAccumulator,LimitDedAmtOnlyBefore,96,decimal,NULL,18,2,YES,NULL
dbo,ClaimsAccumulator,LimitMedDNonLicsDedAmtBefore,97,decimal,NULL,18,2,YES,NULL
dbo,ClaimsAccumulator,LimitTroopAmtBefore,98,decimal,NULL,18,2,YES,NULL
dbo,ClaimsAccumulator,LimitTotDrug2250Before,99,decimal,NULL,18,2,YES,NULL
dbo,ClaimsAccumulator,LimitStandDedOnlyBefore,100,decimal,NULL,18,2,YES,NULL
dbo,ClaimsAccumulator,ExMaxDollarToDateBefore,101,decimal,NULL,18,2,YES,NULL
dbo,ClaimsAccumulator,LimitTIngBillAfter,102,decimal,NULL,18,2,YES,NULL
dbo,ClaimsAccumulator,LimitTCopayAfter,103,decimal,NULL,18,2,YES,NULL
dbo,ClaimsAccumulator,LimitTDispAfter,104,decimal,NULL,18,2,YES,NULL
dbo,ClaimsAccumulator,LimitTTaxAfter,105,decimal,NULL,18,2,YES,NULL
dbo,ClaimsAccumulator,LimitTIngPaidAfter,106,decimal,NULL,18,2,YES,NULL
dbo,ClaimsAccumulator,LimitLastQtrCarryOverAfter,107,decimal,NULL,18,2,YES,NULL
dbo,ClaimsAccumulator,LimitMIngBillAfter,108,decimal,NULL,18,2,YES,NULL
dbo,ClaimsAccumulator,LimitMCopayAfter,109,decimal,NULL,18,2,YES,NULL
dbo,ClaimsAccumulator,LimitMDispAfter,110,decimal,NULL,18,2,YES,NULL
dbo,ClaimsAccumulator,LimitMTaxAfter,111,decimal,NULL,18,2,YES,NULL
dbo,ClaimsAccumulator,LimitMIngPaidAfter,112,decimal,NULL,18,2,YES,NULL
dbo,ClaimsAccumulator,LimitLastQtrCarryOverMailAfter,113,decimal,NULL,18,2,YES,NULL
dbo,ClaimsAccumulator,LimitDedAmtOnlyAfter,114,decimal,NULL,18,2,YES,NULL
dbo,ClaimsAccumulator,LimitMedDNonLicsDedAmtAfter,115,decimal,NULL,18,2,YES,NULL
dbo,ClaimsAccumulator,LimitTroopAmtAfter,116,decimal,NULL,18,2,YES,NULL
dbo,ClaimsAccumulator,LimitTotDrug2250After,117,decimal,NULL,18,2,YES,NULL
dbo,ClaimsAccumulator,LimitStandDedOnlyAfter,118,decimal,NULL,18,2,YES,NULL
dbo,ClaimsAccumulator,ExMaxDollarToDateAfter,119,decimal,NULL,18,2,YES,NULL
dbo,ClaimsAccumulator,OOPSingleLimit,120,decimal,NULL,18,2,YES,NULL
dbo,ClaimsAccumulator,OOPFamilyLimit,121,decimal,NULL,18,2,YES,NULL
dbo,ClaimsAccumulator,DedSingleLimit,122,decimal,NULL,18,2,YES,NULL
dbo,ClaimsAccumulator,DedFamilyLimit,123,decimal,NULL,18,2,YES,NULL
dbo,ClaimsAccumulator,OOPSingleAppAmt,124,decimal,NULL,18,2,YES,NULL
dbo,ClaimsAccumulator,OOPFamilyAppAmt,125,decimal,NULL,18,2,YES,NULL
dbo,ClaimsAccumulator,DedSingleAppAmt,126,decimal,NULL,18,2,YES,NULL
dbo,ClaimsAccumulator,DedFamilyAppAmt,127,decimal,NULL,18,2,YES,NULL
dbo,ClaimsAccumulator,OOPSingleAppAmtYTD,128,decimal,NULL,18,2,YES,NULL
dbo,ClaimsAccumulator,OOPFamilyAppAmtYTD,129,decimal,NULL,18,2,YES,NULL
dbo,ClaimsAccumulator,DedSingleAppAmtYTD,130,decimal,NULL,18,2,YES,NULL
dbo,ClaimsAccumulator,DedFamilyAppAmtYTD,131,decimal,NULL,18,2,YES,NULL
dbo,ClaimsAccumulator,RecordLoadDateTime,132,datetime,NULL,NULL,NULL,YES,NULL
dbo,ClaimsAccumulator,RecordSentDateTime,133,datetime,NULL,NULL,NULL,YES,NULL
dbo,ClaimsAccumulator,CurrentClaimIndicator,134,char,1,NULL,NULL,YES,NULL
dbo,ClaimsAccumulator,UMRResubmit,135,varchar,10,NULL,NULL,YES,NULL
dbo,ClaimsAccumulator,FileDate,136,datetime,NULL,NULL,NULL,YES,NULL
dbo,ClaimsAccumulator,NSDEEffDate,137,datetime,NULL,NULL,NULL,YES,NULL
dbo,ClaimsAccumulator,NSDETermDate,138,datetime,NULL,NULL,NULL,YES,NULL
dbo,ClaimsAccumulator,NDCLocEffDate,139,datetime,NULL,NULL,NULL,YES,NULL
dbo,ClaimsAccumulator,NDCLocTermDate,140,datetime,NULL,NULL,NULL,YES,NULL
dbo,ClaimsAccumulator,OriginalClaimKey,141,char,14,NULL,NULL,YES,NULL
dbo,ClaimsAccumulator,OriginalBatchKey,142,char,8,NULL,NULL,YES,NULL
dbo,ClaimsAccumulator,OriginalClaimNumber,143,int,NULL,10,0,YES,NULL
dbo,ClaimsAccumulator,WarehouseLoadDate,144,datetime,NULL,NULL,NULL,YES,NULL
dbo,ClaimsAccumulator,WarehouseChangeDate,145,datetime,NULL,NULL,NULL,YES,NULL
dbo,ClaimsAccumulator,PlanSpecialtyConfigID,146,char,8,NULL,NULL,YES,NULL
dbo,ClaimsAccumulator,PlanSpecialtyTableID,147,char,8,NULL,NULL,YES,NULL
dbo,ClaimsAccumulator,VRXActionCode,148,varchar,8,NULL,NULL,YES,NULL
dbo,ClaimsAccumulator,EnrollBeginDate,149,datetime,NULL,NULL,NULL,YES,NULL
dbo,ClaimsAccumulator,EnrollTermDate,150,datetime,NULL,NULL,NULL,YES,NULL
dbo,ClaimsAccumulator,EnrollUseDate,151,datetime,NULL,NULL,NULL,YES,NULL
dbo,ClaimsAccumulator,NPPESBeginDate,152,datetime,NULL,NULL,NULL,YES,NULL
dbo,ClaimsAccumulator,NPPESTermDate,153,datetime,NULL,NULL,NULL,YES,NULL
dbo,ClaimsAccumulator,ProvFillInd,154,char,2,NULL,NULL,YES,NULL
dbo,ClaimsAccumulator,PDMIResult,155,char,1,NULL,NULL,YES,NULL
dbo,ClaimsAccumulator,EFResult,156,char,1,NULL,NULL,YES,NULL
dbo,ClaimsAccumulator,EFExcepCode,157,char,1,NULL,NULL,YES,NULL
dbo,ClaimsAccumulator,EFValueType,158,char,1,NULL,NULL,YES,NULL
dbo,ClaimsAccumulator,OpioidFactor,159,decimal,NULL,18,2,YES,NULL
dbo,ClaimsAccumulator,ContractChainNumber,160,int,NULL,10,0,YES,NULL
dbo,ClaimsAccumulator,FormNDCID,161,varchar,8,NULL,NULL,YES,NULL
dbo,ClaimsAccumulator,PlanNDCID,162,varchar,8,NULL,NULL,YES,NULL
dbo,ClaimsAccumulator,LimitRollupCode,163,varchar,20,NULL,NULL,YES,NULL
dbo,ClaimsAccumulator,LimitNumberS,164,decimal,NULL,10,0,YES,NULL
dbo,ClaimsAccumulator,LimitMemberNumberS,165,int,NULL,10,0,YES,NULL
dbo,ClaimsAccumulator,LimitBinS,166,int,NULL,10,0,YES,NULL
dbo,ClaimsAccumulator,LimitRollupCodeS,167,varchar,20,NULL,NULL,YES,NULL
dbo,ClaimsAccumulator,LimitRollDateS,168,datetime,NULL,NULL,NULL,YES,NULL
dbo,ClaimsAccumulator,SpecialtyTableID,169,char,8,NULL,NULL,YES,NULL
dbo,ClaimsAccumulator,SpecialtyGPI,170,char,14,NULL,NULL,YES,NULL
dbo,ClaimsAccumulator,SpecialtyConfigTableId,171,char,8,NULL,NULL,YES,NULL
dbo,ClaimsAccumulator,SpecialtyConfigGPI,172,char,14,NULL,NULL,YES,NULL
dbo,ClaimsAccumulator,SpecialtyConfigEffDate,173,datetime,NULL,NULL,NULL,YES,NULL
dbo,ClaimsAccumulator,SPCFDSSpecialtyConfigID,174,char,8,NULL,NULL,YES,NULL
dbo,ClaimsAccumulator,SPTDSSpecialtyTableID,175,char,8,NULL,NULL,YES,NULL
dbo,ClaimsAccumulator,TPMSystemNumber,176,int,NULL,10,0,YES,NULL
dbo,ClaimsAccumulator,TPMSponsorNumber,177,int,NULL,10,0,YES,NULL
dbo,ClaimsAccumulator,TPMGroupNumber,178,float,NULL,53,NULL,YES,NULL
dbo,ClaimsAccumulator,TPMRecType,179,int,NULL,10,0,YES,NULL
dbo,ClaimsAccumulator,TPMSequenceNumber,180,int,NULL,10,0,YES,NULL
dbo,ClaimsAccumulator,DiftTLink,181,char,5,NULL,NULL,YES,NULL
dbo,ClaimsAccumulator,DiftSystemNumber,182,int,NULL,10,0,YES,NULL
dbo,ClaimsAccumulator,DiftSponsorNumber,183,int,NULL,10,0,YES,NULL
dbo,ClaimsAccumulator,DiftGroupNumber,184,float,NULL,53,NULL,YES,NULL
dbo,ClaimsAccumulator,DiftNetworkNumber,185,int,NULL,10,0,YES,NULL
dbo,ClaimsAccumulator,DiftClaimType,186,char,6,NULL,NULL,YES,NULL
dbo,ClaimsAccumulator,DiftTableNumber,187,int,NULL,10,0,YES,NULL
dbo,ClaimsAccumulator,DiftDateType,188,char,2,NULL,NULL,YES,NULL
dbo,ClaimsAccumulator,DiftSequenceNumber,189,int,NULL,10,0,YES,NULL
dbo,ClaimsAccumulator,CFGTLink,190,char,5,NULL,NULL,YES,NULL
dbo,ClaimsAccumulator,CFGSystemNumber,191,int,NULL,10,0,YES,NULL
dbo,ClaimsAccumulator,CFGSponsorNumber,192,int,NULL,10,0,YES,NULL
dbo,ClaimsAccumulator,CFGGroupNumber,193,float,NULL,53,NULL,YES,NULL
dbo,ClaimsAccumulator,CFGRecType,194,char,3,NULL,NULL,YES,NULL
dbo,ClaimsAccumulator,CFGDateType,195,char,2,NULL,NULL,YES,NULL
dbo,ClaimsAccumulator,CFGDataType,196,char,3,NULL,NULL,YES,NULL
dbo,ClaimsAccumulator,CFGData,197,varchar,20,NULL,NULL,YES,NULL
dbo,ClaimsAccumulator,CFGAmtType,198,char,3,NULL,NULL,YES,NULL
dbo,ClaimsAccumulator,CFGOCC,199,int,NULL,10,0,YES,NULL
dbo,ClaimsAccumulator,CFGMinAmt,200,decimal,NULL,18,4,YES,NULL
dbo,ClaimsAccumulator,CFGMaxAmt,201,decimal,NULL,18,4,YES,NULL
dbo,ClaimsAccumulator,CFGSequenceNumber,202,int,NULL,10,0,YES,NULL
dbo,ClaimsAccumulator,RUCTLink,203,char,5,NULL,NULL,YES,NULL
dbo,ClaimsAccumulator,RUCSystemNumber,204,int,NULL,10,0,YES,NULL
dbo,ClaimsAccumulator,RUCSponsorNumber,205,int,NULL,10,0,YES,NULL
dbo,ClaimsAccumulator,RUCGroupNumber,206,float,NULL,53,NULL,YES,NULL
dbo,ClaimsAccumulator,RUCSequenceNumber,207,int,NULL,10,0,YES,NULL
dbo,ClaimsAccumulator,RCPRollupCode,208,varchar,20,NULL,NULL,YES,NULL
dbo,ClaimsAccumulator,RCPSequenceNumber,209,int,NULL,10,0,YES,NULL
dbo,ClaimsAccumulator,NSDENDC,210,decimal,NULL,11,0,YES,NULL
dbo,ClaimsAccumulator,NSDEORSystemNumber,211,int,NULL,10,0,YES,NULL
dbo,ClaimsAccumulator,NSDEORSponsorNumber,212,int,NULL,10,0,YES,NULL
dbo,ClaimsAccumulator,NSDEORGroupNumber,213,float,NULL,53,NULL,YES,NULL
dbo,ClaimsAccumulator,NSDEORPlan,214,char,8,NULL,NULL,YES,NULL
dbo,ClaimsAccumulator,NSDEORCardholderNumber,215,char,10,NULL,NULL,YES,NULL
dbo,ClaimsAccumulator,NSDEORMemberNumber,216,char,2,NULL,NULL,YES,NULL
dbo,ClaimsAccumulator,NSDEORNDC,217,decimal,NULL,11,0,YES,NULL
dbo,ClaimsAccumulator,NSDEORGPI,218,char,14,NULL,NULL,YES,NULL
dbo,ClaimsAccumulator,NSDEORSequenceNumber,219,int,NULL,10,0,YES,NULL
dbo,ClaimsAccumulator,NMNDC,220,decimal,NULL,11,0,YES,NULL
dbo,ClaimsAccumulator,NDCOVRNDCID,221,char,8,NULL,NULL,YES,NULL
dbo,ClaimsAccumulator,NDCOVRNDC,222,decimal,NULL,11,0,YES,NULL
dbo,ClaimsAccumulator,NDCOVRSequenceNumber,223,int,NULL,10,0,YES,NULL
dbo,ClaimsAccumulator,NLOCSponsorNumber,224,int,NULL,10,0,YES,NULL
dbo,ClaimsAccumulator,NLOCGroupNumber,225,float,NULL,53,NULL,YES,NULL
dbo,ClaimsAccumulator,NLOCNDC,226,decimal,NULL,11,0,YES,NULL
dbo,ClaimsAccumulator,BrcBrbenTermFlag,227,char,1,NULL,NULL,YES,NULL
dbo,ClaimsAccumulator,LimitTIngBillBS,228,decimal,NULL,18,2,YES,NULL
dbo,ClaimsAccumulator,LimitTCopayBS,229,decimal,NULL,18,2,YES,NULL
dbo,ClaimsAccumulator,LimitTDispBS,230,decimal,NULL,18,2,YES,NULL
dbo,ClaimsAccumulator,LimitTTaxBS,231,decimal,NULL,18,2,YES,NULL
dbo,ClaimsAccumulator,LimitTIngPaidBS,232,decimal,NULL,18,2,YES,NULL
dbo,ClaimsAccumulator,LimitLastQtrCarryOverBS,233,decimal,NULL,18,2,YES,NULL
dbo,ClaimsAccumulator,LimitMIngBillBS,234,decimal,NULL,18,2,YES,NULL
dbo,ClaimsAccumulator,LimitMCopayBS,235,decimal,NULL,18,2,YES,NULL
dbo,ClaimsAccumulator,LimitMDispBS,236,decimal,NULL,18,2,YES,NULL
dbo,ClaimsAccumulator,LimitMTaxBS,237,decimal,NULL,18,2,YES,NULL
dbo,ClaimsAccumulator,LimitMIngPaidBS,238,decimal,NULL,18,2,YES,NULL
dbo,ClaimsAccumulator,LimitLastQtrCarryOverMailBS,239,decimal,NULL,18,2,YES,NULL
dbo,ClaimsAccumulator,LimitDedAmtOnlyBS,240,decimal,NULL,18,2,YES,NULL
dbo,ClaimsAccumulator,LimitMedDNonLicsDedAmtBS,241,decimal,NULL,18,2,YES,NULL
dbo,ClaimsAccumulator,LimitTroopAmtBS,242,decimal,NULL,18,2,YES,NULL
dbo,ClaimsAccumulator,LimitTotDrug2250BS,243,decimal,NULL,18,2,YES,NULL
dbo,ClaimsAccumulator,LimitStandDedOnlyBS,244,decimal,NULL,18,2,YES,NULL
dbo,ClaimsAccumulator,LimitTIngBillAS,245,decimal,NULL,18,2,YES,NULL
dbo,ClaimsAccumulator,LimitTCopayAS,246,decimal,NULL,18,2,YES,NULL
dbo,ClaimsAccumulator,LimitTDispAS,247,decimal,NULL,18,2,YES,NULL
dbo,ClaimsAccumulator,LimitTTaxAS,248,decimal,NULL,18,2,YES,NULL
dbo,ClaimsAccumulator,LimitTIngPaidAS,249,decimal,NULL,18,2,YES,NULL
dbo,ClaimsAccumulator,LimitLastQtrCarryOverAS,250,decimal,NULL,18,2,YES,NULL
dbo,ClaimsAccumulator,LimitMIngBillAS,251,decimal,NULL,18,2,YES,NULL
dbo,ClaimsAccumulator,LimitMCopayAS,252,decimal,NULL,18,2,YES,NULL
dbo,ClaimsAccumulator,LimitMDispAS,253,decimal,NULL,18,2,YES,NULL
dbo,ClaimsAccumulator,LimitMTaxAS,254,decimal,NULL,18,2,YES,NULL
dbo,ClaimsAccumulator,LimitMIngPaidAS,255,decimal,NULL,18,2,YES,NULL
dbo,ClaimsAccumulator,LimitLastQtrCarryOverMailAS,256,decimal,NULL,18,2,YES,NULL
dbo,ClaimsAccumulator,LimitDedAmtOnlyAS,257,decimal,NULL,18,2,YES,NULL
dbo,ClaimsAccumulator,LimitMedDNonLicsDedAmtAS,258,decimal,NULL,18,2,YES,NULL
dbo,ClaimsAccumulator,LimitTroopAmtAS,259,decimal,NULL,18,2,YES,NULL
dbo,ClaimsAccumulator,LimitTotDrug2250AS,260,decimal,NULL,18,2,YES,NULL
dbo,ClaimsAccumulator,LimitStandDedOnlyAS,261,decimal,NULL,18,2,YES,NULL
dbo,ClaimsAccumulator,RUCTLinkS,262,char,5,NULL,NULL,YES,NULL
dbo,ClaimsAccumulator,RUCSystemNumberS,263,int,NULL,10,0,YES,NULL
dbo,ClaimsAccumulator,RUCSponsorNumberS,264,int,NULL,10,0,YES,NULL
dbo,ClaimsAccumulator,RUCGroupNumberS,265,float,NULL,53,NULL,YES,NULL
dbo,ClaimsAccumulator,RUCSequenceNumberS,266,int,NULL,10,0,YES,NULL
dbo,ClaimsAccumulator,PlanKey,267,char,16,NULL,NULL,YES,NULL
dbo,ClaimsAccumulator,PlanNumber,268,char,8,NULL,NULL,YES,NULL
dbo,ClaimsAccumulator,BrcCompuDaysSupply,269,bigint,NULL,19,0,YES,NULL
dbo,ClaimsAccumulator,BrcCompuRedempCount,270,bigint,NULL,19,0,YES,NULL
dbo,ClaimsAccumulator,BrcOccurence,271,bigint,NULL,19,0,YES,NULL
dbo,ClaimsAccumulator,PlMaxSingle,272,decimal,NULL,18,2,YES,NULL
dbo,ClaimsAccumulator,PlMaxFamily,273,decimal,NULL,18,2,YES,NULL
dbo,ClaimsAccumulator,PlDedSingle,274,decimal,NULL,18,2,YES,NULL
dbo,ClaimsAccumulator,PlDedFamily,275,decimal,NULL,18,2,YES,NULL
dbo,ClaimsAccumulator,PlSingMax,276,decimal,NULL,18,2,YES,NULL
dbo,ClaimsAccumulator,PlFamilyMax,277,decimal,NULL,18,2,YES,NULL
dbo,ClaimsAccumulator,PlLifetimeMax,278,decimal,NULL,18,2,YES,NULL
dbo,ClaimsAccumulator,PlTroopAmt,279,decimal,NULL,18,2,YES,NULL
dbo,ClaimsAccumulator,LimitClaimsBefore,280,bigint,NULL,19,0,YES,NULL
dbo,ClaimsAccumulator,LimitMClaimsBefore,281,bigint,NULL,19,0,YES,NULL
dbo,ClaimsAccumulator,ExOccurrenceBefore,282,bigint,NULL,19,0,YES,NULL
dbo,ClaimsAccumulator,ExMaxDollarBefore,283,decimal,NULL,18,2,YES,NULL
dbo,ClaimsAccumulator,LimitClaimsAfter,284,bigint,NULL,19,0,YES,NULL
dbo,ClaimsAccumulator,LimitMClaimsAfter,285,bigint,NULL,19,0,YES,NULL
dbo,ClaimsAccumulator,ExOccurrenceAfter,286,bigint,NULL,19,0,YES,NULL
dbo,ClaimsAccumulator,ExMaxDollarAfter,287,decimal,NULL,18,2,YES,NULL
dbo,ClaimsAccumulator,LimitClaimsBS,288,bigint,NULL,19,0,YES,NULL
dbo,ClaimsAccumulator,LimitMClaimsBS,289,bigint,NULL,19,0,YES,NULL
dbo,ClaimsAccumulator,LimitClaimsAS,290,bigint,NULL,19,0,YES,NULL
dbo,ClaimsAccumulator,LimitMClaimsAS,291,bigint,NULL,19,0,YES,NULL
dbo,ClaimsAccumulator,AddID,292,varchar,15,NULL,NULL,YES,NULL
dbo,ClaimsAccumulator,ChangeID,293,varchar,15,NULL,NULL,YES,NULL
dbo,ClaimsAccumulator,AddDate,294,datetime,NULL,NULL,NULL,YES,NULL
dbo,ClaimsAccumulator,ChangeDate,295,datetime,NULL,NULL,NULL,YES,NULL
dbo,ClaimsAccumulator,DiftNABP,296,int,NULL,10,0,YES,NULL
dbo,ClaimsAccumulator,DiftGPI,297,char,14,NULL,NULL,YES,NULL
dbo,ClaimsAccumulator,DiftNDC,298,decimal,NULL,11,0,YES,NULL
dbo,ClaimsAccumulator,FVSSBatchMaster,299,char,8,NULL,NULL,YES,NULL
dbo,ClaimsAccumulator,FVSSClaimNumber,300,int,NULL,10,0,YES,NULL
dbo,ClaimsAccumulator,FVSSClaimType,301,char,1,NULL,NULL,YES,NULL
dbo,ClaimsAccumulator,ResUID,302,varchar,36,NULL,NULL,YES,NULL
dbo,ClaimsAccumulator,ResProdType,303,varchar,20,NULL,NULL,YES,NULL
dbo,ClaimsAccumulator,ResResponseCode,304,varchar,10,NULL,NULL,YES,NULL
dbo,ClaimsAccumulator,ResResponseMsg,305,varchar,200,NULL,NULL,YES,NULL
dbo,ClaimsAccumulator,ResPharmMsg,306,varchar,200,NULL,NULL,YES,NULL
dbo,ClaimsAccumulator,ResIngCost,307,decimal,NULL,18,2,YES,NULL
dbo,ClaimsAccumulator,ResDispFee,308,decimal,NULL,18,2,YES,NULL
dbo,ClaimsAccumulator,ResTax,309,decimal,NULL,18,2,YES,NULL
dbo,ClaimsAccumulator,ResCopayAmtOvr,310,decimal,NULL,18,2,YES,NULL
dbo,ClaimsAccumulator,ResPDMIRejectOvr,311,varchar,10,NULL,NULL,YES,NULL
dbo,ClaimsAccumulator,ResSourceSysID,312,varchar,36,NULL,NULL,YES,NULL
dbo,ClaimsAccumulator,ResPIID,313,varchar,10,NULL,NULL,YES,NULL
dbo,ClaimsAccumulator,LimitMbrMax,314,decimal,NULL,18,2,YES,NULL
dbo,ClaimsCOB,Batch,1,char,10,NULL,NULL,NO,NULL
dbo,ClaimsCOB,ClaimNumber,2,int,NULL,10,0,NO,NULL
dbo,ClaimsCOB,OtherPayerCount,3,int,NULL,10,0,NO,NULL
dbo,ClaimsCOB,OPCovType,4,char,5,NULL,NULL,YES,NULL
dbo,ClaimsCOB,OPIDQual,5,char,5,NULL,NULL,YES,NULL
dbo,ClaimsCOB,OPID,6,char,15,NULL,NULL,YES,NULL
dbo,ClaimsCOB,OPDate,7,date,NULL,NULL,NULL,YES,NULL
dbo,ClaimsCOB,OPAmtCount,8,int,NULL,10,0,YES,NULL
dbo,ClaimsCOB,OPAmtQual1,9,char,5,NULL,NULL,YES,NULL
dbo,ClaimsCOB,OPAmtPaid1,10,decimal,NULL,18,2,YES,NULL
dbo,ClaimsCOB,OPAmtQual2,11,char,5,NULL,NULL,YES,NULL
dbo,ClaimsCOB,OPAmtPaid2,12,decimal,NULL,18,2,YES,NULL
dbo,ClaimsCOB,OPAmtQual3,13,char,5,NULL,NULL,YES,NULL
dbo,ClaimsCOB,OPAmtPaid3,14,decimal,NULL,18,2,YES,NULL
dbo,ClaimsCOB,OPAmtQual4,15,char,5,NULL,NULL,YES,NULL
dbo,ClaimsCOB,OPAmtPaid4,16,decimal,NULL,18,2,YES,NULL
dbo,ClaimsCOB,OPAmtQual5,17,char,5,NULL,NULL,YES,NULL
dbo,ClaimsCOB,OPAmtPaid5,18,decimal,NULL,18,2,YES,NULL
dbo,ClaimsCOB,OPAmtQual6,19,char,5,NULL,NULL,YES,NULL
dbo,ClaimsCOB,OPAmtPaid6,20,decimal,NULL,18,2,YES,NULL
dbo,ClaimsCOB,OPAmtQual7,21,char,5,NULL,NULL,YES,NULL
dbo,ClaimsCOB,OPAmtPaid7,22,decimal,NULL,18,2,YES,NULL
dbo,ClaimsCOB,OPAmtQual8,23,char,5,NULL,NULL,YES,NULL
dbo,ClaimsCOB,OPAmtPaid8,24,decimal,NULL,18,2,YES,NULL
dbo,ClaimsCOB,OPAmtQual9,25,char,5,NULL,NULL,YES,NULL
dbo,ClaimsCOB,OPAmtPaid9,26,decimal,NULL,18,2,YES,NULL
dbo,ClaimsCOB,OPRejectCount,27,int,NULL,10,0,YES,NULL
dbo,ClaimsCOB,OPRejectCode1,28,char,6,NULL,NULL,YES,NULL
dbo,ClaimsCOB,OPRejectCode2,29,char,6,NULL,NULL,YES,NULL
dbo,ClaimsCOB,OPRejectCode3,30,char,6,NULL,NULL,YES,NULL
dbo,ClaimsCOB,OPRejectCode4,31,char,6,NULL,NULL,YES,NULL
dbo,ClaimsCOB,OPRejectCode5,32,char,6,NULL,NULL,YES,NULL
dbo,ClaimsCOB,OPPatRespAmtCount,33,int,NULL,10,0,YES,NULL
dbo,ClaimsCOB,OPPatRespAmtQual1,34,char,5,NULL,NULL,YES,NULL
dbo,ClaimsCOB,OPPatRespAmt1,35,decimal,NULL,18,2,YES,NULL
dbo,ClaimsCOB,OPPatRespAmtQual2,36,char,5,NULL,NULL,YES,NULL
dbo,ClaimsCOB,OPPatRespAmt2,37,decimal,NULL,18,2,YES,NULL
dbo,ClaimsCOB,OPPatRespAmtQual3,38,char,5,NULL,NULL,YES,NULL
dbo,ClaimsCOB,OPPatRespAmt3,39,decimal,NULL,18,2,YES,NULL
dbo,ClaimsCOB,OPPatRespAmtQual4,40,char,5,NULL,NULL,YES,NULL
dbo,ClaimsCOB,OPPatRespAmt4,41,decimal,NULL,18,2,YES,NULL
dbo,ClaimsCOB,OPPatRespAmtQual5,42,char,5,NULL,NULL,YES,NULL
dbo,ClaimsCOB,OPPatRespAmt5,43,decimal,NULL,18,2,YES,NULL
dbo,ClaimsCOB,OPPatRespAmtQual6,44,char,5,NULL,NULL,YES,NULL
dbo,ClaimsCOB,OPPatRespAmt6,45,decimal,NULL,18,2,YES,NULL
dbo,ClaimsCOB,OPPatRespAmtQual7,46,char,5,NULL,NULL,YES,NULL
dbo,ClaimsCOB,OPPatRespAmt7,47,decimal,NULL,18,2,YES,NULL
dbo,ClaimsCOB,OPPatRespAmtQual8,48,char,5,NULL,NULL,YES,NULL
dbo,ClaimsCOB,OPPatRespAmt8,49,decimal,NULL,18,2,YES,NULL
dbo,ClaimsCOB,OPPatRespAmtQual9,50,char,5,NULL,NULL,YES,NULL
dbo,ClaimsCOB,OPPatRespAmt9,51,decimal,NULL,18,2,YES,NULL
dbo,ClaimsCOB,OPPatRespAmtQual10,52,char,5,NULL,NULL,YES,NULL
dbo,ClaimsCOB,OPPatRespAmt10,53,decimal,NULL,18,2,YES,NULL
dbo,ClaimsCOB,OPPatRespAmtQual11,54,char,5,NULL,NULL,YES,NULL
dbo,ClaimsCOB,OPPatRespAmt11,55,decimal,NULL,18,2,YES,NULL
dbo,ClaimsCOB,OPPatRespAmtQual12,56,char,5,NULL,NULL,YES,NULL
dbo,ClaimsCOB,OPPatRespAmt12,57,decimal,NULL,18,2,YES,NULL
dbo,ClaimsCOB,OPPatRespAmtQual13,58,char,5,NULL,NULL,YES,NULL
dbo,ClaimsCOB,OPPatRespAmt13,59,decimal,NULL,18,2,YES,NULL
dbo,ClaimsCOB,OPPatRespAmtQual14,60,char,5,NULL,NULL,YES,NULL
dbo,ClaimsCOB,OPPatRespAmt14,61,decimal,NULL,18,2,YES,NULL
dbo,ClaimsCOB,OPPatRespAmtQual15,62,char,5,NULL,NULL,YES,NULL
dbo,ClaimsCOB,OPPatRespAmt15,63,decimal,NULL,18,2,YES,NULL
dbo,ClaimsCOB,OPPatRespAmtQual16,64,char,5,NULL,NULL,YES,NULL
dbo,ClaimsCOB,OPPatRespAmt16,65,decimal,NULL,18,2,YES,NULL
dbo,ClaimsCOB,OPPatRespAmtQual17,66,char,5,NULL,NULL,YES,NULL
dbo,ClaimsCOB,OPPatRespAmt17,67,decimal,NULL,18,2,YES,NULL
dbo,ClaimsCOB,OPPatRespAmtQual18,68,char,5,NULL,NULL,YES,NULL
dbo,ClaimsCOB,OPPatRespAmt18,69,decimal,NULL,18,2,YES,NULL
dbo,ClaimsCOB,OPPatRespAmtQual19,70,char,5,NULL,NULL,YES,NULL
dbo,ClaimsCOB,OPPatRespAmt19,71,decimal,NULL,18,2,YES,NULL
dbo,ClaimsCOB,OPPatRespAmtQual20,72,char,5,NULL,NULL,YES,NULL
dbo,ClaimsCOB,OPPatRespAmt20,73,decimal,NULL,18,2,YES,NULL
dbo,ClaimsCOB,OPPatRespAmtQual21,74,char,5,NULL,NULL,YES,NULL
dbo,ClaimsCOB,OPPatRespAmt21,75,decimal,NULL,18,2,YES,NULL
dbo,ClaimsCOB,OPPatRespAmtQual22,76,char,5,NULL,NULL,YES,NULL
dbo,ClaimsCOB,OPPatRespAmt22,77,decimal,NULL,18,2,YES,NULL
dbo,ClaimsCOB,OPPatRespAmtQual23,78,char,5,NULL,NULL,YES,NULL
dbo,ClaimsCOB,OPPatRespAmt23,79,decimal,NULL,18,2,YES,NULL
dbo,ClaimsCOB,OPPatRespAmtQual24,80,char,5,NULL,NULL,YES,NULL
dbo,ClaimsCOB,OPPatRespAmt24,81,decimal,NULL,18,2,YES,NULL
dbo,ClaimsCOB,OPPatRespAmtQual25,82,char,5,NULL,NULL,YES,NULL
dbo,ClaimsCOB,OPPatRespAmt25,83,decimal,NULL,18,2,YES,NULL
dbo,ClaimsCOB,BenStageCount,84,int,NULL,10,0,YES,NULL
dbo,ClaimsCOB,BenStageQual1,85,char,5,NULL,NULL,YES,NULL
dbo,ClaimsCOB,BenStageAmt1,86,decimal,NULL,18,2,YES,NULL
dbo,ClaimsCOB,BenStageQual2,87,char,5,NULL,NULL,YES,NULL
dbo,ClaimsCOB,BenStageAmt2,88,decimal,NULL,18,2,YES,NULL
dbo,ClaimsCOB,BenStageQual3,89,char,5,NULL,NULL,YES,NULL
dbo,ClaimsCOB,BenStageAmt3,90,decimal,NULL,18,2,YES,NULL
dbo,ClaimsCOB,BenStageQual4,91,char,5,NULL,NULL,YES,NULL
dbo,ClaimsCOB,BenStageAmt4,92,decimal,NULL,18,2,YES,NULL
dbo,ClaimsCOB,ClaimKey,93,char,14,NULL,NULL,YES,NULL
dbo,ClaimsCOB,WarehouseLoadDate,94,datetime,NULL,NULL,NULL,YES,NULL
dbo,ClaimsCOB,WarehouseChangeDate,95,datetime,NULL,NULL,NULL,YES,NULL
dbo,ClaimsRestack,CLAIM_KEY,1,char,14,NULL,NULL,NO,NULL
dbo,ClaimsRestack,BATCH_NUMBER,2,char,8,NULL,NULL,YES,NULL
dbo,ClaimsRestack,CLAIM_NUMBER,3,int,NULL,10,0,YES,NULL
dbo,ClaimsRestack,CLAIM_TYPE,4,int,NULL,10,0,YES,NULL
dbo,ClaimsRestack,PAYMENT_DIR,5,int,NULL,10,0,YES,NULL
dbo,ClaimsRestack,CARDHOLDER_NUMBER,6,char,10,NULL,NULL,YES,NULL
dbo,ClaimsRestack,MEMBER_NUMBER,7,char,2,NULL,NULL,YES,NULL
dbo,ClaimsRestack,PHARMACY_NUMBER,8,int,NULL,10,0,YES,NULL
dbo,ClaimsRestack,NETWORK_KEY,9,char,16,NULL,NULL,YES,NULL
dbo,ClaimsRestack,CHAIN_NUMBER,10,int,NULL,10,0,YES,NULL
dbo,ClaimsRestack,REJECT_CODE_1,11,int,NULL,10,0,YES,NULL
dbo,ClaimsRestack,REJECT_CODE_2,12,int,NULL,10,0,YES,NULL
dbo,ClaimsRestack,PROCESS_DATE,13,datetime,NULL,NULL,NULL,YES,NULL
dbo,ClaimsRestack,RX_NUMBER,14,bigint,NULL,19,0,YES,NULL
dbo,ClaimsRestack,RX_DATE,15,datetime,NULL,NULL,NULL,YES,NULL
dbo,ClaimsRestack,RX_TIME,16,datetime,NULL,NULL,NULL,YES,NULL
dbo,ClaimsRestack,NEW_REFILL,17,char,1,NULL,NULL,YES,NULL
dbo,ClaimsRestack,GENERIC_CODE,18,char,1,NULL,NULL,YES,NULL
dbo,ClaimsRestack,DRUG_PREF_IND,19,char,2,NULL,NULL,YES,NULL
dbo,ClaimsRestack,METRIC_QUANTITY,20,decimal,NULL,18,3,YES,NULL
dbo,ClaimsRestack,DAYS_SUPPLY,21,int,NULL,10,0,YES,NULL
dbo,ClaimsRestack,ING_BILLED,22,decimal,NULL,18,2,YES,NULL
dbo,ClaimsRestack,ING_PAID,23,decimal,NULL,18,2,YES,NULL
dbo,ClaimsRestack,DISP_FEE,24,decimal,NULL,18,2,YES,NULL
dbo,ClaimsRestack,COPAY,25,decimal,NULL,18,2,YES,NULL
dbo,ClaimsRestack,TAX,26,decimal,NULL,18,2,YES,NULL
dbo,ClaimsRestack,ADMIN_FEE,27,decimal,NULL,18,2,YES,NULL
dbo,ClaimsRestack,AMOUNT_PAID,28,decimal,NULL,18,2,YES,NULL
dbo,ClaimsRestack,UCR_AMOUNT,29,decimal,NULL,18,2,YES,NULL
dbo,ClaimsRestack,AWP_PROCESSED,30,decimal,NULL,18,5,YES,NULL
dbo,ClaimsRestack,GENERIC_SAVINGS,31,decimal,NULL,18,2,YES,NULL
dbo,ClaimsRestack,MEMBER_BIRTH,32,datetime,NULL,NULL,NULL,YES,NULL
dbo,ClaimsRestack,SEX,33,char,1,NULL,NULL,YES,NULL
dbo,ClaimsRestack,CARDHOLDER_KEY,34,char,20,NULL,NULL,YES,NULL
dbo,ClaimsRestack,PHYSICIAN_KEY,35,char,14,NULL,NULL,YES,NULL
dbo,ClaimsRestack,DIAGNOSIS_CODE,36,char,6,NULL,NULL,YES,NULL
dbo,ClaimsRestack,GROUP_NUMBER,37,float,NULL,53,NULL,YES,NULL
dbo,ClaimsRestack,DRUG_KEY,38,char,15,NULL,NULL,YES,NULL
dbo,ClaimsRestack,GPI,39,char,14,NULL,NULL,YES,NULL
dbo,ClaimsRestack,NDC_TYPE_CODE,40,int,NULL,10,0,YES,NULL
dbo,ClaimsRestack,NDC,41,decimal,NULL,11,0,YES,NULL
dbo,ClaimsRestack,MAIN_DRUG,42,char,1,NULL,NULL,YES,NULL
dbo,ClaimsRestack,BENEFIT_KEY,43,char,24,NULL,NULL,YES,NULL
dbo,ClaimsRestack,COPAY_KEY,44,char,12,NULL,NULL,YES,NULL
dbo,ClaimsRestack,COPAY_TABLE,45,int,NULL,10,0,YES,NULL
dbo,ClaimsRestack,DISPENSE_TABLE,46,int,NULL,10,0,YES,NULL
dbo,ClaimsRestack,MAC_NUMBER,47,int,NULL,10,0,YES,NULL
dbo,ClaimsRestack,DAW_INDICATOR,48,char,1,NULL,NULL,YES,NULL
dbo,ClaimsRestack,COMPOUND_CODE,49,int,NULL,10,0,YES,NULL
dbo,ClaimsRestack,THIRD_PARTY_CODE,50,char,1,NULL,NULL,YES,NULL
dbo,ClaimsRestack,RX_OTC,51,char,1,NULL,NULL,YES,NULL
dbo,ClaimsRestack,ADJUSTMENT_CODE_2,52,int,NULL,10,0,YES,NULL
dbo,ClaimsRestack,GENERIC_TABLE,53,int,NULL,10,0,YES,NULL
dbo,ClaimsRestack,REIMB_RATE_TABLE,54,int,NULL,10,0,YES,NULL
dbo,ClaimsRestack,MAIL_ORDER_FLAG,55,char,1,NULL,NULL,YES,NULL
dbo,ClaimsRestack,LINE_NUMBER,56,int,NULL,10,0,YES,NULL
dbo,ClaimsRestack,CLAIMS_COUNTER,57,int,NULL,10,0,YES,NULL
dbo,ClaimsRestack,CURRENT_CLAIM_INDICATOR,58,char,1,NULL,NULL,YES,NULL
dbo,ClaimsRestack,PERIOD_ENDING,59,datetime,NULL,NULL,NULL,YES,NULL
dbo,ClaimsRestack,PAID_DATE,60,datetime,NULL,NULL,NULL,YES,NULL
dbo,ClaimsRestack,PRICE_INDICATOR,61,char,1,NULL,NULL,YES,NULL
dbo,ClaimsRestack,ADJUSTMENT_CODE,62,int,NULL,10,0,YES,NULL
dbo,ClaimsRestack,NETWORK_NUMBER,63,int,NULL,10,0,YES,NULL
dbo,ClaimsRestack,STEP_THERAPY_NUMBER,64,int,NULL,10,0,YES,NULL
dbo,ClaimsRestack,PCP_NUMBER,65,char,14,NULL,NULL,YES,NULL
dbo,ClaimsRestack,DATE_KEY,66,char,14,NULL,NULL,YES,NULL
dbo,ClaimsRestack,EXCEPTION_01,67,int,NULL,10,0,YES,NULL
dbo,ClaimsRestack,OVERRIDE_1,68,int,NULL,10,0,YES,NULL
dbo,ClaimsRestack,REL_CODE,69,char,2,NULL,NULL,YES,NULL
dbo,ClaimsRestack,SKIP_LIMIT_FLAG,70,int,NULL,10,0,YES,NULL
dbo,ClaimsRestack,EXCEPTION_02,71,int,NULL,10,0,YES,NULL
dbo,ClaimsRestack,EXCEPTION_03,72,int,NULL,10,0,YES,NULL
dbo,ClaimsRestack,EXCEPTION_04,73,int,NULL,10,0,YES,NULL
dbo,ClaimsRestack,EXCEPTION_05,74,int,NULL,10,0,YES,NULL
dbo,ClaimsRestack,EXCEPTION_06,75,int,NULL,10,0,YES,NULL
dbo,ClaimsRestack,EXCEPTION_07,76,int,NULL,10,0,YES,NULL
dbo,ClaimsRestack,EXCEPTION_08,77,int,NULL,10,0,YES,NULL
dbo,ClaimsRestack,EXCEPTION_09,78,int,NULL,10,0,YES,NULL
dbo,ClaimsRestack,EXCEPTION_10,79,int,NULL,10,0,YES,NULL
dbo,ClaimsRestack,EXCEPTION_11,80,int,NULL,10,0,YES,NULL
dbo,ClaimsRestack,EXCEPTION_12,81,int,NULL,10,0,YES,NULL
dbo,ClaimsRestack,EXCEPTION_13,82,int,NULL,10,0,YES,NULL
dbo,ClaimsRestack,EXCEPTION_14,83,int,NULL,10,0,YES,NULL
dbo,ClaimsRestack,EXCEPTION_15,84,int,NULL,10,0,YES,NULL
dbo,ClaimsRestack,EXCEPTION_16,85,int,NULL,10,0,YES,NULL
dbo,ClaimsRestack,EXCEPTION_17,86,int,NULL,10,0,YES,NULL
dbo,ClaimsRestack,EXCEPTION_18,87,int,NULL,10,0,YES,NULL
dbo,ClaimsRestack,EXCEPTION_19,88,int,NULL,10,0,YES,NULL
dbo,ClaimsRestack,EXCEPTION_20,89,int,NULL,10,0,YES,NULL
dbo,ClaimsRestack,OVERRIDE_2,90,int,NULL,10,0,YES,NULL
dbo,ClaimsRestack,OVERRIDE_3,91,int,NULL,10,0,YES,NULL
dbo,ClaimsRestack,OVERRIDE_4,92,int,NULL,10,0,YES,NULL
dbo,ClaimsRestack,OVERRIDE_5,93,int,NULL,10,0,YES,NULL
dbo,ClaimsRestack,OVERRIDE_6,94,int,NULL,10,0,YES,NULL
dbo,ClaimsRestack,OVERRIDE_7,95,int,NULL,10,0,YES,NULL
dbo,ClaimsRestack,OVERRIDE_8,96,int,NULL,10,0,YES,NULL
dbo,ClaimsRestack,OVERRIDE_9,97,int,NULL,10,0,YES,NULL
dbo,ClaimsRestack,OVERRIDE_10,98,int,NULL,10,0,YES,NULL
dbo,ClaimsRestack,FORM_GT,99,int,NULL,10,0,YES,NULL
dbo,ClaimsRestack,MAINT_GT,100,int,NULL,10,0,YES,NULL
dbo,ClaimsRestack,PHYSICIAN_KEY2,101,char,18,NULL,NULL,YES,NULL
dbo,ClaimsRestack,ADJ_CODE_1,102,int,NULL,10,0,YES,NULL
dbo,ClaimsRestack,ADJ_CODE_INFO,103,int,NULL,10,0,YES,NULL
dbo,ClaimsRestack,COVERAGE_TYPE,104,char,1,NULL,NULL,YES,NULL
dbo,ClaimsRestack,ORIG_RX_DATE,105,char,8,NULL,NULL,YES,NULL
dbo,ClaimsRestack,REFILLS_AUTH,106,int,NULL,10,0,YES,NULL
dbo,ClaimsRestack,REFILL_COUNT_NUM,107,int,NULL,10,0,YES,NULL
dbo,ClaimsRestack,REVERSAL_CODE,108,int,NULL,10,0,YES,NULL
dbo,ClaimsRestack,SYS_NUMBER,109,int,NULL,10,0,YES,NULL
dbo,ClaimsRestack,SPONSOR_NUMBER,110,int,NULL,10,0,YES,NULL
dbo,ClaimsRestack,UPD_CODE,111,int,NULL,10,0,YES,NULL
dbo,ClaimsRestack,PHO_NUMBER,112,char,14,NULL,NULL,YES,NULL
dbo,ClaimsRestack,CLAIM_CNTY,113,char,2,NULL,NULL,YES,NULL
dbo,ClaimsRestack,MEMBER_FIRST_NAME,114,char,15,NULL,NULL,YES,NULL
dbo,ClaimsRestack,MEMBER_MIDDLE_INITIAL,115,char,1,NULL,NULL,YES,NULL
dbo,ClaimsRestack,MEMBER_LAST_NAME,116,char,20,NULL,NULL,YES,NULL
dbo,ClaimsRestack,VERSION_NUMBER,117,char,1,NULL,NULL,YES,NULL
dbo,ClaimsRestack,AWP_100_PERCENT,118,decimal,NULL,18,2,YES,NULL
dbo,ClaimsRestack,DIFF_ING_PAID,119,decimal,NULL,18,2,YES,NULL
dbo,ClaimsRestack,DIFF_DISP_FEE,120,decimal,NULL,18,2,YES,NULL
dbo,ClaimsRestack,DIFF_TABLE_NUMBER,121,int,NULL,10,0,YES,NULL
dbo,ClaimsRestack,MAC_REFERENCE_PRICE,122,decimal,NULL,18,2,YES,NULL
dbo,ClaimsRestack,CONTRACT_RATE_PRICE,123,decimal,NULL,18,2,YES,NULL
dbo,ClaimsRestack,ORDER_NUMBER,124,char,20,NULL,NULL,YES,NULL
dbo,ClaimsRestack,DISPENSING_STATUS,125,char,1,NULL,NULL,YES,NULL
dbo,ClaimsRestack,ASSOC_RX_DATE,126,datetime,NULL,NULL,NULL,YES,NULL
dbo,ClaimsRestack,ASSOC_RX_NUMBER,127,bigint,NULL,19,0,YES,NULL
dbo,ClaimsRestack,INTENDED_DAYS_SUPPLY,128,int,NULL,10,0,YES,NULL
dbo,ClaimsRestack,PARTIAL_ING_COST_PAID,129,decimal,NULL,18,2,YES,NULL
dbo,ClaimsRestack,INTENDED_MET_QTY,130,decimal,NULL,18,3,YES,NULL
dbo,ClaimsRestack,TA_AMOUNT,131,decimal,NULL,18,2,YES,NULL
dbo,ClaimsRestack,OTHER_COVERAGE_CODE,132,int,NULL,10,0,YES,NULL
dbo,ClaimsRestack,OTHER_PAYOR_AMOUNT,133,decimal,NULL,18,2,YES,NULL
dbo,ClaimsRestack,DATE_OF_INJURY,134,datetime,NULL,NULL,NULL,YES,NULL
dbo,ClaimsRestack,INDEP_CODE,135,int,NULL,10,0,YES,NULL
dbo,ClaimsRestack,PENALTY_AMOUNT,136,decimal,NULL,18,2,YES,NULL
dbo,ClaimsRestack,PATIENT_LAST_NAME,137,char,20,NULL,NULL,YES,NULL
dbo,ClaimsRestack,PATIENT_MIDDLE_INITIAL,138,char,1,NULL,NULL,YES,NULL
dbo,ClaimsRestack,PATIENT_FIRST_NAME,139,char,15,NULL,NULL,YES,NULL
dbo,ClaimsRestack,SUB_CLARIFICATION_CODE1,140,int,NULL,10,0,YES,NULL
dbo,ClaimsRestack,SUB_CLARIFICATION_CODE2,141,int,NULL,10,0,YES,NULL
dbo,ClaimsRestack,SUB_CLARIFICATION_CODE3,142,int,NULL,10,0,YES,NULL
dbo,ClaimsRestack,PA_MC_CODE_AND_NUMBER,143,decimal,NULL,12,0,YES,NULL
dbo,ClaimsRestack,LEVEL_OF_SERVICE,144,int,NULL,10,0,YES,NULL
dbo,ClaimsRestack,MAX_AMT,145,decimal,NULL,18,2,YES,NULL
dbo,ClaimsRestack,DEDUCT_AMT,146,decimal,NULL,18,2,YES,NULL
dbo,ClaimsRestack,DMR_NABP,147,int,NULL,10,0,YES,NULL
dbo,ClaimsRestack,OTHER_PAYER_ORDER,148,int,NULL,10,0,YES,NULL
dbo,ClaimsRestack,NONLICS_DEDUCT_AMT,149,decimal,NULL,18,2,YES,NULL
dbo,ClaimsRestack,STANDARD_DEDUCT_AMT,150,decimal,NULL,18,2,YES,NULL
dbo,ClaimsRestack,SPECIAL_DEDUCT_AMT,151,decimal,NULL,18,2,YES,NULL
dbo,ClaimsRestack,TEAM_MEMBER,152,char,4,NULL,NULL,YES,NULL
dbo,ClaimsRestack,NPI_NUMBER,153,char,10,NULL,NULL,YES,NULL
dbo,ClaimsRestack,CARD_SEQ_NUMBER,154,int,NULL,10,0,YES,NULL
dbo,ClaimsRestack,PURGE_STATUS,155,int,NULL,10,0,YES,NULL
dbo,ClaimsRestack,DATA_ERROR_MESSAGE,156,varchar,150,NULL,NULL,YES,NULL
dbo,ClaimsRestack,PCN,157,char,10,NULL,NULL,YES,NULL
dbo,ClaimsRestack,BIN_NUMBER,158,int,NULL,10,0,YES,NULL
dbo,ClaimsRestack,EFT_PAYMENT,159,char,1,NULL,NULL,YES,NULL
dbo,ClaimsRestack,MEDD_GAP_DISCOUNT,160,decimal,NULL,18,2,YES,NULL
dbo,ClaimsRestack,MEDD_BEG_PHASE,161,char,1,NULL,NULL,YES,NULL
dbo,ClaimsRestack,MEDD_END_PHASE,162,char,1,NULL,NULL,YES,NULL
dbo,ClaimsRestack,RXNUMBER_LENGTH,163,int,NULL,10,0,YES,NULL
dbo,ClaimsRestack,PATIENT_PAID_AMOUNT,164,decimal,NULL,18,2,YES,NULL
dbo,ClaimsRestack,SUB_CLARIFICATION_COUNT,165,int,NULL,10,0,YES,NULL
dbo,ClaimsRestack,OTHER_PAYER_BIN,166,int,NULL,10,0,YES,NULL
dbo,ClaimsRestack,TRANS_REF_NUMBER,167,char,10,NULL,NULL,YES,NULL
dbo,ClaimsRestack,OTHER_PAYER_PCN,168,char,14,NULL,NULL,YES,NULL
dbo,ClaimsRestack,OTHER_PAYER_GROUP,169,char,14,NULL,NULL,YES,NULL
dbo,ClaimsRestack,SOJ,170,char,2,NULL,NULL,YES,NULL
dbo,ClaimsRestack,OTHER_PAYER_CARDHOLDER,171,char,20,NULL,NULL,YES,NULL
dbo,ClaimsRestack,COMPOUND_DOSAGE_DESCRIPTION_CODE,172,char,2,NULL,NULL,YES,NULL
dbo,ClaimsRestack,COMPOUND_DISPENSING_ID,173,char,1,NULL,NULL,YES,NULL
dbo,ClaimsRestack,COMPOUND_COUNT,174,int,NULL,10,0,YES,NULL
dbo,ClaimsRestack,AMT_APPLIED_PERIOD_DEDUCT,175,decimal,NULL,18,2,YES,NULL
dbo,ClaimsRestack,AMT_EXCEED_PERIOD_BENEFIT,176,decimal,NULL,18,2,YES,NULL
dbo,ClaimsRestack,AMT_COPAY,177,decimal,NULL,18,2,YES,NULL
dbo,ClaimsRestack,AMT_COINSURANCE,178,decimal,NULL,18,2,YES,NULL
dbo,ClaimsRestack,AMT_ATTR_PROCESSOR_FEE,179,decimal,NULL,18,2,YES,NULL
dbo,ClaimsRestack,AMT_ATTR_SALES_TAX,180,decimal,NULL,18,2,YES,NULL
dbo,ClaimsRestack,AMT_ATTR_PROVIDER_NET_SELECT,181,decimal,NULL,18,2,YES,NULL
dbo,ClaimsRestack,AMT_ATTR_PROD_SEL_BRAND,182,decimal,NULL,18,2,YES,NULL
dbo,ClaimsRestack,AMT_ATTR_PROD_SEL_NON_PF,183,decimal,NULL,18,2,YES,NULL
dbo,ClaimsRestack,AMT_ATTR_PROD_SEL_BRD_NON_PF,184,decimal,NULL,18,2,YES,NULL
dbo,ClaimsRestack,HEALTH_PLAN_FUNDED_ASSIST_AMT,185,decimal,NULL,18,2,YES,NULL
dbo,ClaimsRestack,GROSS_AMOUNT_DUE,186,decimal,NULL,18,2,YES,NULL
dbo,ClaimsRestack,INCENTIVE_AMOUNT_SUB,187,decimal,NULL,18,2,YES,NULL
dbo,ClaimsRestack,DISPENSING_FEE_SUB,188,decimal,NULL,18,2,YES,NULL
dbo,ClaimsRestack,OTHER_AMOUNT_CLAIMED_SUB,189,decimal,NULL,18,2,YES,NULL
dbo,ClaimsRestack,FLAT_SALES_TAX_AMOUNT_SUB,190,decimal,NULL,18,2,YES,NULL
dbo,ClaimsRestack,PCT_SALES_TAX_AMOUNT_SUB,191,decimal,NULL,18,2,YES,NULL
dbo,ClaimsRestack,PCT_SALES_TAX_RATE_SUB,192,decimal,NULL,18,4,YES,NULL
dbo,ClaimsRestack,MEDICAID_SUBROGATION,193,char,20,NULL,NULL,YES,NULL
dbo,ClaimsRestack,MEDICAID_PAID_AMT,194,decimal,NULL,18,2,YES,NULL
dbo,ClaimsRestack,PHARMACY_SERVICE_TYPE,195,int,NULL,10,0,YES,NULL
dbo,ClaimsRestack,PHARMACIST_LICENSE,196,varchar,50,NULL,NULL,YES,NULL
dbo,ClaimsRestack,SEQUENCE_NUMBER,197,varbinary,20,NULL,NULL,YES,NULL
dbo,ClaimsRestack,UID,198,varchar,36,NULL,NULL,YES,NULL
dbo,ClaimsRestack,NABP_7,199,varchar,7,NULL,NULL,YES,NULL
dbo,ClaimsRestack,PREFERRED_STATUS,200,char,1,NULL,NULL,YES,NULL
dbo,ClaimsRestack,RX_ORIGIN_CODE,201,int,NULL,10,0,YES,NULL
dbo,ClaimsRestack,CUSTOMER_LOCATION,202,int,NULL,10,0,YES,NULL
dbo,ClaimsRestack,ELIGIBILITY_CLARIFICATION_CODE,203,int,NULL,10,0,YES,NULL
dbo,ClaimsRestack,PRIMARY_PRESCRIBER,204,char,10,NULL,NULL,YES,NULL
dbo,ClaimsRestack,BASIS_OF_COST_DETERMINATION,205,char,2,NULL,NULL,YES,NULL
dbo,ClaimsRestack,DOCUMENT_NUMBER,206,int,NULL,10,0,YES,NULL
dbo,ClaimsRestack,TIME,207,time,NULL,NULL,NULL,YES,NULL
dbo,ClaimsRestack,PROCESSOR_CONTROL_FLAG,208,char,1,NULL,NULL,YES,NULL
dbo,ClaimsRestack,DMR_REIMBURSEMENT_PAYMENT_TYPE,209,int,NULL,10,0,YES,NULL
dbo,ClaimsRestack,PHARMACY_OPTION,210,char,1,NULL,NULL,YES,NULL
dbo,ClaimsRestack,PHARMACY_NAME,211,char,30,NULL,NULL,YES,NULL
dbo,ClaimsRestack,PRODUCT_DESCRIPTION_ABBREVIATION,212,char,25,NULL,NULL,YES,NULL
dbo,ClaimsRestack,ALT_CARDHOLDER_NUMBER,213,char,13,NULL,NULL,YES,NULL
dbo,ClaimsRestack,ALT_GROUP_NUMBER,214,char,12,NULL,NULL,YES,NULL
dbo,ClaimsRestack,THERA_CLASS,215,int,NULL,10,0,YES,NULL
dbo,ClaimsRestack,RX_OTC_CLASS,216,char,1,NULL,NULL,YES,NULL
dbo,ClaimsRestack,BATCH_DATE,217,datetime,NULL,NULL,NULL,YES,NULL
dbo,ClaimsRestack,BENEFIT_CODE,218,char,16,NULL,NULL,YES,NULL
dbo,ClaimsRestack,CLAIM_INDICATOR,219,char,1,NULL,NULL,YES,NULL
dbo,ClaimsRestack,RX_DATE_JULIAN,220,int,NULL,10,0,YES,NULL
dbo,ClaimsRestack,BATCH_DATE_JULIAN,221,int,NULL,10,0,YES,NULL
dbo,ClaimsRestack,COUNTY,222,char,2,NULL,NULL,YES,NULL
dbo,ClaimsRestack,SEQUENCENUMBER,223,varchar,20,NULL,NULL,YES,NULL
dbo,ClaimsRestack,PHYSICIAN_NUMBER_X,224,varchar,50,NULL,NULL,YES,NULL
dbo,ClaimsRestack,CMS_PART_D_FACILITY,225,varchar,1,NULL,NULL,YES,NULL
dbo,ClaimsRestack,APPROVED_MSG_CODE,226,varchar,3,NULL,NULL,YES,NULL
dbo,ClaimsRestack,TIME_HHMM,227,varchar,4,NULL,NULL,YES,NULL
dbo,ClaimsRestack,RESTACK_BATCH,228,char,8,NULL,NULL,YES,NULL
dbo,ClaimsRestack,RESTACK_CLAIM,229,int,NULL,10,0,YES,NULL
dbo,ClaimsRestack,VARIABLE_MAC_FACTOR_RATE,230,decimal,NULL,18,5,YES,NULL
dbo,ClaimsRestack,PATIENT_RESIDENCY,231,char,2,NULL,NULL,YES,NULL
dbo,ClaimsRestack,SPECIAL_PACKAGING_IND,232,char,1,NULL,NULL,YES,NULL
dbo,ClaimsRestack,PROF_SERVICE_CODE_1,233,char,2,NULL,NULL,YES,NULL
dbo,ClaimsRestack,PROF_SERVICE_CODE_2,234,char,2,NULL,NULL,YES,NULL
dbo,ClaimsRestack,PROF_SERVICE_CODE_3,235,char,2,NULL,NULL,YES,NULL
dbo,ClaimsRestack,DUR_PPS_LVL_OF_EFFORT,236,char,2,NULL,NULL,YES,NULL
dbo,ClaimsRestack,TROOP_AMT,237,decimal,NULL,18,2,YES,NULL
dbo,ClaimsRestack,ETLDate,238,datetime,NULL,NULL,NULL,YES,NULL
dbo,ClaimsRestack,ETLIndicator,239,char,1,NULL,NULL,YES,NULL
dbo,ClaimsRestack,ManualChangeDate,240,datetime,NULL,NULL,NULL,YES,NULL
dbo,ClaimsRestack,RedemptionCount,241,int,NULL,10,0,YES,NULL
dbo,ClaimsRestack,DateOfReversal,242,datetime,NULL,NULL,NULL,YES,NULL
dbo,ClaimsRestack,PackagingIndicator,243,char,1,NULL,NULL,YES,NULL
dbo,ClaimsRestack,NoFinancialFlag,244,char,1,NULL,NULL,YES,NULL
dbo,ClaimsRestack,ClaimTypeAlpha,245,char,2,NULL,NULL,YES,NULL
dbo,ClaimsRestack,LTCIndicator,246,char,1,NULL,NULL,YES,NULL
dbo,ClaimsRestack,DURLvlOfEffort_1,247,char,2,NULL,NULL,YES,NULL
dbo,ClaimsRestack,DURReasonService_1,248,char,2,NULL,NULL,YES,NULL
dbo,ClaimsRestack,DURProfServiceCode_1,249,char,2,NULL,NULL,YES,NULL
dbo,ClaimsRestack,DURResultOfServCd_1,250,char,2,NULL,NULL,YES,NULL
dbo,ClaimsRestack,DURLvlOfEffort_2,251,char,2,NULL,NULL,YES,NULL
dbo,ClaimsRestack,DURReasonService_2,252,char,2,NULL,NULL,YES,NULL
dbo,ClaimsRestack,DURProfServiceCode_2,253,char,2,NULL,NULL,YES,NULL
dbo,ClaimsRestack,DURResultOfServCd_2,254,char,2,NULL,NULL,YES,NULL
dbo,ClaimsRestack,DURLvlOfEffort_3,255,char,2,NULL,NULL,YES,NULL
dbo,ClaimsRestack,DURReasonService_3,256,char,2,NULL,NULL,YES,NULL
dbo,ClaimsRestack,DURProfServiceCode_3,257,char,2,NULL,NULL,YES,NULL
dbo,ClaimsRestack,DURResultOfServCd_3,258,char,2,NULL,NULL,YES,NULL
dbo,ClaimsRestack,DURLvlOfEffort_4,259,char,2,NULL,NULL,YES,NULL
dbo,ClaimsRestack,DURReasonService_4,260,char,2,NULL,NULL,YES,NULL
dbo,ClaimsRestack,DURProfServiceCode_4,261,char,2,NULL,NULL,YES,NULL
dbo,ClaimsRestack,DURResultOfServCd_4,262,char,2,NULL,NULL,YES,NULL
dbo,ClaimsRestack,DURLvlOfEffort_5,263,char,2,NULL,NULL,YES,NULL
dbo,ClaimsRestack,DURReasonService_5,264,char,2,NULL,NULL,YES,NULL
dbo,ClaimsRestack,DURProfServiceCode_5,265,char,2,NULL,NULL,YES,NULL
dbo,ClaimsRestack,DURResultOfServCd_5,266,char,2,NULL,NULL,YES,NULL
dbo,ClaimsRestack,DURLvlOfEffort_6,267,char,2,NULL,NULL,YES,NULL
dbo,ClaimsRestack,DURReasonService_6,268,char,2,NULL,NULL,YES,NULL
dbo,ClaimsRestack,DURProfServiceCode_6,269,char,2,NULL,NULL,YES,NULL
dbo,ClaimsRestack,DURResultOfServCd_6,270,char,2,NULL,NULL,YES,NULL
dbo,ClaimsRestack,DURLvlOfEffort_7,271,char,2,NULL,NULL,YES,NULL
dbo,ClaimsRestack,DURReasonService_7,272,char,2,NULL,NULL,YES,NULL
dbo,ClaimsRestack,DURProfServiceCode_7,273,char,2,NULL,NULL,YES,NULL
dbo,ClaimsRestack,DURResultOfServCd_7,274,char,2,NULL,NULL,YES,NULL
dbo,ClaimsRestack,DURLvlOfEffort_8,275,char,2,NULL,NULL,YES,NULL
dbo,ClaimsRestack,DURReasonService_8,276,char,2,NULL,NULL,YES,NULL
dbo,ClaimsRestack,DURProfServiceCode_8,277,char,2,NULL,NULL,YES,NULL
dbo,ClaimsRestack,DURResultOfServCd_8,278,char,2,NULL,NULL,YES,NULL
dbo,ClaimsRestack,DURLvlOfEffort_9,279,char,2,NULL,NULL,YES,NULL
dbo,ClaimsRestack,DURReasonService_9,280,char,2,NULL,NULL,YES,NULL
dbo,ClaimsRestack,DURProfServiceCode_9,281,char,2,NULL,NULL,YES,NULL
dbo,ClaimsRestack,DURResultOfServCd_9,282,char,2,NULL,NULL,YES,NULL
dbo,ClaimsRestack,SCDClaim,283,char,1,NULL,NULL,YES,NULL
dbo,ClaimsRestack,Thresh5100,284,decimal,NULL,18,2,YES,NULL
dbo,ClaimsRestack,C_FormularyIDFlag,285,char,1,NULL,NULL,YES,NULL
dbo,ClaimsRestack,BrandConfigOccur,286,int,NULL,10,0,YES,NULL
dbo,ClaimsRestack,CardIDSentFromPharm,287,char,20,NULL,NULL,YES,NULL
dbo,ClaimsRestack,HMSPhysicianID,288,char,10,NULL,NULL,YES,NULL
dbo,ClaimsRestack,Tier,289,char,1,NULL,NULL,YES,NULL
dbo,ClaimsRestack,ClaimAdjudicationTime,290,char,26,NULL,NULL,YES,NULL
dbo,ClaimsRestack,Age,291,int,NULL,10,0,YES,NULL
dbo,ClaimsRestack,QuantityDispensed,292,decimal,NULL,18,3,YES,NULL
dbo,ClaimsRestack,PreviousRestackBatch,293,char,8,NULL,NULL,YES,NULL
dbo,ClaimsRestack,PreviousRestackClaim,294,int,NULL,10,0,YES,NULL
dbo,ClaimsRestack,WACRefPrice,295,decimal,NULL,18,2,YES,NULL
dbo,ClaimsRestack,SpecialtyFlag,296,char,1,NULL,NULL,YES,NULL
dbo,ClaimsRestack,MailOrderIndication,297,char,4,NULL,NULL,YES,NULL
dbo,ClaimsRestack,SpclPatientDispFee,298,decimal,NULL,18,2,YES,NULL
dbo,ClaimsRestack,HMSPOID,299,varchar,10,NULL,NULL,YES,NULL
dbo,ClaimsRestack,OrigRevBatch,300,varchar,8,NULL,NULL,YES,NULL
dbo,ClaimsRestack,OrigRevClaim,301,int,NULL,10,0,YES,NULL
dbo,ClaimsRestack,GrpBrokerNbr,302,varchar,4,NULL,NULL,YES,NULL
dbo,ClaimsRestack,LastModifiedDate,303,datetime,NULL,NULL,NULL,YES,NULL
dbo,ClaimsRestack,LastModifiedTime,304,datetime,NULL,NULL,NULL,YES,NULL
dbo,ClaimsRestack,LastModifiedBy,305,varchar,20,NULL,NULL,YES,NULL
dbo,ClaimsRestack,PaymentCenterID,306,varchar,6,NULL,NULL,YES,NULL
dbo,ClaimsRestack,RemitReconciliationID,307,varchar,6,NULL,NULL,YES,NULL
dbo,ClaimsRestack,PDMIRejectCode1,308,varchar,4,NULL,NULL,YES,NULL
dbo,ClaimsRestack,PDMIRejectCode2,309,varchar,4,NULL,NULL,YES,NULL
dbo,ClaimsRestack,PDMIRejectCode3,310,varchar,4,NULL,NULL,YES,NULL
dbo,ClaimsRestack,PDMIRejectCode4,311,varchar,4,NULL,NULL,YES,NULL
dbo,ClaimsRestack,PDMIRejectCode5,312,varchar,4,NULL,NULL,YES,NULL
dbo,ClaimsRestack,PDMIRejectCode6,313,varchar,4,NULL,NULL,YES,NULL
dbo,ClaimsRestack,PDMIRejectCode7,314,varchar,4,NULL,NULL,YES,NULL
dbo,ClaimsRestack,PDMIRejectCode8,315,varchar,4,NULL,NULL,YES,NULL
dbo,ClaimsRestack,PDMIRejectCode9,316,varchar,4,NULL,NULL,YES,NULL
dbo,ClaimsRestack,PDMIRejectCode10,317,varchar,4,NULL,NULL,YES,NULL
dbo,ClaimsRestack,PDMIRejectCode11,318,varchar,4,NULL,NULL,YES,NULL
dbo,ClaimsRestack,PDMIRejectCode12,319,varchar,4,NULL,NULL,YES,NULL
dbo,ClaimsRestack,PDMIRejectCode13,320,varchar,4,NULL,NULL,YES,NULL
dbo,ClaimsRestack,PDMIRejectCode14,321,varchar,4,NULL,NULL,YES,NULL
dbo,ClaimsRestack,PDMIRejectCode15,322,varchar,4,NULL,NULL,YES,NULL
dbo,ClaimsRestack,PDMIRejectCode16,323,varchar,4,NULL,NULL,YES,NULL
dbo,ClaimsRestack,PDMIRejectCode17,324,varchar,4,NULL,NULL,YES,NULL
dbo,ClaimsRestack,PDMIRejectCode18,325,varchar,4,NULL,NULL,YES,NULL
dbo,ClaimsRestack,PDMIRejectCode19,326,varchar,4,NULL,NULL,YES,NULL
dbo,ClaimsRestack,PDMIRejectCode20,327,varchar,4,NULL,NULL,YES,NULL
dbo,ClaimsRestack,AmountAppliedToOOP,328,decimal,NULL,18,2,YES,NULL
dbo,ClaimsRestack,N1ClaimKey,329,char,14,NULL,NULL,YES,NULL
dbo,ClaimsRestack,N1BatchNumber,330,char,8,NULL,NULL,YES,NULL
dbo,ClaimsRestack,N1ClaimNumber,331,int,NULL,10,0,YES,NULL
dbo,ClaimsRestack,UserID,332,varchar,15,NULL,NULL,YES,NULL
dbo,ClaimsRestack,OpioidFactor,333,decimal,NULL,18,2,YES,NULL
dbo,ClaimsRestack,ContractChainNumber,334,int,NULL,10,0,YES,NULL
dbo,ClaimsRestack,DifferentialClaimType,335,char,6,NULL,NULL,YES,NULL
dbo,ClaimsRestack,CarrierID,336,char,10,NULL,NULL,YES,NULL
dbo,ClaimsRestack,PharmElectronicFee,337,decimal,NULL,18,2,YES,NULL
dbo,ClaimsRestack,VaccineAdminFee,338,decimal,NULL,18,2,YES,NULL
dbo,ClaimsRestack,PrescriberIDQualifier,339,char,10,NULL,NULL,YES,NULL
dbo,ClaimsRestack,CTreeToggle,340,char,1,NULL,NULL,YES,NULL
dbo,ClaimsRestack,OrigMEDGenCode,341,char,1,NULL,NULL,YES,NULL
dbo,ClaimsRestack,OthPayCovgType,342,varchar,2,NULL,NULL,YES,NULL
dbo,ClaimsRestack,ScriptCareClaim,343,char,1,NULL,NULL,YES,NULL
dbo,ClaimsRestack,ScriptcareNetPricing,344,char,1,NULL,NULL,YES,NULL
dbo,ClaimsRestack,QuantityPrescribed,345,decimal,NULL,18,3,YES,NULL
dbo,ClaimsRestack,PDMIAdminFee,346,decimal,NULL,18,2,YES,NULL
dbo,ClaimsRestack,ClientSysSpoAdminFee,347,decimal,NULL,18,2,YES,NULL
dbo,ClaimsRestack,ClientSpoGrpAdminFee,348,decimal,NULL,18,2,YES,NULL
dbo,ClaimsRestack,ClaimCategory,349,varchar,12,NULL,NULL,YES,NULL
dbo,ClaimsRestack,PLAN_KEY,350,char,16,NULL,NULL,YES,NULL
dbo,ClaimsRestack,PLAN_NUMBER,351,char,8,NULL,NULL,YES,NULL
dbo,ClaimsRestack,ADD_TO_TROOP,352,decimal,NULL,18,2,YES,NULL
dbo,ClaimsRestack,ClientBasisOfCost,353,varchar,2,NULL,NULL,YES,NULL
dbo,ClaimsRestack,PharmBasisOfCost,354,varchar,2,NULL,NULL,YES,NULL
dbo,ClaimsRestack,GroupFromPharm,355,varchar,15,NULL,NULL,YES,NULL
dbo,ClaimsRestack,TaxExemptFlag,356,char,1,NULL,NULL,YES,NULL
dbo,ClaimsRestack,NetworkReimbID,357,varchar,10,NULL,NULL,YES,NULL
dbo,CMSHospice,PDMGroup,1,float,NULL,53,NULL,NO,NULL
dbo,CMSHospice,Layout,2,varchar,20,NULL,NULL,NO,NULL
dbo,CMSHospice,AgencyID,3,varchar,20,NULL,NULL,YES,NULL
dbo,CMSHospice,VendorID,4,varchar,20,NULL,NULL,YES,NULL
dbo,CMSHospice,EffDate,5,datetime,NULL,NULL,NULL,YES,NULL
dbo,CMSHospice,TermDate,6,datetime,NULL,NULL,NULL,YES,NULL
dbo,CMSHospice,Notes,7,varchar,40,NULL,NULL,YES,NULL
dbo,CMSHospice,AddDate,8,datetime,NULL,NULL,NULL,YES,NULL
dbo,CMSHospice,ChangeDate,9,datetime,NULL,NULL,NULL,YES,NULL
dbo,CMSHospice,WarehouseLoadDate,10,datetime,NULL,NULL,NULL,YES,NULL
dbo,CMSHospice,WarehouseChangeDate,11,datetime,NULL,NULL,NULL,YES,NULL
dbo,Compu05Config,Program,1,varchar,25,NULL,NULL,NO,NULL
dbo,Compu05Config,Paragraph,2,varchar,50,NULL,NULL,NO,NULL
dbo,Compu05Config,SystemNumber,3,int,NULL,10,0,NO,NULL
dbo,Compu05Config,SponsorNumber,4,int,NULL,10,0,NO,NULL
dbo,Compu05Config,GroupNumber,5,float,NULL,53,NULL,NO,NULL
dbo,Compu05Config,RestKey,6,varchar,20,NULL,NULL,NO,NULL
dbo,Compu05Config,RoutineID,7,int,NULL,10,0,YES,NULL
dbo,Compu05Config,EffDate,8,datetime,NULL,NULL,NULL,YES,NULL
dbo,Compu05Config,ExpDate,9,datetime,NULL,NULL,NULL,YES,NULL
dbo,Compu05Config,ConfigValue1,10,varchar,20,NULL,NULL,YES,NULL
dbo,Compu05Config,ConfigValue2,11,varchar,20,NULL,NULL,YES,NULL
dbo,Compu05Config,ConfigValue3,12,varchar,20,NULL,NULL,YES,NULL
dbo,Compu05Config,ConfigValue4,13,varchar,20,NULL,NULL,YES,NULL
dbo,Compu05Config,ConfigValue5,14,varchar,20,NULL,NULL,YES,NULL
dbo,Compu05Config,ConfigValue6,15,varchar,20,NULL,NULL,YES,NULL
dbo,Compu05Config,ConfigValue7,16,varchar,20,NULL,NULL,YES,NULL
dbo,Compu05Config,ConfigValue8,17,varchar,20,NULL,NULL,YES,NULL
dbo,Compu05Config,ConfigValue9,18,varchar,20,NULL,NULL,YES,NULL
dbo,Compu05Config,ConfigValue10,19,varchar,20,NULL,NULL,YES,NULL
dbo,Compu05Config,ConfigValue11,20,varchar,20,NULL,NULL,YES,NULL
dbo,Compu05Config,ConfigValue12,21,varchar,20,NULL,NULL,YES,NULL
dbo,Compu05Config,ConfigValue13,22,varchar,20,NULL,NULL,YES,NULL
dbo,Compu05Config,ConfigValue14,23,varchar,20,NULL,NULL,YES,NULL
dbo,Compu05Config,ConfigValue15,24,varchar,20,NULL,NULL,YES,NULL
dbo,Compu05Config,ConfigValue16,25,varchar,20,NULL,NULL,YES,NULL
dbo,Compu05Config,ConfigValue17,26,varchar,20,NULL,NULL,YES,NULL
dbo,Compu05Config,ConfigValue18,27,varchar,20,NULL,NULL,YES,NULL
dbo,Compu05Config,ConfigValue19,28,varchar,20,NULL,NULL,YES,NULL
dbo,Compu05Config,ConfigValue20,29,varchar,20,NULL,NULL,YES,NULL
dbo,Compu05Config,ChangeDateTime,30,datetime,NULL,NULL,NULL,YES,NULL
dbo,Compu05Config,ChangeUser,31,varchar,25,NULL,NULL,YES,NULL
dbo,Compu05Config,WarehouseLoadDate,32,datetime,NULL,NULL,NULL,YES,NULL
dbo,Compu05Config,WarehouseChangeDate,33,datetime,NULL,NULL,NULL,YES,NULL
dbo,COPAY_DATA,COPAY_KEY,1,char,12,NULL,NULL,NO,NULL
dbo,COPAY_DATA,COPAY_NUMBER,2,char,4,NULL,NULL,YES,NULL
dbo,COPAY_DATA,SCHEDULE_TYPE,3,char,6,NULL,NULL,YES,NULL
dbo,COPAY_DATA,COPAY_NAME,4,char,30,NULL,NULL,YES,NULL
dbo,COPAY_DATA,ENTER_DATE,5,datetime,NULL,NULL,NULL,YES,NULL
dbo,COPAY_DATA,CHANGE_DATE,6,datetime,NULL,NULL,NULL,YES,NULL
dbo,COPAY_DATA,PURGE_STATUS,7,int,NULL,10,0,YES,NULL
dbo,COPAY_DATA,TYPE_CODE_1,8,int,NULL,10,0,YES,NULL
dbo,COPAY_DATA,FIXED_1,9,decimal,NULL,18,2,YES,NULL
dbo,COPAY_DATA,PERCENT_1,10,decimal,NULL,18,4,YES,NULL
dbo,COPAY_DATA,MINIMUM_1,11,decimal,NULL,18,2,YES,NULL
dbo,COPAY_DATA,MAXIMUM_1,12,decimal,NULL,18,2,YES,NULL
dbo,COPAY_DATA,DSPAYMENT_1,13,int,NULL,10,0,YES,NULL
dbo,COPAY_DATA,TYPE_CODE_2,14,int,NULL,10,0,YES,NULL
dbo,COPAY_DATA,FIXED_2,15,decimal,NULL,18,2,YES,NULL
dbo,COPAY_DATA,PERCENT_2,16,decimal,NULL,18,4,YES,NULL
dbo,COPAY_DATA,MINIMUM_2,17,decimal,NULL,18,2,YES,NULL
dbo,COPAY_DATA,MAXIMUM_2,18,decimal,NULL,18,2,YES,NULL
dbo,COPAY_DATA,DSPAYMENT_2,19,int,NULL,10,0,YES,NULL
dbo,COPAY_DATA,TYPE_CODE_3,20,int,NULL,10,0,YES,NULL
dbo,COPAY_DATA,FIXED_3,21,decimal,NULL,18,2,YES,NULL
dbo,COPAY_DATA,PERCENT_3,22,decimal,NULL,18,4,YES,NULL
dbo,COPAY_DATA,MINIMUM_3,23,decimal,NULL,18,2,YES,NULL
dbo,COPAY_DATA,MAXIMUM_3,24,decimal,NULL,18,2,YES,NULL
dbo,COPAY_DATA,DSPAYMENT_3,25,int,NULL,10,0,YES,NULL
dbo,COPAY_DATA,CARD_LINE_1,26,varchar,50,NULL,NULL,YES,NULL
dbo,COPAY_DATA,CARD_LINE_2,27,varchar,50,NULL,NULL,YES,NULL
dbo,COPAY_DATA,ACTIVITY,28,char,1,NULL,NULL,YES,NULL
dbo,COPAY_DATA,TYPE_OF_COPAY,29,char,2,NULL,NULL,YES,NULL
dbo,COPAY_DATA,PLUS_DIFF_AMT_RET,30,decimal,NULL,18,4,YES,NULL
dbo,COPAY_DATA,PLUS_DIFF_AMT_DMR_E,31,decimal,NULL,18,4,YES,NULL
dbo,COPAY_DATA,PLUS_DIFF_AMT_DMR_N,32,decimal,NULL,18,4,YES,NULL
dbo,COPAY_DATA,SYSTEM,33,int,NULL,10,0,YES,NULL
dbo,COPAY_DATA,SPONSOR,34,int,NULL,10,0,YES,NULL
dbo,COPAY_DATA,WarehouseLoadDate,35,datetime,NULL,NULL,NULL,YES,NULL
dbo,COPAY_DATA,WarehouseChangeDate,36,datetime,NULL,NULL,NULL,YES,NULL
dbo,COPAY_DATA,CopayMaxBen1,37,decimal,NULL,18,2,YES,NULL
dbo,COPAY_DATA,CopayMaxBen2,38,decimal,NULL,18,2,YES,NULL
dbo,COPAY_DATA,CopayMaxBen3,39,decimal,NULL,18,2,YES,NULL
dbo,COPAY_DATA_DETAIL,COPAY_KEY,1,char,12,NULL,NULL,YES,NULL
dbo,COPAY_DATA_DETAIL,COPAY_NUMBER,2,char,4,NULL,NULL,NO,NULL
dbo,COPAY_DATA_DETAIL,SCHEDULE_TYPE,3,char,6,NULL,NULL,NO,NULL
dbo,COPAY_DATA_DETAIL,COPAY_NAME,4,char,30,NULL,NULL,YES,NULL
dbo,COPAY_DATA_DETAIL,ENTER_DATE,5,datetime,NULL,NULL,NULL,YES,NULL
dbo,COPAY_DATA_DETAIL,CHANGE_DATE,6,datetime,NULL,NULL,NULL,YES,NULL
dbo,COPAY_DATA_DETAIL,PURGE_STATUS,7,int,NULL,10,0,YES,NULL
dbo,COPAY_DATA_DETAIL,TYPE_CODE_1,8,int,NULL,10,0,YES,NULL
dbo,COPAY_DATA_DETAIL,FIXED_1,9,decimal,NULL,18,2,YES,NULL
dbo,COPAY_DATA_DETAIL,PERCENT_1,10,decimal,NULL,18,4,YES,NULL
dbo,COPAY_DATA_DETAIL,MINIMUM_1,11,decimal,NULL,18,2,YES,NULL
dbo,COPAY_DATA_DETAIL,MAXIMUM_1,12,decimal,NULL,18,2,YES,NULL
dbo,COPAY_DATA_DETAIL,DSPAYMENT_1,13,int,NULL,10,0,YES,NULL
dbo,COPAY_DATA_DETAIL,TYPE_CODE_2,14,int,NULL,10,0,YES,NULL
dbo,COPAY_DATA_DETAIL,FIXED_2,15,decimal,NULL,18,2,YES,NULL
dbo,COPAY_DATA_DETAIL,PERCENT_2,16,decimal,NULL,18,4,YES,NULL
dbo,COPAY_DATA_DETAIL,MINIMUM_2,17,decimal,NULL,18,2,YES,NULL
dbo,COPAY_DATA_DETAIL,MAXIMUM_2,18,decimal,NULL,18,2,YES,NULL
dbo,COPAY_DATA_DETAIL,DSPAYMENT_2,19,int,NULL,10,0,YES,NULL
dbo,COPAY_DATA_DETAIL,TYPE_CODE_3,20,int,NULL,10,0,YES,NULL
dbo,COPAY_DATA_DETAIL,FIXED_3,21,decimal,NULL,18,2,YES,NULL
dbo,COPAY_DATA_DETAIL,PERCENT_3,22,decimal,NULL,18,4,YES,NULL
dbo,COPAY_DATA_DETAIL,MINIMUM_3,23,decimal,NULL,18,2,YES,NULL
dbo,COPAY_DATA_DETAIL,MAXIMUM_3,24,decimal,NULL,18,2,YES,NULL
dbo,COPAY_DATA_DETAIL,DSPAYMENT_3,25,int,NULL,10,0,YES,NULL
dbo,COPAY_DATA_DETAIL,CARD_LINE_1,26,varchar,50,NULL,NULL,YES,NULL
dbo,COPAY_DATA_DETAIL,CARD_LINE_2,27,varchar,50,NULL,NULL,YES,NULL
dbo,COPAY_DATA_DETAIL,ACTIVITY,28,char,1,NULL,NULL,YES,NULL
dbo,COPAY_DATA_DETAIL,TYPE_OF_COPAY,29,char,2,NULL,NULL,YES,NULL
dbo,COPAY_DATA_DETAIL,PLUS_DIFF_AMT_RET,30,decimal,NULL,18,4,YES,NULL
dbo,COPAY_DATA_DETAIL,PLUS_DIFF_AMT_DMR_E,31,decimal,NULL,18,4,YES,NULL
dbo,COPAY_DATA_DETAIL,PLUS_DIFF_AMT_DMR_N,32,decimal,NULL,18,4,YES,NULL
dbo,COPAY_DATA_DETAIL,SYSTEM,33,int,NULL,10,0,NO,NULL
dbo,COPAY_DATA_DETAIL,SPONSOR,34,int,NULL,10,0,NO,NULL
dbo,COPAY_DATA_DETAIL,WarehouseLoadDate,35,datetime,NULL,NULL,NULL,YES,NULL
dbo,COPAY_DATA_DETAIL,WarehouseChangeDate,36,datetime,NULL,NULL,NULL,YES,NULL
dbo,COPAY_DATA_DETAIL,CopayMaxBen1,37,decimal,NULL,18,2,YES,NULL
dbo,COPAY_DATA_DETAIL,CopayMaxBen2,38,decimal,NULL,18,2,YES,NULL
dbo,COPAY_DATA_DETAIL,CopayMaxBen3,39,decimal,NULL,18,2,YES,NULL
dbo,CSX_SAVINGS_LOGIC,ID,1,int,NULL,10,0,NO,NULL
dbo,CSX_SAVINGS_LOGIC,REJECT_NUMBER,2,int,NULL,10,0,YES,NULL
dbo,CSX_SAVINGS_LOGIC,REJECT_DESCRIPTION,3,varchar,-1,NULL,NULL,YES,NULL
dbo,CSX_SAVINGS_LOGIC,SAVINGS_CLASS,4,char,10,NULL,NULL,YES,NULL
dbo,CSX_SAVINGS_LOGIC,LOGIC_CODE,5,char,10,NULL,NULL,YES,NULL
dbo,CYCLES_AUDIT,DateofRun,1,datetime,NULL,NULL,NULL,YES,NULL
dbo,CYCLES_AUDIT,TransactionSystemNumber,2,int,NULL,10,0,NO,NULL
dbo,CYCLES_AUDIT,TransactionSponsorNumber,3,int,NULL,10,0,NO,NULL
dbo,CYCLES_AUDIT,TransactionGroupNumber,4,float,NULL,53,NULL,NO,NULL
dbo,CYCLES_AUDIT,TransactionClaimTypeIndicator,5,varchar,2,NULL,NULL,NO,NULL
dbo,CYCLES_AUDIT,TransactionClaimCount,6,int,NULL,10,0,YES,NULL
dbo,CYCLES_AUDIT,TransactionAmountPaid,7,decimal,NULL,18,2,YES,NULL
dbo,CYCLES_AUDIT,TransactionPeriodEnding,8,datetime,NULL,NULL,NULL,YES,NULL
dbo,CYCLES_AUDIT,TransactionInputFileName,9,varchar,255,NULL,NULL,NO,NULL
dbo,CYCLES_AUDIT,AuditSystemNumber,10,int,NULL,10,0,YES,NULL
dbo,CYCLES_AUDIT,AuditSponsorNumber,11,int,NULL,10,0,YES,NULL
dbo,CYCLES_AUDIT,AuditGroupNumber,12,float,NULL,53,NULL,YES,NULL
dbo,CYCLES_AUDIT,AuditClaimCount,13,int,NULL,10,0,YES,NULL
dbo,CYCLES_AUDIT,AuditAmountPaid,14,decimal,NULL,18,2,YES,NULL
dbo,CYCLES_AUDIT,AuditCopayAmount,15,decimal,NULL,18,2,YES,NULL
dbo,CYCLES_AUDIT,AuditPeriodEnding,16,datetime,NULL,NULL,NULL,YES,NULL
dbo,CYCLES_AUDIT,AuditClaimCountDifference,17,int,NULL,10,0,YES,NULL
dbo,CYCLES_AUDIT,AuditAmountPaidDifference,18,decimal,NULL,18,2,YES,NULL
dbo,CycleStatus,Cycle,1,varchar,50,NULL,NULL,YES,NULL
dbo,CycleStatus,InlogPeriodEnding,2,datetime,NULL,NULL,NULL,YES,NULL
dbo,CycleStatus,RefreshPeriodEnding,3,datetime,NULL,NULL,NULL,YES,NULL
dbo,CycleStatus,Claim55PeriodEnding,4,datetime,NULL,NULL,NULL,YES,NULL
dbo,DDX_CROS_REFERENCE,DDX_ICD_9_PR,1,char,1,NULL,NULL,YES,NULL
dbo,DDX_CROS_REFERENCE,DDX_ICD_9_CD,2,char,7,NULL,NULL,YES,NULL
dbo,DDX_CROS_REFERENCE,DDX_DIS_COD,3,int,NULL,10,0,YES,NULL
dbo,DDX_CROS_REFERENCE,DDX_AC_CH_CD,4,char,1,NULL,NULL,YES,NULL
dbo,DDX_CROS_REFERENCE,DDX_LCD,5,datetime,NULL,NULL,NULL,YES,NULL
dbo,DEA_DATA,DEA_NUMBER,1,char,9,NULL,NULL,NO,NULL
dbo,DEA_DATA,DEA_ACTIVITY_CODE,2,char,1,NULL,NULL,YES,NULL
dbo,DEA_DATA,DEA_NAME,3,char,40,NULL,NULL,YES,NULL
dbo,DEA_DATA,DEA_ADDRESS_1,4,char,40,NULL,NULL,YES,NULL
dbo,DEA_DATA,DEA_ADDRESS_2,5,char,40,NULL,NULL,YES,NULL
dbo,DEA_DATA,DEA_ADDRESS_3,6,char,40,NULL,NULL,YES,NULL
dbo,DEA_DATA,DEA_ADDRESS_4,7,char,40,NULL,NULL,YES,NULL
dbo,DEA_DATA,DEA_STATE,8,char,2,NULL,NULL,YES,NULL
dbo,DEA_DATA,DEA_ZIP,9,int,NULL,10,0,YES,NULL
dbo,DEA_DATA,DEA_TERM_DATE,10,datetime,NULL,NULL,NULL,YES,NULL
dbo,DEA_DATA,DEA_ADD_DATE,11,datetime,NULL,NULL,NULL,YES,NULL
dbo,DEA_DATA,DEA_CHG_DATE,12,datetime,NULL,NULL,NULL,YES,NULL
dbo,DiffClaimType,ClaimType,1,varchar,6,NULL,NULL,NO,NULL
dbo,DiffClaimType,MessageTypeDescr,2,varchar,50,NULL,NULL,YES,NULL
dbo,DiffClaimType,AddDate,3,datetime,NULL,NULL,NULL,YES,NULL
dbo,DiffClaimType,ChangeDate,4,datetime,NULL,NULL,NULL,YES,NULL
dbo,DiffClaimType,WarehouseLoadDate,5,datetime,NULL,NULL,NULL,YES,NULL
dbo,DiffClaimType,WarehouseChangeDate,6,datetime,NULL,NULL,NULL,YES,NULL
dbo,DIFFERENTIAL,SystemLink,1,varchar,5,NULL,NULL,NO,NULL
dbo,DIFFERENTIAL,SYSTEM,2,int,NULL,10,0,NO,NULL
dbo,DIFFERENTIAL,SPONSOR,3,int,NULL,10,0,NO,NULL
dbo,DIFFERENTIAL,GroupNumber,4,float,NULL,53,NULL,NO,NULL
dbo,DIFFERENTIAL,NetworkNumber,5,int,NULL,10,0,NO,NULL
dbo,DIFFERENTIAL,NABP,6,int,NULL,10,0,NO,NULL
dbo,DIFFERENTIAL,GPI,7,char,14,NULL,NULL,NO,NULL
dbo,DIFFERENTIAL,NDC,8,decimal,NULL,11,0,NO,NULL
dbo,DIFFERENTIAL,DIFF_NUMBER,9,int,NULL,10,0,NO,NULL
dbo,DIFFERENTIAL,CLAIM_TYPE,10,char,6,NULL,NULL,NO,NULL
dbo,DIFFERENTIAL,DateType,11,varchar,2,NULL,NULL,NO,NULL
dbo,DIFFERENTIAL,SequenceNumber,12,int,NULL,10,0,NO,NULL
dbo,DIFFERENTIAL,MessageEffDate,13,datetime,NULL,NULL,NULL,YES,NULL
dbo,DIFFERENTIAL,MessageTermDate,14,datetime,NULL,NULL,NULL,YES,NULL
dbo,DIFFERENTIAL,DIFF_PERCENT,15,decimal,NULL,18,4,YES,NULL
dbo,DIFFERENTIAL,DISP_FEE,16,decimal,NULL,18,2,YES,NULL
dbo,DIFFERENTIAL,DIFF_DESCRIPTION,17,varchar,30,NULL,NULL,YES,NULL
dbo,DIFFERENTIAL,GenericAddOn,18,decimal,NULL,18,2,YES,NULL
dbo,DIFFERENTIAL,OTCAddOn,19,decimal,NULL,18,2,YES,NULL
dbo,DIFFERENTIAL,CompoundAddOn,20,decimal,NULL,18,2,YES,NULL
dbo,DIFFERENTIAL,BrandAddOn,21,decimal,NULL,18,2,YES,NULL
dbo,DIFFERENTIAL,MACTableNumber,22,int,NULL,10,0,YES,NULL
dbo,DIFFERENTIAL,StateTaxPct,23,decimal,NULL,18,4,YES,NULL
dbo,DIFFERENTIAL,HospiceDisctPct,24,decimal,NULL,18,4,YES,NULL
dbo,DIFFERENTIAL,OverallDisctPct,25,decimal,NULL,18,4,YES,NULL
dbo,DIFFERENTIAL,MinimumFee,26,decimal,NULL,18,2,YES,NULL
dbo,DIFFERENTIAL,AdminFee,27,decimal,NULL,18,2,YES,NULL
dbo,DIFFERENTIAL,DiftNegativeDiff,28,char,1,NULL,NULL,YES,NULL
dbo,DIFFERENTIAL,GenTbGPI,29,int,NULL,10,0,YES,NULL
dbo,DIFFERENTIAL,AWPContract,30,char,1,NULL,NULL,YES,NULL
dbo,DIFFERENTIAL,LessorUCR,31,char,1,NULL,NULL,YES,NULL
dbo,DIFFERENTIAL,NetworkNegOpt,32,char,1,NULL,NULL,YES,NULL
dbo,DIFFERENTIAL,NegApplyOpt,33,char,1,NULL,NULL,YES,NULL
dbo,DIFFERENTIAL,AddID,34,varchar,15,NULL,NULL,YES,NULL
dbo,DIFFERENTIAL,ChangeID,35,varchar,15,NULL,NULL,YES,NULL
dbo,DIFFERENTIAL,ADD_DATE,36,datetime,NULL,NULL,NULL,YES,NULL
dbo,DIFFERENTIAL,CHG_DATE,37,datetime,NULL,NULL,NULL,YES,NULL
dbo,DIFFERENTIAL,WarehouseLoadDate,38,datetime,NULL,NULL,NULL,YES,NULL
dbo,DIFFERENTIAL,WarehouseChangeDate,39,datetime,NULL,NULL,NULL,YES,NULL
dbo,DIFFERENTIAL,MaxCap,40,decimal,NULL,18,2,YES,NULL
dbo,DIFFERENTIAL,PurgeStatus,41,int,NULL,10,0,YES,NULL
dbo,DISEASE,DISEASE_CODE,1,int,NULL,10,0,NO,NULL
dbo,DISEASE,DISEASE_DESCRIPTION,2,varchar,25,NULL,NULL,YES,NULL
dbo,DISEASE,DISEASE_NEUMONIC,3,varchar,50,NULL,NULL,YES,NULL
dbo,DISEASE,ACUTE_CHRONIC_CODE,4,char,1,NULL,NULL,YES,NULL
dbo,DISEASE,CHANGE_DATE,5,datetime,NULL,NULL,NULL,YES,NULL
dbo,DISEASE,ACTIVITY_CODE,6,char,1,NULL,NULL,YES,NULL
dbo,DISEASE,CIO_OVERRIDE,7,char,1,NULL,NULL,YES,NULL
dbo,DISEASE,SOFT_HARD_EDIT_FLAG,8,char,1,NULL,NULL,YES,NULL
dbo,DISEASE_STATE,CARDHOLDER_KEY,1,char,20,NULL,NULL,NO,NULL
dbo,DISEASE_STATE,SPONSOR_NUMBER,2,int,NULL,10,0,YES,NULL
dbo,DISEASE_STATE,CARDHOLDER_NUMBER,3,char,10,NULL,NULL,YES,NULL
dbo,DISEASE_STATE,MEMBER_NUMBER,4,char,2,NULL,NULL,YES,NULL
dbo,DISEASE_STATE,DISEASE_CODE,5,int,NULL,10,0,NO,NULL
dbo,DISEASE_STATE,LAST_DATE,6,datetime,NULL,NULL,NULL,YES,NULL
dbo,DISEASE_STATE,PROCESS_DATE,7,datetime,NULL,NULL,NULL,YES,NULL
dbo,DISEASE_STATE,WarehouseLoadDate,8,datetime,NULL,NULL,NULL,YES,NULL
dbo,DISEASE_STATE,WarehouseChangeDate,9,datetime,NULL,NULL,NULL,YES,NULL
dbo,DOSE_CHECK,GPI,1,char,14,NULL,NULL,NO,NULL
dbo,DOSE_CHECK,RTYPE,2,int,NULL,10,0,NO,NULL
dbo,DOSE_CHECK,RSTYPE,3,int,NULL,10,0,NO,NULL
dbo,DOSE_CHECK,ALT_STD,4,char,1,NULL,NULL,YES,NULL
dbo,DOSE_CHECK,MINDU,5,decimal,NULL,8,2,YES,NULL
dbo,DOSE_CHECK,USUALDU,6,decimal,NULL,8,2,YES,NULL
dbo,DOSE_CHECK,MAXDU,7,decimal,NULL,8,2,YES,NULL
dbo,DOSE_CHECK,MIN_DAYS,8,int,NULL,10,0,YES,NULL
dbo,DOSE_CHECK,USU_DAYS,9,int,NULL,10,0,YES,NULL
dbo,DOSE_CHECK,MAX_DAYS,10,int,NULL,10,0,YES,NULL
dbo,DOSE_CHECK,SIG_CODE,11,char,15,NULL,NULL,YES,NULL
dbo,DOSE_CHECK,REF_CODE,12,char,3,NULL,NULL,YES,NULL
dbo,DOSE_CHECK,LCD,13,float,NULL,53,NULL,YES,NULL
dbo,DOSE_CHECK,REJECT_LEVEL,14,decimal,NULL,2,1,YES,NULL
dbo,DOSE_CHECK,CIO_OVERRIDE,15,char,1,NULL,NULL,YES,NULL
dbo,DOSE_CHECK,CIO_LEVEL,16,decimal,NULL,2,1,YES,NULL
dbo,DOSE_CHECK,MANUAL_DATE,17,datetime,NULL,NULL,NULL,YES,NULL
dbo,DOSE_CHECK,FILL_DATE,18,datetime,NULL,NULL,NULL,YES,NULL
dbo,DOSE_CHECK,UNIT_PER_DAY,19,decimal,NULL,8,2,YES,NULL
dbo,DOSE_CHECK,MAX_IND,20,decimal,NULL,8,2,YES,NULL
dbo,DOSE_CHECK,ACT_CODE,21,char,1,NULL,NULL,YES,NULL
dbo,DOSE_CHECK,ACTIVE_FLAG_1,22,char,1,NULL,NULL,YES,NULL
dbo,DOSE_CHECK,ACTIVE_DATE_1,23,datetime,NULL,NULL,NULL,YES,NULL
dbo,DOSE_CHECK,ACTIVE_FLAG_2,24,char,1,NULL,NULL,YES,NULL
dbo,DOSE_CHECK,ACTIVE_DATE_2,25,datetime,NULL,NULL,NULL,YES,NULL
dbo,DOSE_CHECK,ACTIVE_FLAG_3,26,char,1,NULL,NULL,YES,NULL
dbo,DOSE_CHECK,ACTIVE_DATE_3,27,datetime,NULL,NULL,NULL,YES,NULL
dbo,DRUG_DATA,DRUG_KEY,1,char,15,NULL,NULL,NO,NULL
dbo,DRUG_DATA,NDC_TYPE_CODE,2,int,NULL,10,0,YES,NULL
dbo,DRUG_DATA,NDC,3,decimal,NULL,11,0,YES,NULL
dbo,DRUG_DATA,GPI,4,char,14,NULL,NULL,YES,NULL
dbo,DRUG_DATA,PROD_ABBR,5,char,25,NULL,NULL,YES,NULL
dbo,DRUG_DATA,GENERIC_CODE,6,char,1,NULL,NULL,YES,NULL
dbo,DRUG_DATA,THERA_CLASS,7,int,NULL,10,0,YES,NULL
dbo,DRUG_DATA,RX_OTC_CODE,8,char,1,NULL,NULL,YES,NULL
dbo,DRUG_DATA,DEA_CODE,9,char,5,NULL,NULL,YES,NULL
dbo,DRUG_DATA,PROD,10,char,12,NULL,NULL,YES,NULL
dbo,DRUG_DATA,AWP_PRICE_1,11,decimal,NULL,18,5,YES,NULL
dbo,DRUG_DATA,AWP_DATE_1,12,datetime,NULL,NULL,NULL,YES,NULL
dbo,DRUG_DATA,AWP_PRICE_2,13,decimal,NULL,18,5,YES,NULL
dbo,DRUG_DATA,AWP_DATE_2,14,datetime,NULL,NULL,NULL,YES,NULL
dbo,DRUG_DATA,AWP_PRICE_3,15,decimal,NULL,18,5,YES,NULL
dbo,DRUG_DATA,AWP_DATE_3,16,datetime,NULL,NULL,NULL,YES,NULL
dbo,DRUG_DATA,AWP_PRICE_4,17,decimal,NULL,18,5,YES,NULL
dbo,DRUG_DATA,AWP_DATE_4,18,datetime,NULL,NULL,NULL,YES,NULL
dbo,DRUG_DATA,MAC_PRICE_1,19,decimal,NULL,18,5,YES,NULL
dbo,DRUG_DATA,MANUF_NAME_ABBR,20,char,10,NULL,NULL,YES,NULL
dbo,DRUG_DATA,THERA_EQUIV,21,char,2,NULL,NULL,YES,NULL
dbo,DRUG_DATA,LEGEND_CHANGE_DATE,22,datetime,NULL,NULL,NULL,YES,NULL
dbo,DRUG_DATA,DESI,23,char,1,NULL,NULL,YES,NULL
dbo,DRUG_DATA,THIRD_PARTY_CODE,24,char,1,NULL,NULL,YES,NULL
dbo,DRUG_DATA,ACT_CODE,25,char,1,NULL,NULL,YES,NULL
dbo,DRUG_DATA,PACKAGE_SIZE,26,decimal,NULL,18,3,YES,NULL
dbo,DRUG_DATA,ROUTE_ADMIN,27,char,2,NULL,NULL,YES,NULL
dbo,DRUG_DATA,DOSAGE_FORM,28,char,4,NULL,NULL,YES,NULL
dbo,DRUG_DATA,TER_DATE,29,datetime,NULL,NULL,NULL,YES,NULL
dbo,DRUG_DATA,PRIOR_AUTH_FLAG,30,char,1,NULL,NULL,YES,NULL
dbo,DRUG_DATA,BRAND_NAME_CODE,31,char,1,NULL,NULL,YES,NULL
dbo,DRUG_DATA,MAC_DATE_1,32,datetime,NULL,NULL,NULL,YES,NULL
dbo,DRUG_DATA,MAC_PRICE_2,33,decimal,NULL,18,5,YES,NULL
dbo,DRUG_DATA,MAC_DATE_2,34,datetime,NULL,NULL,NULL,YES,NULL
dbo,DRUG_DATA,BRAND_T,35,char,1,NULL,NULL,YES,NULL
dbo,DRUG_DATA,MAINT_CODE,36,char,1,NULL,NULL,YES,NULL
dbo,DRUG_DATA,REIMB_CODE,37,char,1,NULL,NULL,YES,NULL
dbo,DRUG_DATA,LABELER_TYPE_CODE,38,char,1,NULL,NULL,YES,NULL
dbo,DRUG_DATA,WHOLESALER_ACQUISITION_COST,39,decimal,NULL,18,6,YES,NULL
dbo,DRUG_DATA,INNER_PACK_CODE,40,char,1,NULL,NULL,YES,NULL
dbo,DRUG_DATA,CLINIC_PACK_CODE,41,char,1,NULL,NULL,YES,NULL
dbo,DRUG_DATA,PRICE_SPREAD_CODE,42,char,1,NULL,NULL,YES,NULL
dbo,DRUG_DATA,STATUS_FLAG,43,char,1,NULL,NULL,YES,NULL
dbo,DRUG_DATA,UNIT_COST_FACTOR,44,decimal,NULL,18,3,YES,NULL
dbo,DRUG_DATA,PURGE_STATUS,45,int,NULL,10,0,YES,NULL
dbo,DRUG_DATA,PROGEN_REBATE,46,char,1,NULL,NULL,YES,NULL
dbo,DRUG_DATA,BRAND_MULTI_COMBO,47,char,2,NULL,NULL,YES,NULL
dbo,DRUG_DATA,SPONSOR_NUMBER,48,int,NULL,10,0,YES,NULL
dbo,DRUG_DATA,DOLLAR_RANK,49,char,1,NULL,NULL,YES,NULL
dbo,DRUG_DATA,RX_RANK,50,char,1,NULL,NULL,YES,NULL
dbo,DRUG_DATA,SINGLE_COMBINATION_CODE,51,char,1,NULL,NULL,YES,NULL
dbo,DRUG_DATA,PPG_INDICATOR_CODE,52,char,1,NULL,NULL,YES,NULL
dbo,DRUG_DATA,HFPG_INDICATOR_CODE,53,char,1,NULL,NULL,YES,NULL
dbo,DRUG_DATA,DRUG_NAME_CODE,54,char,6,NULL,NULL,YES,NULL
dbo,DRUG_DATA,METRIC_STRENGTH,55,decimal,NULL,18,3,YES,NULL
dbo,DRUG_DATA,SIZE_U_M,56,char,2,NULL,NULL,YES,NULL
dbo,DRUG_DATA,NEXT_SMALLER_SUFFIX,57,int,NULL,10,0,YES,NULL
dbo,DRUG_DATA,NEXT_LARGER_SUFFIX,58,int,NULL,10,0,YES,NULL
dbo,DRUG_DATA,DP_PRICE_CODE,59,char,1,NULL,NULL,YES,NULL
dbo,DRUG_DATA,DP_PACK_PRICE_1,60,decimal,NULL,18,2,YES,NULL
dbo,DRUG_DATA,DP_PACK_PRICE_2,61,decimal,NULL,18,2,YES,NULL
dbo,DRUG_DATA,DP_PACK_PRICE_3,62,decimal,NULL,18,2,YES,NULL
dbo,DRUG_DATA,DP_PACK_PRICE_4,63,decimal,NULL,18,2,YES,NULL
dbo,DRUG_DATA,PRE_BY_IDENTIFICATION_NUMBER,64,char,12,NULL,NULL,YES,NULL
dbo,DRUG_DATA,SUP_BY_IDENTIFICATION_NUMBER,65,char,12,NULL,NULL,YES,NULL
dbo,DRUG_DATA,DRUG_EFFECTIVE_DATE,66,datetime,NULL,NULL,NULL,YES,NULL
dbo,DRUG_DATA,DRUG_DPS_EFFECTIVE_DATE_1,67,datetime,NULL,NULL,NULL,YES,NULL
dbo,DRUG_DATA,DRUG_DPS_EFFECTIVE_DATE_2,68,datetime,NULL,NULL,NULL,YES,NULL
dbo,DRUG_DATA,DRUG_DPS_EFFECTIVE_DATE_3,69,datetime,NULL,NULL,NULL,YES,NULL
dbo,DRUG_DATA,DRUG_DPS_TERMINATION_DATE_1,70,datetime,NULL,NULL,NULL,YES,NULL
dbo,DRUG_DATA,DRUG_DPS_TERMINATION_DATE_2,71,datetime,NULL,NULL,NULL,YES,NULL
dbo,DRUG_DATA,DRUG_DPS_TERMINATION_DATE_3,72,datetime,NULL,NULL,NULL,YES,NULL
dbo,DRUG_DATA,DDI_PATIENT_CODE,73,int,NULL,10,0,YES,NULL
dbo,DRUG_DATA,PCM_PATIENT_CODE,74,int,NULL,10,0,YES,NULL
dbo,DRUG_DATA,ALLERGY_PATIENT_CODE,75,int,NULL,10,0,YES,NULL
dbo,DRUG_DATA,DRUG_ERROR_RECORD,76,char,3,NULL,NULL,YES,NULL
dbo,DRUG_DATA,DRUG_ERROR_DATE,77,datetime,NULL,NULL,NULL,YES,NULL
dbo,DRUG_DATA,DRUG_REIMBURSEMENT_SCHEDULE,78,char,6,NULL,NULL,YES,NULL
dbo,DRUG_DATA,DRUG_COPAY_SCHEDULE_TYPE,79,char,6,NULL,NULL,YES,NULL
dbo,DRUG_DATA,DRUG_QUANTITY_LIMIT,80,decimal,NULL,18,3,YES,NULL
dbo,DRUG_DATA,REPACK_FLAG,81,char,1,NULL,NULL,YES,NULL
dbo,DRUG_DATA,DRUG_AWP_LITIGATION,82,char,1,NULL,NULL,YES,NULL
dbo,DRUG_DATA,DRUG_ADD_DATE,83,datetime,NULL,NULL,NULL,YES,NULL
dbo,DRUG_DATA,DRUG_CHANGE_DATE,84,datetime,NULL,NULL,NULL,YES,NULL
dbo,DRUG_DATA,DRUG_APP_TYPE,85,char,1,NULL,NULL,YES,NULL
dbo,DRUG_DATA,DRUG_APP_TYPE_SOURCE,86,char,1,NULL,NULL,YES,NULL
dbo,DRUG_DATA,KDC1,87,int,NULL,10,0,YES,NULL
dbo,DRUG_DATA,KDC2,88,int,NULL,10,0,YES,NULL
dbo,DRUG_DATA,KDC3,89,int,NULL,10,0,YES,NULL
dbo,DRUG_DATA,GEN_CROSS_REF_TYPE_CD,90,char,1,NULL,NULL,YES,NULL
dbo,DRUG_DATA,GEN_ID_NO,91,varchar,10,NULL,NULL,YES,NULL
dbo,DRUG_DATA,DISP_UNIT,92,char,1,NULL,NULL,YES,NULL
dbo,DRUG_DATA,UNIT_DOSE,93,char,1,NULL,NULL,YES,NULL
dbo,DRUG_DATA,PROD_NAME,94,char,25,NULL,NULL,YES,NULL
dbo,DRUG_DATA,FILLER_1,95,char,3,NULL,NULL,YES,NULL
dbo,DRUG_DATA,FILLER_2,96,char,3,NULL,NULL,YES,NULL
dbo,DRUG_DATA,MAC_PRC_CD,97,char,1,NULL,NULL,YES,NULL
dbo,DRUG_DATA,AWP_PRC_CD,98,char,1,NULL,NULL,YES,NULL
dbo,DRUG_DATA,AWP_PACK_PRICE_1,99,decimal,NULL,18,2,YES,NULL
dbo,DRUG_DATA,AWP_PACK_PRICE_2,100,decimal,NULL,18,2,YES,NULL
dbo,DRUG_DATA,AWP_PACK_PRICE_3,101,decimal,NULL,18,2,YES,NULL
dbo,DRUG_DATA,AWP_PACK_PRICE_4,102,decimal,NULL,18,2,YES,NULL
dbo,DRUG_DATA,SOURCE,103,char,15,NULL,NULL,YES,NULL
dbo,DRUG_DATA,GPPC,104,char,8,NULL,NULL,YES,NULL
dbo,DRUG_DATA,MEDISPAN_KEY,105,char,12,NULL,NULL,YES,NULL
dbo,DRUG_DATA,DD_ACT_CODE,106,char,1,NULL,NULL,YES,NULL
dbo,DRUG_DATA,LAST_CHANGE_NOTES,107,char,30,NULL,NULL,YES,NULL
dbo,DRUG_DATA,FIRSTDATA_GCN_NUMBER,108,char,5,NULL,NULL,YES,NULL
dbo,DRUG_DATA,FIRSTDATA_GI,109,char,1,NULL,NULL,YES,NULL
dbo,DRUG_DATA,FIRSTDATA_GPI,110,char,1,NULL,NULL,YES,NULL
dbo,DRUG_DATA,TYPE_CODE_16,111,char,1,NULL,NULL,YES,NULL
dbo,DRUG_DATA,FDA_NON_TOUCH,112,char,1,NULL,NULL,YES,NULL
dbo,DRUG_DATA,TYPE_CODE_32,113,char,1,NULL,NULL,YES,NULL
dbo,DRUG_DATA,TYPE_CODE_33,114,char,1,NULL,NULL,YES,NULL
dbo,DRUG_DATA,CANADIAN_DRUG_ID,115,varchar,8,NULL,NULL,YES,NULL
dbo,DRUG_DATA,LAST_CHANGE_DATE,116,datetime,NULL,NULL,NULL,YES,NULL
dbo,DRUG_DATA,CANADA_MARGIN_1,117,decimal,NULL,18,5,YES,NULL
dbo,DRUG_DATA,CANADA_EFF_DATE_1,118,datetime,NULL,NULL,NULL,YES,NULL
dbo,DRUG_DATA,CANADA_MARGIN_2,119,decimal,NULL,18,5,YES,NULL
dbo,DRUG_DATA,CANADA_EFF_DATE_2,120,datetime,NULL,NULL,NULL,YES,NULL
dbo,DRUG_DATA,CANADA_MARGIN_3,121,decimal,NULL,18,5,YES,NULL
dbo,DRUG_DATA,CANADA_EFF_DATE_3,122,datetime,NULL,NULL,NULL,YES,NULL
dbo,DRUG_DATA,CANADA_MARGIN_4,123,decimal,NULL,18,5,YES,NULL
dbo,DRUG_DATA,CANADA_EFF_DATE_4,124,datetime,NULL,NULL,NULL,YES,NULL
dbo,DRUG_DATA,CANADA_MARGIN_5,125,decimal,NULL,18,5,YES,NULL
dbo,DRUG_DATA,CANADA_EFF_DATE_5,126,datetime,NULL,NULL,NULL,YES,NULL
dbo,DRUG_DATA,DPC_CD,127,char,3,NULL,NULL,YES,NULL
dbo,DRUG_DATA,PPC_CD,128,char,3,NULL,NULL,YES,NULL
dbo,DRUG_DATA,LIMITED_DISTR_CD,129,char,2,NULL,NULL,YES,NULL
dbo,DRUG_DATA,AWP_PACK_PRICE_5,130,decimal,NULL,18,2,YES,NULL
dbo,DRUG_DATA,AWP_PRICE_5,131,decimal,NULL,18,5,YES,NULL
dbo,DRUG_DATA,AWP_DATE_5,132,datetime,NULL,NULL,NULL,YES,NULL
dbo,DRUG_DATA,AWP_PACK_PRICE_6,133,decimal,NULL,18,2,YES,NULL
dbo,DRUG_DATA,AWP_PRICE_6,134,decimal,NULL,18,5,YES,NULL
dbo,DRUG_DATA,AWP_DATE_6,135,datetime,NULL,NULL,NULL,YES,NULL
dbo,DRUG_DATA,WHLSR_PK_COST,136,decimal,NULL,18,2,YES,NULL
dbo,DRUG_DATA,WHLSR_EFF_DATE,137,datetime,NULL,NULL,NULL,YES,NULL
dbo,DRUG_DATA,WHLSR_ACQUISITION_COST_2,138,decimal,NULL,18,5,YES,NULL
dbo,DRUG_DATA,WHLSR_PK_COST_2,139,decimal,NULL,18,2,YES,NULL
dbo,DRUG_DATA,WHLSR_EFF_DATE_2,140,datetime,NULL,NULL,NULL,YES,NULL
dbo,DRUG_DATA,DELIVERY_MULT_QTY_FLAG,141,char,1,NULL,NULL,YES,NULL
dbo,DRUG_DATA,ABRIDGED_IND,142,char,1,NULL,NULL,YES,NULL
dbo,DRUG_DATA,COMPREHENSIVE_IND,143,char,1,NULL,NULL,YES,NULL
dbo,DRUG_DATA,BRAND_ID,144,char,20,NULL,NULL,YES,NULL
dbo,DRUG_DATA,NOTES_1,145,varchar,40,NULL,NULL,YES,NULL
dbo,DRUG_DATA,NOTES_2,146,varchar,40,NULL,NULL,YES,NULL
dbo,DRUG_DATA,SYSTEM_NUMBER,147,int,NULL,10,0,YES,NULL
dbo,DRUG_DATA,MAN_DATE,148,datetime,NULL,NULL,NULL,YES,NULL
dbo,DRUG_DATA,MEDI_DATE,149,datetime,NULL,NULL,NULL,YES,NULL
dbo,DRUG_DATA,WHLSR_ACQUISITION_COST_3,150,decimal,NULL,18,5,YES,NULL
dbo,DRUG_DATA,WHLSR_PK_COST_3,151,decimal,NULL,18,2,YES,NULL
dbo,DRUG_DATA,WHLSR_EFF_DATE_3,152,datetime,NULL,NULL,NULL,YES,NULL
dbo,DRUG_DATA,WHLSR_ACQUISITION_COST_4,153,decimal,NULL,18,5,YES,NULL
dbo,DRUG_DATA,WHLSR_PK_COST_4,154,decimal,NULL,18,2,YES,NULL
dbo,DRUG_DATA,WHLSR_EFF_DATE_4,155,datetime,NULL,NULL,NULL,YES,NULL
dbo,DRUG_DATA,WHLSR_ACQUISITION_COST_5,156,decimal,NULL,18,5,YES,NULL
dbo,DRUG_DATA,WHLSR_PK_COST_5,157,decimal,NULL,18,2,YES,NULL
dbo,DRUG_DATA,WHLSR_EFF_DATE_5,158,datetime,NULL,NULL,NULL,YES,NULL
dbo,DRUG_DATA,WHLSR_ACQUISITION_COST_6,159,decimal,NULL,18,5,YES,NULL
dbo,DRUG_DATA,WHLSR_PK_COST_6,160,decimal,NULL,18,2,YES,NULL
dbo,DRUG_DATA,WHLSR_EFF_DATE_6,161,datetime,NULL,NULL,NULL,YES,NULL
dbo,DRUG_DATA,WarehouseLoadDate,162,datetime,NULL,NULL,NULL,YES,NULL
dbo,DRUG_DATA,WarehouseChangeDate,163,datetime,NULL,NULL,NULL,YES,NULL
dbo,DRUG_DATA,ModCode,164,varchar,6,NULL,NULL,YES,NULL
dbo,DRUG_DATA,MacPackPrice1,165,decimal,NULL,18,2,YES,NULL
dbo,DRUG_DATA,MacPackPrice2,166,decimal,NULL,18,2,YES,NULL
dbo,DRUG_DATA,OrigMEDGenCode,167,varchar,1,NULL,NULL,YES,NULL
dbo,DRUG_DATA,CFGAddID,168,varchar,15,NULL,NULL,YES,NULL
dbo,DRUG_DATA,CFGChangeID,169,varchar,15,NULL,NULL,YES,NULL
dbo,DRUG_DATA,NDCAction,170,char,1,NULL,NULL,YES,NULL
dbo,DRUG_DATA_AWP_OVERLAY,NDC_TYPE_CODE,1,int,NULL,10,0,YES,NULL
dbo,DRUG_DATA_AWP_OVERLAY,NDC,2,decimal,NULL,11,0,NO,NULL
dbo,DRUG_DATA_AWP_OVERLAY,GPI,3,char,14,NULL,NULL,YES,NULL
dbo,DRUG_DATA_AWP_OVERLAY,PROD_ABBR,4,char,25,NULL,NULL,YES,NULL
dbo,DRUG_DATA_AWP_OVERLAY,GENERIC_CODE,5,char,1,NULL,NULL,YES,NULL
dbo,DRUG_DATA_AWP_OVERLAY,THERA_CLASS,6,int,NULL,10,0,YES,NULL
dbo,DRUG_DATA_AWP_OVERLAY,RX_OTC_CODE,7,char,1,NULL,NULL,YES,NULL
dbo,DRUG_DATA_AWP_OVERLAY,DEA_CODE,8,char,5,NULL,NULL,YES,NULL
dbo,DRUG_DATA_AWP_OVERLAY,PROD,9,char,12,NULL,NULL,YES,NULL
dbo,DRUG_DATA_AWP_OVERLAY,AWP_PRICE_1,10,decimal,NULL,18,5,YES,NULL
dbo,DRUG_DATA_AWP_OVERLAY,AWP_DATE_1,11,datetime,NULL,NULL,NULL,YES,NULL
dbo,DRUG_DATA_AWP_OVERLAY,AWP_PRICE_2,12,decimal,NULL,18,5,YES,NULL
dbo,DRUG_DATA_AWP_OVERLAY,AWP_DATE_2,13,datetime,NULL,NULL,NULL,YES,NULL
dbo,DRUG_DATA_AWP_OVERLAY,AWP_PRICE_3,14,decimal,NULL,18,5,YES,NULL
dbo,DRUG_DATA_AWP_OVERLAY,AWP_DATE_3,15,datetime,NULL,NULL,NULL,YES,NULL
dbo,DRUG_DATA_AWP_OVERLAY,AWP_PRICE_4,16,decimal,NULL,18,5,YES,NULL
dbo,DRUG_DATA_AWP_OVERLAY,AWP_DATE_4,17,datetime,NULL,NULL,NULL,YES,NULL
dbo,DRUG_DATA_AWP_OVERLAY,AWP_PRICE_5,18,decimal,NULL,18,5,YES,NULL
dbo,DRUG_DATA_AWP_OVERLAY,AWP_DATE_5,19,datetime,NULL,NULL,NULL,YES,NULL
dbo,DRUG_DATA_AWP_OVERLAY,AWP_PRICE_6,20,decimal,NULL,18,5,YES,NULL
dbo,DRUG_DATA_AWP_OVERLAY,AWP_DATE_6,21,datetime,NULL,NULL,NULL,YES,NULL
dbo,DRUG_DATA_AWP_OVERLAY,MAC_PRICE_1,22,decimal,NULL,18,5,YES,NULL
dbo,DRUG_DATA_AWP_OVERLAY,MANUF_NAME_ABBR,23,char,10,NULL,NULL,YES,NULL
dbo,DRUG_DATA_AWP_OVERLAY,THERA_EQUIV,24,char,2,NULL,NULL,YES,NULL
dbo,DRUG_DATA_AWP_OVERLAY,LEGEND_CHANGE_DATE,25,datetime,NULL,NULL,NULL,YES,NULL
dbo,DRUG_DATA_AWP_OVERLAY,DESI,26,char,1,NULL,NULL,YES,NULL
dbo,DRUG_DATA_AWP_OVERLAY,THIRD_PARTY_CODE,27,char,1,NULL,NULL,YES,NULL
dbo,DRUG_DATA_AWP_OVERLAY,ACT_CODE,28,char,1,NULL,NULL,YES,NULL
dbo,DRUG_DATA_AWP_OVERLAY,PACKAGE_SIZE,29,decimal,NULL,18,3,YES,NULL
dbo,DRUG_DATA_AWP_OVERLAY,ROUTE_ADMIN,30,char,2,NULL,NULL,YES,NULL
dbo,DRUG_DATA_AWP_OVERLAY,DOSAGE_FORM,31,char,4,NULL,NULL,YES,NULL
dbo,DRUG_DATA_AWP_OVERLAY,TER_DATE,32,datetime,NULL,NULL,NULL,YES,NULL
dbo,DRUG_DATA_AWP_OVERLAY,PRIOR_AUTH_FLAG,33,char,1,NULL,NULL,YES,NULL
dbo,DRUG_DATA_AWP_OVERLAY,BRAND_NAME_CODE,34,char,1,NULL,NULL,YES,NULL
dbo,DRUG_DATA_AWP_OVERLAY,MAC_DATE_1,35,datetime,NULL,NULL,NULL,YES,NULL
dbo,DRUG_DATA_AWP_OVERLAY,MAC_PRICE_2,36,decimal,NULL,18,5,YES,NULL
dbo,DRUG_DATA_AWP_OVERLAY,MAC_DATE_2,37,datetime,NULL,NULL,NULL,YES,NULL
dbo,DRUG_DATA_AWP_OVERLAY,BRAND_T,38,char,1,NULL,NULL,YES,NULL
dbo,DRUG_DATA_AWP_OVERLAY,MAINT_CODE,39,char,1,NULL,NULL,YES,NULL
dbo,DRUG_DATA_AWP_OVERLAY,REIMB_CODE,40,char,1,NULL,NULL,YES,NULL
dbo,DRUG_DATA_AWP_OVERLAY,LABELER_TYPE_CODE,41,char,1,NULL,NULL,YES,NULL
dbo,DRUG_DATA_AWP_OVERLAY,WHOLESALER_ACQUISITION_COST,42,decimal,NULL,18,6,YES,NULL
dbo,DRUG_DATA_AWP_OVERLAY,INNER_PACK_CODE,43,char,1,NULL,NULL,YES,NULL
dbo,DRUG_DATA_AWP_OVERLAY,CLINIC_PACK_CODE,44,char,1,NULL,NULL,YES,NULL
dbo,DRUG_DATA_AWP_OVERLAY,PRICE_SPREAD_CODE,45,char,1,NULL,NULL,YES,NULL
dbo,DRUG_DATA_AWP_OVERLAY,STATUS_FLAG,46,char,1,NULL,NULL,YES,NULL
dbo,DRUG_DATA_AWP_OVERLAY,FOUR_DOLLAR_GENERIC,47,char,1,NULL,NULL,YES,NULL
dbo,DRUG_DATA_AWP_OVERLAY,FORMULARY_STATUS,48,char,1,NULL,NULL,YES,NULL
dbo,DRUG_DATA_AWP_OVERLAY,DRUG_AWP_LITIGATION,49,char,1,NULL,NULL,YES,NULL
dbo,DRUG_DATA_AWP_OVERLAY,REPACK_FLAG,50,char,1,NULL,NULL,YES,NULL
dbo,DRUG_DATA_AWP_OVERLAY_hold_05132015,NDC_TYPE_CODE,1,int,NULL,10,0,YES,NULL
dbo,DRUG_DATA_AWP_OVERLAY_hold_05132015,NDC,2,decimal,NULL,11,0,NO,NULL
dbo,DRUG_DATA_AWP_OVERLAY_hold_05132015,GPI,3,char,14,NULL,NULL,YES,NULL
dbo,DRUG_DATA_AWP_OVERLAY_hold_05132015,PROD_ABBR,4,char,25,NULL,NULL,YES,NULL
dbo,DRUG_DATA_AWP_OVERLAY_hold_05132015,GENERIC_CODE,5,char,1,NULL,NULL,YES,NULL
dbo,DRUG_DATA_AWP_OVERLAY_hold_05132015,THERA_CLASS,6,int,NULL,10,0,YES,NULL
dbo,DRUG_DATA_AWP_OVERLAY_hold_05132015,RX_OTC_CODE,7,char,1,NULL,NULL,YES,NULL
dbo,DRUG_DATA_AWP_OVERLAY_hold_05132015,DEA_CODE,8,char,5,NULL,NULL,YES,NULL
dbo,DRUG_DATA_AWP_OVERLAY_hold_05132015,PROD,9,char,12,NULL,NULL,YES,NULL
dbo,DRUG_DATA_AWP_OVERLAY_hold_05132015,AWP_PRICE_1,10,decimal,NULL,18,5,YES,NULL
dbo,DRUG_DATA_AWP_OVERLAY_hold_05132015,AWP_DATE_1,11,datetime,NULL,NULL,NULL,YES,NULL
dbo,DRUG_DATA_AWP_OVERLAY_hold_05132015,AWP_PRICE_2,12,decimal,NULL,18,5,YES,NULL
dbo,DRUG_DATA_AWP_OVERLAY_hold_05132015,AWP_DATE_2,13,datetime,NULL,NULL,NULL,YES,NULL
dbo,DRUG_DATA_AWP_OVERLAY_hold_05132015,AWP_PRICE_3,14,decimal,NULL,18,5,YES,NULL
dbo,DRUG_DATA_AWP_OVERLAY_hold_05132015,AWP_DATE_3,15,datetime,NULL,NULL,NULL,YES,NULL
dbo,DRUG_DATA_AWP_OVERLAY_hold_05132015,AWP_PRICE_4,16,decimal,NULL,18,5,YES,NULL
dbo,DRUG_DATA_AWP_OVERLAY_hold_05132015,AWP_DATE_4,17,datetime,NULL,NULL,NULL,YES,NULL
dbo,DRUG_DATA_AWP_OVERLAY_hold_05132015,MAC_PRICE_1,18,decimal,NULL,18,5,YES,NULL
dbo,DRUG_DATA_AWP_OVERLAY_hold_05132015,MANUF_NAME_ABBR,19,char,10,NULL,NULL,YES,NULL
dbo,DRUG_DATA_AWP_OVERLAY_hold_05132015,THERA_EQUIV,20,char,2,NULL,NULL,YES,NULL
dbo,DRUG_DATA_AWP_OVERLAY_hold_05132015,LEGEND_CHANGE_DATE,21,datetime,NULL,NULL,NULL,YES,NULL
dbo,DRUG_DATA_AWP_OVERLAY_hold_05132015,DESI,22,char,1,NULL,NULL,YES,NULL
dbo,DRUG_DATA_AWP_OVERLAY_hold_05132015,THIRD_PARTY_CODE,23,char,1,NULL,NULL,YES,NULL
dbo,DRUG_DATA_AWP_OVERLAY_hold_05132015,ACT_CODE,24,char,1,NULL,NULL,YES,NULL
dbo,DRUG_DATA_AWP_OVERLAY_hold_05132015,PACKAGE_SIZE,25,decimal,NULL,18,3,YES,NULL
dbo,DRUG_DATA_AWP_OVERLAY_hold_05132015,ROUTE_ADMIN,26,char,2,NULL,NULL,YES,NULL
dbo,DRUG_DATA_AWP_OVERLAY_hold_05132015,DOSAGE_FORM,27,char,4,NULL,NULL,YES,NULL
dbo,DRUG_DATA_AWP_OVERLAY_hold_05132015,TER_DATE,28,datetime,NULL,NULL,NULL,YES,NULL
dbo,DRUG_DATA_AWP_OVERLAY_hold_05132015,PRIOR_AUTH_FLAG,29,char,1,NULL,NULL,YES,NULL
dbo,DRUG_DATA_AWP_OVERLAY_hold_05132015,BRAND_NAME_CODE,30,char,1,NULL,NULL,YES,NULL
dbo,DRUG_DATA_AWP_OVERLAY_hold_05132015,MAC_DATE_1,31,datetime,NULL,NULL,NULL,YES,NULL
dbo,DRUG_DATA_AWP_OVERLAY_hold_05132015,MAC_PRICE_2,32,decimal,NULL,18,5,YES,NULL
dbo,DRUG_DATA_AWP_OVERLAY_hold_05132015,MAC_DATE_2,33,datetime,NULL,NULL,NULL,YES,NULL
dbo,DRUG_DATA_AWP_OVERLAY_hold_05132015,BRAND_T,34,char,1,NULL,NULL,YES,NULL
dbo,DRUG_DATA_AWP_OVERLAY_hold_05132015,MAINT_CODE,35,char,1,NULL,NULL,YES,NULL
dbo,DRUG_DATA_AWP_OVERLAY_hold_05132015,REIMB_CODE,36,char,1,NULL,NULL,YES,NULL
dbo,DRUG_DATA_AWP_OVERLAY_hold_05132015,LABELER_TYPE_CODE,37,char,1,NULL,NULL,YES,NULL
dbo,DRUG_DATA_AWP_OVERLAY_hold_05132015,WHOLESALER_ACQUISITION_COST,38,decimal,NULL,18,6,YES,NULL
dbo,DRUG_DATA_AWP_OVERLAY_hold_05132015,INNER_PACK_CODE,39,char,1,NULL,NULL,YES,NULL
dbo,DRUG_DATA_AWP_OVERLAY_hold_05132015,CLINIC_PACK_CODE,40,char,1,NULL,NULL,YES,NULL
dbo,DRUG_DATA_AWP_OVERLAY_hold_05132015,PRICE_SPREAD_CODE,41,char,1,NULL,NULL,YES,NULL
dbo,DRUG_DATA_AWP_OVERLAY_hold_05132015,STATUS_FLAG,42,char,1,NULL,NULL,YES,NULL
dbo,DRUG_DATA_AWP_OVERLAY_hold_05132015,FOUR_DOLLAR_GENERIC,43,char,1,NULL,NULL,YES,NULL
dbo,DRUG_DATA_AWP_OVERLAY_hold_05132015,FORMULARY_STATUS,44,char,1,NULL,NULL,YES,NULL
dbo,DRUG_DATA_AWP_OVERLAY_hold_05132015,DRUG_AWP_LITIGATION,45,char,1,NULL,NULL,YES,NULL
dbo,DRUG_DATA_AWP_OVERLAY_hold_05132015,REPACK_FLAG,46,char,1,NULL,NULL,YES,NULL
dbo,DRUG_DATA_HISTORIC_AWP,NDC_TYPE_CODE,1,int,NULL,10,0,YES,NULL
dbo,DRUG_DATA_HISTORIC_AWP,NDC,2,decimal,NULL,11,0,NO,NULL
dbo,DRUG_DATA_HISTORIC_AWP,GPI,3,char,14,NULL,NULL,YES,NULL
dbo,DRUG_DATA_HISTORIC_AWP,PROD_ABBR,4,char,25,NULL,NULL,YES,NULL
dbo,DRUG_DATA_HISTORIC_AWP,GENERIC_CODE,5,char,1,NULL,NULL,YES,NULL
dbo,DRUG_DATA_HISTORIC_AWP,THERA_CLASS,6,int,NULL,10,0,YES,NULL
dbo,DRUG_DATA_HISTORIC_AWP,RX_OTC_CODE,7,char,1,NULL,NULL,YES,NULL
dbo,DRUG_DATA_HISTORIC_AWP,DEA_CODE,8,char,5,NULL,NULL,YES,NULL
dbo,DRUG_DATA_HISTORIC_AWP,PROD,9,char,12,NULL,NULL,YES,NULL
dbo,DRUG_DATA_HISTORIC_AWP,AWP_PRICE_1,10,decimal,NULL,18,5,YES,NULL
dbo,DRUG_DATA_HISTORIC_AWP,AWP_DATE_1,11,datetime,NULL,NULL,NULL,YES,NULL
dbo,DRUG_DATA_HISTORIC_AWP,AWP_PRICE_2,12,decimal,NULL,18,5,YES,NULL
dbo,DRUG_DATA_HISTORIC_AWP,AWP_DATE_2,13,datetime,NULL,NULL,NULL,YES,NULL
dbo,DRUG_DATA_HISTORIC_AWP,AWP_PRICE_3,14,decimal,NULL,18,5,YES,NULL
dbo,DRUG_DATA_HISTORIC_AWP,AWP_DATE_3,15,datetime,NULL,NULL,NULL,YES,NULL
dbo,DRUG_DATA_HISTORIC_AWP,AWP_PRICE_4,16,decimal,NULL,18,5,YES,NULL
dbo,DRUG_DATA_HISTORIC_AWP,AWP_DATE_4,17,datetime,NULL,NULL,NULL,YES,NULL
dbo,DRUG_DATA_HISTORIC_AWP,AWP_PRICE_5,18,decimal,NULL,18,5,YES,NULL
dbo,DRUG_DATA_HISTORIC_AWP,AWP_DATE_5,19,datetime,NULL,NULL,NULL,YES,NULL
dbo,DRUG_DATA_HISTORIC_AWP,AWP_PRICE_6,20,decimal,NULL,18,5,YES,NULL
dbo,DRUG_DATA_HISTORIC_AWP,AWP_DATE_6,21,datetime,NULL,NULL,NULL,YES,NULL
dbo,DRUG_DATA_HISTORIC_AWP,AWP_PRICE_7,22,decimal,NULL,18,5,YES,NULL
dbo,DRUG_DATA_HISTORIC_AWP,AWP_DATE_7,23,datetime,NULL,NULL,NULL,YES,NULL
dbo,DRUG_DATA_HISTORIC_AWP,AWP_PRICE_8,24,decimal,NULL,18,5,YES,NULL
dbo,DRUG_DATA_HISTORIC_AWP,AWP_DATE_8,25,datetime,NULL,NULL,NULL,YES,NULL
dbo,DRUG_DATA_HISTORIC_AWP,AWP_PRICE_9,26,decimal,NULL,18,5,YES,NULL
dbo,DRUG_DATA_HISTORIC_AWP,AWP_DATE_9,27,datetime,NULL,NULL,NULL,YES,NULL
dbo,DRUG_DATA_HISTORIC_AWP,AWP_PRICE_10,28,decimal,NULL,18,5,YES,NULL
dbo,DRUG_DATA_HISTORIC_AWP,AWP_DATE_10,29,datetime,NULL,NULL,NULL,YES,NULL
dbo,DRUG_DATA_HISTORIC_AWP,AWP_PRICE_11,30,decimal,NULL,18,5,YES,NULL
dbo,DRUG_DATA_HISTORIC_AWP,AWP_DATE_11,31,datetime,NULL,NULL,NULL,YES,NULL
dbo,DRUG_DATA_HISTORIC_AWP,AWP_PRICE_12,32,decimal,NULL,18,5,YES,NULL
dbo,DRUG_DATA_HISTORIC_AWP,AWP_DATE_12,33,datetime,NULL,NULL,NULL,YES,NULL
dbo,DRUG_DATA_HISTORIC_AWP,AWP_PRICE_13,34,decimal,NULL,18,5,YES,NULL
dbo,DRUG_DATA_HISTORIC_AWP,AWP_DATE_13,35,datetime,NULL,NULL,NULL,YES,NULL
dbo,DRUG_DATA_HISTORIC_AWP,AWP_PRICE_14,36,decimal,NULL,18,5,YES,NULL
dbo,DRUG_DATA_HISTORIC_AWP,AWP_DATE_14,37,datetime,NULL,NULL,NULL,YES,NULL
dbo,DRUG_DATA_HISTORIC_AWP,AWP_PRICE_15,38,decimal,NULL,18,5,YES,NULL
dbo,DRUG_DATA_HISTORIC_AWP,AWP_DATE_15,39,datetime,NULL,NULL,NULL,YES,NULL
dbo,DRUG_DATA_HISTORIC_AWP,AWP_PRICE_16,40,decimal,NULL,18,5,YES,NULL
dbo,DRUG_DATA_HISTORIC_AWP,AWP_DATE_16,41,datetime,NULL,NULL,NULL,YES,NULL
dbo,DRUG_DATA_HISTORIC_AWP,MAC_PRICE_1,42,decimal,NULL,18,5,YES,NULL
dbo,DRUG_DATA_HISTORIC_AWP,MANUF_NAME_ABBR,43,char,10,NULL,NULL,YES,NULL
dbo,DRUG_DATA_HISTORIC_AWP,THERA_EQUIV,44,char,2,NULL,NULL,YES,NULL
dbo,DRUG_DATA_HISTORIC_AWP,LEGEND_CHANGE_DATE,45,datetime,NULL,NULL,NULL,YES,NULL
dbo,DRUG_DATA_HISTORIC_AWP,DESI,46,char,1,NULL,NULL,YES,NULL
dbo,DRUG_DATA_HISTORIC_AWP,THIRD_PARTY_CODE,47,char,1,NULL,NULL,YES,NULL
dbo,DRUG_DATA_HISTORIC_AWP,ACT_CODE,48,char,1,NULL,NULL,YES,NULL
dbo,DRUG_DATA_HISTORIC_AWP,PACKAGE_SIZE,49,decimal,NULL,18,3,YES,NULL
dbo,DRUG_DATA_HISTORIC_AWP,ROUTE_ADMIN,50,char,2,NULL,NULL,YES,NULL
dbo,DRUG_DATA_HISTORIC_AWP,DOSAGE_FORM,51,char,4,NULL,NULL,YES,NULL
dbo,DRUG_DATA_HISTORIC_AWP,TER_DATE,52,datetime,NULL,NULL,NULL,YES,NULL
dbo,DRUG_DATA_HISTORIC_AWP,PRIOR_AUTH_FLAG,53,char,1,NULL,NULL,YES,NULL
dbo,DRUG_DATA_HISTORIC_AWP,BRAND_NAME_CODE,54,char,1,NULL,NULL,YES,NULL
dbo,DRUG_DATA_HISTORIC_AWP,MAC_DATE_1,55,datetime,NULL,NULL,NULL,YES,NULL
dbo,DRUG_DATA_HISTORIC_AWP,MAC_PRICE_2,56,decimal,NULL,18,5,YES,NULL
dbo,DRUG_DATA_HISTORIC_AWP,MAC_DATE_2,57,datetime,NULL,NULL,NULL,YES,NULL
dbo,DRUG_DATA_HISTORIC_AWP,BRAND_T,58,char,1,NULL,NULL,YES,NULL
dbo,DRUG_DATA_HISTORIC_AWP,MAINT_CODE,59,char,1,NULL,NULL,YES,NULL
dbo,DRUG_DATA_HISTORIC_AWP,REIMB_CODE,60,char,1,NULL,NULL,YES,NULL
dbo,DRUG_DATA_HISTORIC_AWP,LABELER_TYPE_CODE,61,char,1,NULL,NULL,YES,NULL
dbo,DRUG_DATA_HISTORIC_AWP,WHOLESALER_ACQUISITION_COST,62,decimal,NULL,18,6,YES,NULL
dbo,DRUG_DATA_HISTORIC_AWP,INNER_PACK_CODE,63,char,1,NULL,NULL,YES,NULL
dbo,DRUG_DATA_HISTORIC_AWP,CLINIC_PACK_CODE,64,char,1,NULL,NULL,YES,NULL
dbo,DRUG_DATA_HISTORIC_AWP,PRICE_SPREAD_CODE,65,char,1,NULL,NULL,YES,NULL
dbo,DRUG_DATA_HISTORIC_AWP,STATUS_FLAG,66,char,1,NULL,NULL,YES,NULL
dbo,DRUG_DATA_HISTORIC_AWP,MAC_PRICE_3,67,decimal,NULL,18,5,YES,NULL
dbo,DRUG_DATA_HISTORIC_AWP,MAC_DATE_3,68,datetime,NULL,NULL,NULL,YES,NULL
dbo,DRUG_DATA_HISTORIC_AWP,MAC_PRICE_4,69,decimal,NULL,18,5,YES,NULL
dbo,DRUG_DATA_HISTORIC_AWP,MAC_DATE_4,70,datetime,NULL,NULL,NULL,YES,NULL
dbo,DRUG_DATA_HISTORIC_AWP,MAC_PRICE_5,71,decimal,NULL,18,5,YES,NULL
dbo,DRUG_DATA_HISTORIC_AWP,MAC_DATE_5,72,datetime,NULL,NULL,NULL,YES,NULL
dbo,DRUG_DATA_HISTORIC_AWP,MAC_PRICE_6,73,decimal,NULL,18,5,YES,NULL
dbo,DRUG_DATA_HISTORIC_AWP,MAC_DATE_6,74,datetime,NULL,NULL,NULL,YES,NULL
dbo,DRUG_DATA_HISTORIC_AWP,MAC_PRICE_7,75,decimal,NULL,18,5,YES,NULL
dbo,DRUG_DATA_HISTORIC_AWP,MAC_DATE_7,76,datetime,NULL,NULL,NULL,YES,NULL
dbo,DRUG_DATA_HISTORIC_AWP,MAC_PRICE_8,77,decimal,NULL,18,5,YES,NULL
dbo,DRUG_DATA_HISTORIC_AWP,MAC_DATE_8,78,datetime,NULL,NULL,NULL,YES,NULL
dbo,DRUG_DATA_HISTORIC_AWP,MAC_PRICE_9,79,decimal,NULL,18,5,YES,NULL
dbo,DRUG_DATA_HISTORIC_AWP,MAC_DATE_9,80,datetime,NULL,NULL,NULL,YES,NULL
dbo,DRUG_DATA_HISTORIC_AWP,MAC_PRICE_10,81,decimal,NULL,18,5,YES,NULL
dbo,DRUG_DATA_HISTORIC_AWP,MAC_DATE_10,82,datetime,NULL,NULL,NULL,YES,NULL
dbo,DRUG_DATA_HISTORIC_AWP,FOUR_DOLLAR_GENERIC,83,char,1,NULL,NULL,YES,NULL
dbo,DRUG_DATA_HISTORIC_AWP,FORMULARY_STATUS,84,char,1,NULL,NULL,YES,NULL
dbo,DRUG_DATA_HISTORIC_AWP,DRUG_AWP_LITIGATION,85,char,1,NULL,NULL,YES,NULL
dbo,DRUG_DATA_HISTORIC_AWP,REPACK_FLAG,86,char,1,NULL,NULL,YES,NULL
dbo,DRUG_DATA_HISTORIC_AWP_hold_05132015,NDC_TYPE_CODE,1,int,NULL,10,0,YES,NULL
dbo,DRUG_DATA_HISTORIC_AWP_hold_05132015,NDC,2,decimal,NULL,11,0,NO,NULL
dbo,DRUG_DATA_HISTORIC_AWP_hold_05132015,GPI,3,char,14,NULL,NULL,YES,NULL
dbo,DRUG_DATA_HISTORIC_AWP_hold_05132015,PROD_ABBR,4,char,25,NULL,NULL,YES,NULL
dbo,DRUG_DATA_HISTORIC_AWP_hold_05132015,GENERIC_CODE,5,char,1,NULL,NULL,YES,NULL
dbo,DRUG_DATA_HISTORIC_AWP_hold_05132015,THERA_CLASS,6,int,NULL,10,0,YES,NULL
dbo,DRUG_DATA_HISTORIC_AWP_hold_05132015,RX_OTC_CODE,7,char,1,NULL,NULL,YES,NULL
dbo,DRUG_DATA_HISTORIC_AWP_hold_05132015,DEA_CODE,8,char,5,NULL,NULL,YES,NULL
dbo,DRUG_DATA_HISTORIC_AWP_hold_05132015,PROD,9,char,12,NULL,NULL,YES,NULL
dbo,DRUG_DATA_HISTORIC_AWP_hold_05132015,AWP_PRICE_1,10,decimal,NULL,18,5,YES,NULL
dbo,DRUG_DATA_HISTORIC_AWP_hold_05132015,AWP_DATE_1,11,datetime,NULL,NULL,NULL,YES,NULL
dbo,DRUG_DATA_HISTORIC_AWP_hold_05132015,AWP_PRICE_2,12,decimal,NULL,18,5,YES,NULL
dbo,DRUG_DATA_HISTORIC_AWP_hold_05132015,AWP_DATE_2,13,datetime,NULL,NULL,NULL,YES,NULL
dbo,DRUG_DATA_HISTORIC_AWP_hold_05132015,AWP_PRICE_3,14,decimal,NULL,18,5,YES,NULL
dbo,DRUG_DATA_HISTORIC_AWP_hold_05132015,AWP_DATE_3,15,datetime,NULL,NULL,NULL,YES,NULL
dbo,DRUG_DATA_HISTORIC_AWP_hold_05132015,AWP_PRICE_4,16,decimal,NULL,18,5,YES,NULL
dbo,DRUG_DATA_HISTORIC_AWP_hold_05132015,AWP_DATE_4,17,datetime,NULL,NULL,NULL,YES,NULL
dbo,DRUG_DATA_HISTORIC_AWP_hold_05132015,AWP_PRICE_5,18,decimal,NULL,18,5,YES,NULL
dbo,DRUG_DATA_HISTORIC_AWP_hold_05132015,AWP_DATE_5,19,datetime,NULL,NULL,NULL,YES,NULL
dbo,DRUG_DATA_HISTORIC_AWP_hold_05132015,AWP_PRICE_6,20,decimal,NULL,18,5,YES,NULL
dbo,DRUG_DATA_HISTORIC_AWP_hold_05132015,AWP_DATE_6,21,datetime,NULL,NULL,NULL,YES,NULL
dbo,DRUG_DATA_HISTORIC_AWP_hold_05132015,AWP_PRICE_7,22,decimal,NULL,18,5,YES,NULL
dbo,DRUG_DATA_HISTORIC_AWP_hold_05132015,AWP_DATE_7,23,datetime,NULL,NULL,NULL,YES,NULL
dbo,DRUG_DATA_HISTORIC_AWP_hold_05132015,AWP_PRICE_8,24,decimal,NULL,18,5,YES,NULL
dbo,DRUG_DATA_HISTORIC_AWP_hold_05132015,AWP_DATE_8,25,datetime,NULL,NULL,NULL,YES,NULL
dbo,DRUG_DATA_HISTORIC_AWP_hold_05132015,AWP_PRICE_9,26,decimal,NULL,18,5,YES,NULL
dbo,DRUG_DATA_HISTORIC_AWP_hold_05132015,AWP_DATE_9,27,datetime,NULL,NULL,NULL,YES,NULL
dbo,DRUG_DATA_HISTORIC_AWP_hold_05132015,AWP_PRICE_10,28,decimal,NULL,18,5,YES,NULL
dbo,DRUG_DATA_HISTORIC_AWP_hold_05132015,AWP_DATE_10,29,datetime,NULL,NULL,NULL,YES,NULL
dbo,DRUG_DATA_HISTORIC_AWP_hold_05132015,AWP_PRICE_11,30,decimal,NULL,18,5,YES,NULL
dbo,DRUG_DATA_HISTORIC_AWP_hold_05132015,AWP_DATE_11,31,datetime,NULL,NULL,NULL,YES,NULL
dbo,DRUG_DATA_HISTORIC_AWP_hold_05132015,AWP_PRICE_12,32,decimal,NULL,18,5,YES,NULL
dbo,DRUG_DATA_HISTORIC_AWP_hold_05132015,AWP_DATE_12,33,datetime,NULL,NULL,NULL,YES,NULL
dbo,DRUG_DATA_HISTORIC_AWP_hold_05132015,AWP_PRICE_13,34,decimal,NULL,18,5,YES,NULL
dbo,DRUG_DATA_HISTORIC_AWP_hold_05132015,AWP_DATE_13,35,datetime,NULL,NULL,NULL,YES,NULL
dbo,DRUG_DATA_HISTORIC_AWP_hold_05132015,AWP_PRICE_14,36,decimal,NULL,18,5,YES,NULL
dbo,DRUG_DATA_HISTORIC_AWP_hold_05132015,AWP_DATE_14,37,datetime,NULL,NULL,NULL,YES,NULL
dbo,DRUG_DATA_HISTORIC_AWP_hold_05132015,AWP_PRICE_15,38,decimal,NULL,18,5,YES,NULL
dbo,DRUG_DATA_HISTORIC_AWP_hold_05132015,AWP_DATE_15,39,datetime,NULL,NULL,NULL,YES,NULL
dbo,DRUG_DATA_HISTORIC_AWP_hold_05132015,AWP_PRICE_16,40,decimal,NULL,18,5,YES,NULL
dbo,DRUG_DATA_HISTORIC_AWP_hold_05132015,AWP_DATE_16,41,datetime,NULL,NULL,NULL,YES,NULL
dbo,DRUG_DATA_HISTORIC_AWP_hold_05132015,MAC_PRICE_1,42,decimal,NULL,18,5,YES,NULL
dbo,DRUG_DATA_HISTORIC_AWP_hold_05132015,MANUF_NAME_ABBR,43,char,10,NULL,NULL,YES,NULL
dbo,DRUG_DATA_HISTORIC_AWP_hold_05132015,THERA_EQUIV,44,char,2,NULL,NULL,YES,NULL
dbo,DRUG_DATA_HISTORIC_AWP_hold_05132015,LEGEND_CHANGE_DATE,45,datetime,NULL,NULL,NULL,YES,NULL
dbo,DRUG_DATA_HISTORIC_AWP_hold_05132015,DESI,46,char,1,NULL,NULL,YES,NULL
dbo,DRUG_DATA_HISTORIC_AWP_hold_05132015,THIRD_PARTY_CODE,47,char,1,NULL,NULL,YES,NULL
dbo,DRUG_DATA_HISTORIC_AWP_hold_05132015,ACT_CODE,48,char,1,NULL,NULL,YES,NULL
dbo,DRUG_DATA_HISTORIC_AWP_hold_05132015,PACKAGE_SIZE,49,decimal,NULL,18,3,YES,NULL
dbo,DRUG_DATA_HISTORIC_AWP_hold_05132015,ROUTE_ADMIN,50,char,2,NULL,NULL,YES,NULL
dbo,DRUG_DATA_HISTORIC_AWP_hold_05132015,DOSAGE_FORM,51,char,4,NULL,NULL,YES,NULL
dbo,DRUG_DATA_HISTORIC_AWP_hold_05132015,TER_DATE,52,datetime,NULL,NULL,NULL,YES,NULL
dbo,DRUG_DATA_HISTORIC_AWP_hold_05132015,PRIOR_AUTH_FLAG,53,char,1,NULL,NULL,YES,NULL
dbo,DRUG_DATA_HISTORIC_AWP_hold_05132015,BRAND_NAME_CODE,54,char,1,NULL,NULL,YES,NULL
dbo,DRUG_DATA_HISTORIC_AWP_hold_05132015,MAC_DATE_1,55,datetime,NULL,NULL,NULL,YES,NULL
dbo,DRUG_DATA_HISTORIC_AWP_hold_05132015,MAC_PRICE_2,56,decimal,NULL,18,5,YES,NULL
dbo,DRUG_DATA_HISTORIC_AWP_hold_05132015,MAC_DATE_2,57,datetime,NULL,NULL,NULL,YES,NULL
dbo,DRUG_DATA_HISTORIC_AWP_hold_05132015,BRAND_T,58,char,1,NULL,NULL,YES,NULL
dbo,DRUG_DATA_HISTORIC_AWP_hold_05132015,MAINT_CODE,59,char,1,NULL,NULL,YES,NULL
dbo,DRUG_DATA_HISTORIC_AWP_hold_05132015,REIMB_CODE,60,char,1,NULL,NULL,YES,NULL
dbo,DRUG_DATA_HISTORIC_AWP_hold_05132015,LABELER_TYPE_CODE,61,char,1,NULL,NULL,YES,NULL
dbo,DRUG_DATA_HISTORIC_AWP_hold_05132015,WHOLESALER_ACQUISITION_COST,62,decimal,NULL,18,6,YES,NULL
dbo,DRUG_DATA_HISTORIC_AWP_hold_05132015,INNER_PACK_CODE,63,char,1,NULL,NULL,YES,NULL
dbo,DRUG_DATA_HISTORIC_AWP_hold_05132015,CLINIC_PACK_CODE,64,char,1,NULL,NULL,YES,NULL
dbo,DRUG_DATA_HISTORIC_AWP_hold_05132015,PRICE_SPREAD_CODE,65,char,1,NULL,NULL,YES,NULL
dbo,DRUG_DATA_HISTORIC_AWP_hold_05132015,STATUS_FLAG,66,char,1,NULL,NULL,YES,NULL
dbo,DRUG_DATA_HISTORIC_AWP_hold_05132015,MAC_PRICE_3,67,decimal,NULL,18,5,YES,NULL
dbo,DRUG_DATA_HISTORIC_AWP_hold_05132015,MAC_DATE_3,68,datetime,NULL,NULL,NULL,YES,NULL
dbo,DRUG_DATA_HISTORIC_AWP_hold_05132015,MAC_PRICE_4,69,decimal,NULL,18,5,YES,NULL
dbo,DRUG_DATA_HISTORIC_AWP_hold_05132015,MAC_DATE_4,70,datetime,NULL,NULL,NULL,YES,NULL
dbo,DRUG_DATA_HISTORIC_AWP_hold_05132015,MAC_PRICE_5,71,decimal,NULL,18,5,YES,NULL
dbo,DRUG_DATA_HISTORIC_AWP_hold_05132015,MAC_DATE_5,72,datetime,NULL,NULL,NULL,YES,NULL
dbo,DRUG_DATA_HISTORIC_AWP_hold_05132015,MAC_PRICE_6,73,decimal,NULL,18,5,YES,NULL
dbo,DRUG_DATA_HISTORIC_AWP_hold_05132015,MAC_DATE_6,74,datetime,NULL,NULL,NULL,YES,NULL
dbo,DRUG_DATA_HISTORIC_AWP_hold_05132015,MAC_PRICE_7,75,decimal,NULL,18,5,YES,NULL
dbo,DRUG_DATA_HISTORIC_AWP_hold_05132015,MAC_DATE_7,76,datetime,NULL,NULL,NULL,YES,NULL
dbo,DRUG_DATA_HISTORIC_AWP_hold_05132015,MAC_PRICE_8,77,decimal,NULL,18,5,YES,NULL
dbo,DRUG_DATA_HISTORIC_AWP_hold_05132015,MAC_DATE_8,78,datetime,NULL,NULL,NULL,YES,NULL
dbo,DRUG_DATA_HISTORIC_AWP_hold_05132015,MAC_PRICE_9,79,decimal,NULL,18,5,YES,NULL
dbo,DRUG_DATA_HISTORIC_AWP_hold_05132015,MAC_DATE_9,80,datetime,NULL,NULL,NULL,YES,NULL
dbo,DRUG_DATA_HISTORIC_AWP_hold_05132015,MAC_PRICE_10,81,decimal,NULL,18,5,YES,NULL
dbo,DRUG_DATA_HISTORIC_AWP_hold_05132015,MAC_DATE_10,82,datetime,NULL,NULL,NULL,YES,NULL
dbo,DRUG_DATA_HISTORIC_AWP_hold_05132015,FOUR_DOLLAR_GENERIC,83,char,1,NULL,NULL,YES,NULL
dbo,DRUG_DATA_HISTORIC_AWP_hold_05132015,FORMULARY_STATUS,84,char,1,NULL,NULL,YES,NULL
dbo,DRUG_DATA_HISTORIC_AWP_hold_05132015,DRUG_AWP_LITIGATION,85,char,1,NULL,NULL,YES,NULL
dbo,DRUG_DATA_HISTORIC_AWP_hold_05132015,REPACK_FLAG,86,char,1,NULL,NULL,YES,NULL
dbo,DRUG_DATA_HISTORIC_WAC,NDC_TYPE_CODE,1,int,NULL,10,0,YES,NULL
dbo,DRUG_DATA_HISTORIC_WAC,NDC,2,decimal,NULL,11,0,NO,NULL
dbo,DRUG_DATA_HISTORIC_WAC,GPI,3,char,14,NULL,NULL,YES,NULL
dbo,DRUG_DATA_HISTORIC_WAC,PROD_ABBR,4,char,25,NULL,NULL,YES,NULL
dbo,DRUG_DATA_HISTORIC_WAC,GENERIC_CODE,5,char,1,NULL,NULL,YES,NULL
dbo,DRUG_DATA_HISTORIC_WAC,THERA_CLASS,6,int,NULL,10,0,YES,NULL
dbo,DRUG_DATA_HISTORIC_WAC,RX_OTC_CODE,7,char,1,NULL,NULL,YES,NULL
dbo,DRUG_DATA_HISTORIC_WAC,DEA_CODE,8,char,5,NULL,NULL,YES,NULL
dbo,DRUG_DATA_HISTORIC_WAC,PROD,9,char,12,NULL,NULL,YES,NULL
dbo,DRUG_DATA_HISTORIC_WAC,MANUF_NAME_ABBR,10,char,10,NULL,NULL,YES,NULL
dbo,DRUG_DATA_HISTORIC_WAC,THERA_EQUIV,11,char,2,NULL,NULL,YES,NULL
dbo,DRUG_DATA_HISTORIC_WAC,LEGEND_CHANGE_DATE,12,datetime,NULL,NULL,NULL,YES,NULL
dbo,DRUG_DATA_HISTORIC_WAC,DESI,13,char,1,NULL,NULL,YES,NULL
dbo,DRUG_DATA_HISTORIC_WAC,THIRD_PARTY_CODE,14,char,1,NULL,NULL,YES,NULL
dbo,DRUG_DATA_HISTORIC_WAC,ACT_CODE,15,char,1,NULL,NULL,YES,NULL
dbo,DRUG_DATA_HISTORIC_WAC,PACKAGE_SIZE,16,decimal,NULL,18,3,YES,NULL
dbo,DRUG_DATA_HISTORIC_WAC,ROUTE_ADMIN,17,char,2,NULL,NULL,YES,NULL
dbo,DRUG_DATA_HISTORIC_WAC,DOSAGE_FORM,18,char,4,NULL,NULL,YES,NULL
dbo,DRUG_DATA_HISTORIC_WAC,TER_DATE,19,datetime,NULL,NULL,NULL,YES,NULL
dbo,DRUG_DATA_HISTORIC_WAC,PRIOR_AUTH_FLAG,20,char,1,NULL,NULL,YES,NULL
dbo,DRUG_DATA_HISTORIC_WAC,BRAND_NAME_CODE,21,char,1,NULL,NULL,YES,NULL
dbo,DRUG_DATA_HISTORIC_WAC,BRAND_T,22,char,1,NULL,NULL,YES,NULL
dbo,DRUG_DATA_HISTORIC_WAC,MAINT_CODE,23,char,1,NULL,NULL,YES,NULL
dbo,DRUG_DATA_HISTORIC_WAC,REIMB_CODE,24,char,1,NULL,NULL,YES,NULL
dbo,DRUG_DATA_HISTORIC_WAC,LABELER_TYPE_CODE,25,char,1,NULL,NULL,YES,NULL
dbo,DRUG_DATA_HISTORIC_WAC,WHLSR_ACQUISITION_COST_1,26,decimal,NULL,18,6,YES,NULL
dbo,DRUG_DATA_HISTORIC_WAC,WHLSR_EFF_DATE_1,27,datetime,NULL,NULL,NULL,YES,NULL
dbo,DRUG_DATA_HISTORIC_WAC,WHLSR_ACQUISITION_COST_2,28,decimal,NULL,18,6,YES,NULL
dbo,DRUG_DATA_HISTORIC_WAC,WHLSR_EFF_DATE_2,29,datetime,NULL,NULL,NULL,YES,NULL
dbo,DRUG_DATA_HISTORIC_WAC,WHLSR_ACQUISITION_COST_3,30,decimal,NULL,18,6,YES,NULL
dbo,DRUG_DATA_HISTORIC_WAC,WHLSR_EFF_DATE_3,31,datetime,NULL,NULL,NULL,YES,NULL
dbo,DRUG_DATA_HISTORIC_WAC,WHLSR_ACQUISITION_COST_4,32,decimal,NULL,18,6,YES,NULL
dbo,DRUG_DATA_HISTORIC_WAC,WHLSR_EFF_DATE_4,33,datetime,NULL,NULL,NULL,YES,NULL
dbo,DRUG_DATA_HISTORIC_WAC,WHLSR_ACQUISITION_COST_5,34,decimal,NULL,18,6,YES,NULL
dbo,DRUG_DATA_HISTORIC_WAC,WHLSR_EFF_DATE_5,35,datetime,NULL,NULL,NULL,YES,NULL
dbo,DRUG_DATA_HISTORIC_WAC,WHLSR_ACQUISITION_COST_6,36,decimal,NULL,18,6,YES,NULL
dbo,DRUG_DATA_HISTORIC_WAC,WHLSR_EFF_DATE_6,37,datetime,NULL,NULL,NULL,YES,NULL
dbo,DRUG_DATA_HISTORIC_WAC,INNER_PACK_CODE,38,char,1,NULL,NULL,YES,NULL
dbo,DRUG_DATA_HISTORIC_WAC,CLINIC_PACK_CODE,39,char,1,NULL,NULL,YES,NULL
dbo,DRUG_DATA_HISTORIC_WAC,PRICE_SPREAD_CODE,40,char,1,NULL,NULL,YES,NULL
dbo,DRUG_DATA_HISTORIC_WAC,STATUS_FLAG,41,char,1,NULL,NULL,YES,NULL
dbo,DRUG_DATA_HISTORIC_WAC,FOUR_DOLLAR_GENERIC,42,char,1,NULL,NULL,YES,NULL
dbo,DRUG_DATA_HISTORIC_WAC,FORMULARY_STATUS,43,char,1,NULL,NULL,YES,NULL
dbo,DRUG_DATA_HISTORIC_WAC,DRUG_AWP_LITIGATION,44,char,1,NULL,NULL,YES,NULL
dbo,DRUG_DATA_WAC_OVERLAY,NDC_TYPE_CODE,1,int,NULL,10,0,YES,NULL
dbo,DRUG_DATA_WAC_OVERLAY,NDC,2,decimal,NULL,11,0,NO,NULL
dbo,DRUG_DATA_WAC_OVERLAY,GPI,3,char,14,NULL,NULL,YES,NULL
dbo,DRUG_DATA_WAC_OVERLAY,PROD_ABBR,4,char,25,NULL,NULL,YES,NULL
dbo,DRUG_DATA_WAC_OVERLAY,GENERIC_CODE,5,char,1,NULL,NULL,YES,NULL
dbo,DRUG_DATA_WAC_OVERLAY,THERA_CLASS,6,int,NULL,10,0,YES,NULL
dbo,DRUG_DATA_WAC_OVERLAY,RX_OTC_CODE,7,char,1,NULL,NULL,YES,NULL
dbo,DRUG_DATA_WAC_OVERLAY,DEA_CODE,8,char,5,NULL,NULL,YES,NULL
dbo,DRUG_DATA_WAC_OVERLAY,PROD,9,char,12,NULL,NULL,YES,NULL
dbo,DRUG_DATA_WAC_OVERLAY,MANUF_NAME_ABBR,10,char,10,NULL,NULL,YES,NULL
dbo,DRUG_DATA_WAC_OVERLAY,THERA_EQUIV,11,char,2,NULL,NULL,YES,NULL
dbo,DRUG_DATA_WAC_OVERLAY,LEGEND_CHANGE_DATE,12,datetime,NULL,NULL,NULL,YES,NULL
dbo,DRUG_DATA_WAC_OVERLAY,DESI,13,char,1,NULL,NULL,YES,NULL
dbo,DRUG_DATA_WAC_OVERLAY,THIRD_PARTY_CODE,14,char,1,NULL,NULL,YES,NULL
dbo,DRUG_DATA_WAC_OVERLAY,ACT_CODE,15,char,1,NULL,NULL,YES,NULL
dbo,DRUG_DATA_WAC_OVERLAY,PACKAGE_SIZE,16,decimal,NULL,18,3,YES,NULL
dbo,DRUG_DATA_WAC_OVERLAY,ROUTE_ADMIN,17,char,2,NULL,NULL,YES,NULL
dbo,DRUG_DATA_WAC_OVERLAY,DOSAGE_FORM,18,char,4,NULL,NULL,YES,NULL
dbo,DRUG_DATA_WAC_OVERLAY,TER_DATE,19,datetime,NULL,NULL,NULL,YES,NULL
dbo,DRUG_DATA_WAC_OVERLAY,PRIOR_AUTH_FLAG,20,char,1,NULL,NULL,YES,NULL
dbo,DRUG_DATA_WAC_OVERLAY,BRAND_NAME_CODE,21,char,1,NULL,NULL,YES,NULL
dbo,DRUG_DATA_WAC_OVERLAY,BRAND_T,22,char,1,NULL,NULL,YES,NULL
dbo,DRUG_DATA_WAC_OVERLAY,MAINT_CODE,23,char,1,NULL,NULL,YES,NULL
dbo,DRUG_DATA_WAC_OVERLAY,REIMB_CODE,24,char,1,NULL,NULL,YES,NULL
dbo,DRUG_DATA_WAC_OVERLAY,LABELER_TYPE_CODE,25,char,1,NULL,NULL,YES,NULL
dbo,DRUG_DATA_WAC_OVERLAY,WHOLESALER_ACQUISITION_COST,26,decimal,NULL,18,6,YES,NULL
dbo,DRUG_DATA_WAC_OVERLAY,WHLSR_EFF_DATE,27,datetime,NULL,NULL,NULL,YES,NULL
dbo,DRUG_DATA_WAC_OVERLAY,WHLSR_ACQUISITION_COST_2,28,decimal,NULL,18,6,YES,NULL
dbo,DRUG_DATA_WAC_OVERLAY,WHLSR_EFF_DATE_2,29,datetime,NULL,NULL,NULL,YES,NULL
dbo,DRUG_DATA_WAC_OVERLAY,WHLSR_ACQUISITION_COST_3,30,decimal,NULL,18,6,YES,NULL
dbo,DRUG_DATA_WAC_OVERLAY,WHLSR_EFF_DATE_3,31,datetime,NULL,NULL,NULL,YES,NULL
dbo,DRUG_DATA_WAC_OVERLAY,WHLSR_ACQUISITION_COST_4,32,decimal,NULL,18,6,YES,NULL
dbo,DRUG_DATA_WAC_OVERLAY,WHLSR_EFF_DATE_4,33,datetime,NULL,NULL,NULL,YES,NULL
dbo,DRUG_DATA_WAC_OVERLAY,WHLSR_ACQUISITION_COST_5,34,decimal,NULL,18,6,YES,NULL
dbo,DRUG_DATA_WAC_OVERLAY,WHLSR_EFF_DATE_5,35,datetime,NULL,NULL,NULL,YES,NULL
dbo,DRUG_DATA_WAC_OVERLAY,WHLSR_ACQUISITION_COST_6,36,decimal,NULL,18,6,YES,NULL
dbo,DRUG_DATA_WAC_OVERLAY,WHLSR_EFF_DATE_6,37,datetime,NULL,NULL,NULL,YES,NULL
dbo,DRUG_DATA_WAC_OVERLAY,INNER_PACK_CODE,38,char,1,NULL,NULL,YES,NULL
dbo,DRUG_DATA_WAC_OVERLAY,CLINIC_PACK_CODE,39,char,1,NULL,NULL,YES,NULL
dbo,DRUG_DATA_WAC_OVERLAY,PRICE_SPREAD_CODE,40,char,1,NULL,NULL,YES,NULL
dbo,DRUG_DATA_WAC_OVERLAY,STATUS_FLAG,41,char,1,NULL,NULL,YES,NULL
dbo,DRUG_DATA_WAC_OVERLAY,FOUR_DOLLAR_GENERIC,42,char,1,NULL,NULL,YES,NULL
dbo,DRUG_DATA_WAC_OVERLAY,FORMULARY_STATUS,43,char,1,NULL,NULL,YES,NULL
dbo,DRUG_DATA_WAC_OVERLAY,DRUG_AWP_LITIGATION,44,char,1,NULL,NULL,YES,NULL
dbo,DRUG_DIAGNOSIS,GPI,1,char,14,NULL,NULL,NO,NULL
dbo,DRUG_DIAGNOSIS,INDICATION_CODE,2,int,NULL,10,0,NO,NULL
dbo,DRUG_DIAGNOSIS,DISEASE_CODE,3,int,NULL,10,0,NO,NULL
dbo,DRUG_DIAGNOSIS,ACTIVITY_CODE,4,char,1,NULL,NULL,YES,NULL
dbo,DRUG_DIAGNOSIS,CHANGE_DATE,5,datetime,NULL,NULL,NULL,YES,NULL
dbo,Drug003,GPI,1,char,14,NULL,NULL,NO,NULL
dbo,Drug003,GENAWPUnitPrice,2,decimal,NULL,18,5,YES,NULL
dbo,Drug003,GENNDC,3,decimal,NULL,12,0,YES,NULL
dbo,Drug003,GENTypeCode,4,int,NULL,10,0,YES,NULL
dbo,Drug003,TRAAWPUnitPrice,5,decimal,NULL,18,5,YES,NULL
dbo,Drug003,TRANDC,6,decimal,NULL,12,0,YES,NULL
dbo,Drug003,TRATypeCode,7,int,NULL,10,0,YES,NULL
dbo,Drug003,MacPrice,8,decimal,NULL,18,5,YES,NULL
dbo,Drug003,AddID,9,varchar,15,NULL,NULL,YES,NULL
dbo,Drug003,ChangeID,10,varchar,15,NULL,NULL,YES,NULL
dbo,Drug003,AddDate,11,datetime,NULL,NULL,NULL,YES,NULL
dbo,Drug003,ChangeDate,12,datetime,NULL,NULL,NULL,YES,NULL
dbo,Drug003,WarehouseLoadDate,13,datetime,NULL,NULL,NULL,YES,NULL
dbo,Drug003,WarehouseChangeDate,14,datetime,NULL,NULL,NULL,YES,NULL
dbo,Drug340B,GroupNbr,1,float,NULL,53,NULL,NO,NULL
dbo,Drug340B,PharmacyNbr,2,int,NULL,10,0,NO,NULL
dbo,Drug340B,NDC,3,decimal,NULL,11,0,NO,NULL
dbo,Drug340B,EffDate,4,datetime,NULL,NULL,NULL,NO,NULL
dbo,Drug340B,UnitCost,5,decimal,NULL,18,5,YES,NULL
dbo,Drug340B,AddDate,6,datetime,NULL,NULL,NULL,YES,NULL
dbo,Drug340B,ChangeDate,7,datetime,NULL,NULL,NULL,YES,NULL
dbo,Drug340B,TermDate,8,datetime,NULL,NULL,NULL,YES,NULL
dbo,Drug340B,VersionNbr,9,bigint,NULL,19,0,YES,NULL
dbo,Drug340B,WarehouseLoadDate,10,datetime,NULL,NULL,NULL,YES,NULL
dbo,Drug340B,WarehouseChangeDate,11,datetime,NULL,NULL,NULL,YES,NULL
dbo,DrugDescription,TypeCD,1,int,NULL,10,0,NO,NULL
dbo,DrugDescription,DrugDescrName,2,varchar,30,NULL,NULL,YES,NULL
dbo,DrugDescription,SystemNbr1,3,int,NULL,10,0,YES,NULL
dbo,DrugDescription,SystemNbr2,4,int,NULL,10,0,YES,NULL
dbo,DrugDescription,SystemNbr3,5,int,NULL,10,0,YES,NULL
dbo,DrugDescription,SystemNbr4,6,int,NULL,10,0,YES,NULL
dbo,DrugDescription,SystemNbr5,7,int,NULL,10,0,YES,NULL
dbo,DrugDescription,SystemNbr6,8,int,NULL,10,0,YES,NULL
dbo,DrugDescription,SystemNbr7,9,int,NULL,10,0,YES,NULL
dbo,DrugDescription,SystemNbr8,10,int,NULL,10,0,YES,NULL
dbo,DrugDescription,SystemNbr9,11,int,NULL,10,0,YES,NULL
dbo,DrugDescription,SystemNbr10,12,int,NULL,10,0,YES,NULL
dbo,DrugDescription,SystemNbr11,13,int,NULL,10,0,YES,NULL
dbo,DrugDescription,SystemNbr12,14,int,NULL,10,0,YES,NULL
dbo,DrugDescription,SystemNbr13,15,int,NULL,10,0,YES,NULL
dbo,DrugDescription,SystemNbr14,16,int,NULL,10,0,YES,NULL
dbo,DrugDescription,SystemNbr15,17,int,NULL,10,0,YES,NULL
dbo,DrugDescription,SystemNbr16,18,int,NULL,10,0,YES,NULL
dbo,DrugDescription,SystemNbr17,19,int,NULL,10,0,YES,NULL
dbo,DrugDescription,SystemNbr18,20,int,NULL,10,0,YES,NULL
dbo,DrugDescription,SystemNbr19,21,int,NULL,10,0,YES,NULL
dbo,DrugDescription,SystemNbr20,22,int,NULL,10,0,YES,NULL
dbo,DrugDescription,Active,23,char,1,NULL,NULL,YES,NULL
dbo,DrugDescription,Notes1,24,varchar,40,NULL,NULL,YES,NULL
dbo,DrugDescription,Notes2,25,varchar,40,NULL,NULL,YES,NULL
dbo,DrugDescription,Notes3,26,varchar,40,NULL,NULL,YES,NULL
dbo,DrugDescription,AddID,27,varchar,15,NULL,NULL,YES,NULL
dbo,DrugDescription,ChangeID,28,varchar,15,NULL,NULL,YES,NULL
dbo,DrugDescription,AddDate,29,datetime,NULL,NULL,NULL,YES,NULL
dbo,DrugDescription,ChangeDate,30,datetime,NULL,NULL,NULL,YES,NULL
dbo,DrugDescription,WarehouseLoadDate,31,datetime,NULL,NULL,NULL,YES,NULL
dbo,DrugDescription,WarehouseChangeDate,32,datetime,NULL,NULL,NULL,YES,NULL
dbo,DRUGDIAG,GPI,1,char,14,NULL,NULL,NO,NULL
dbo,DRUGDIAG,GPIIndication,2,char,1,NULL,NULL,NO,NULL
dbo,DRUGDIAG,DiseaseCode,3,int,NULL,10,0,NO,NULL
dbo,DRUGDIAG,PrimaryDisease,4,int,NULL,10,0,YES,NULL
dbo,DRUGDIAG,ActivityCode,5,char,1,NULL,NULL,YES,NULL
dbo,DRUGDIAG,LastChangeDate,6,char,9,NULL,NULL,YES,NULL
dbo,DrugPricing,DrugKey,1,char,15,NULL,NULL,NO,NULL
dbo,DrugPricing,NDCTypeCode,2,int,NULL,10,0,YES,NULL
dbo,DrugPricing,NDC,3,decimal,NULL,11,0,YES,NULL
dbo,DrugPricing,AWPPackPrice1,4,decimal,NULL,18,2,YES,NULL
dbo,DrugPricing,AWPUnitPrice1,5,decimal,NULL,18,5,YES,NULL
dbo,DrugPricing,AWPEffDate1,6,datetime,NULL,NULL,NULL,YES,NULL
dbo,DrugPricing,AWPTermDate1,7,datetime,NULL,NULL,NULL,YES,NULL
dbo,DrugPricing,AWPPackPrice2,8,decimal,NULL,18,2,YES,NULL
dbo,DrugPricing,AWPUnitPrice2,9,decimal,NULL,18,5,YES,NULL
dbo,DrugPricing,AWPEffDate2,10,datetime,NULL,NULL,NULL,YES,NULL
dbo,DrugPricing,AWPTermDate2,11,datetime,NULL,NULL,NULL,YES,NULL
dbo,DrugPricing,AWPPackPrice3,12,decimal,NULL,18,2,YES,NULL
dbo,DrugPricing,AWPUnitPrice3,13,decimal,NULL,18,5,YES,NULL
dbo,DrugPricing,AWPEffDate3,14,datetime,NULL,NULL,NULL,YES,NULL
dbo,DrugPricing,AWPTermDate3,15,datetime,NULL,NULL,NULL,YES,NULL
dbo,DrugPricing,AWPPackPrice4,16,decimal,NULL,18,2,YES,NULL
dbo,DrugPricing,AWPUnitPrice4,17,decimal,NULL,18,5,YES,NULL
dbo,DrugPricing,AWPEffDate4,18,datetime,NULL,NULL,NULL,YES,NULL
dbo,DrugPricing,AWPTermDate4,19,datetime,NULL,NULL,NULL,YES,NULL
dbo,DrugPricing,AWPPackPrice5,20,decimal,NULL,18,2,YES,NULL
dbo,DrugPricing,AWPUnitPrice5,21,decimal,NULL,18,5,YES,NULL
dbo,DrugPricing,AWPEffDate5,22,datetime,NULL,NULL,NULL,YES,NULL
dbo,DrugPricing,AWPTermDate5,23,datetime,NULL,NULL,NULL,YES,NULL
dbo,DrugPricing,AWPPackPrice6,24,decimal,NULL,18,2,YES,NULL
dbo,DrugPricing,AWPUnitPrice6,25,decimal,NULL,18,5,YES,NULL
dbo,DrugPricing,AWPEffDate6,26,datetime,NULL,NULL,NULL,YES,NULL
dbo,DrugPricing,AWPTermDate6,27,datetime,NULL,NULL,NULL,YES,NULL
dbo,DrugPricing,MACPackPrice1,28,decimal,NULL,18,2,YES,NULL
dbo,DrugPricing,MACUnitPrice1,29,decimal,NULL,18,5,YES,NULL
dbo,DrugPricing,MACEffDate1,30,datetime,NULL,NULL,NULL,YES,NULL
dbo,DrugPricing,MACTermDate1,31,datetime,NULL,NULL,NULL,YES,NULL
dbo,DrugPricing,MACPackPrice2,32,decimal,NULL,18,2,YES,NULL
dbo,DrugPricing,MACUnitPrice2,33,decimal,NULL,18,5,YES,NULL
dbo,DrugPricing,MACEffDate2,34,datetime,NULL,NULL,NULL,YES,NULL
dbo,DrugPricing,MACTermDate2,35,datetime,NULL,NULL,NULL,YES,NULL
dbo,DrugPricing,MACPackPrice3,36,decimal,NULL,18,2,YES,NULL
dbo,DrugPricing,MACUnitPrice3,37,decimal,NULL,18,5,YES,NULL
dbo,DrugPricing,MACEffDate3,38,datetime,NULL,NULL,NULL,YES,NULL
dbo,DrugPricing,MACTermDate3,39,datetime,NULL,NULL,NULL,YES,NULL
dbo,DrugPricing,MACPackPrice4,40,decimal,NULL,18,2,YES,NULL
dbo,DrugPricing,MACUnitPrice4,41,decimal,NULL,18,5,YES,NULL
dbo,DrugPricing,MACEffDate4,42,datetime,NULL,NULL,NULL,YES,NULL
dbo,DrugPricing,MACTermDate4,43,datetime,NULL,NULL,NULL,YES,NULL
dbo,DrugPricing,MACPackPrice5,44,decimal,NULL,18,2,YES,NULL
dbo,DrugPricing,MACUnitPrice5,45,decimal,NULL,18,5,YES,NULL
dbo,DrugPricing,MACEffDate5,46,datetime,NULL,NULL,NULL,YES,NULL
dbo,DrugPricing,MACTermDate5,47,datetime,NULL,NULL,NULL,YES,NULL
dbo,DrugPricing,MACPackPrice6,48,decimal,NULL,18,2,YES,NULL
dbo,DrugPricing,MACUnitPrice6,49,decimal,NULL,18,5,YES,NULL
dbo,DrugPricing,MACEffDate6,50,datetime,NULL,NULL,NULL,YES,NULL
dbo,DrugPricing,MACTermDate6,51,datetime,NULL,NULL,NULL,YES,NULL
dbo,DrugPricing,WACPackPrice1,52,decimal,NULL,18,2,YES,NULL
dbo,DrugPricing,WACUnitPrice1,53,decimal,NULL,18,5,YES,NULL
dbo,DrugPricing,WACEffDate1,54,datetime,NULL,NULL,NULL,YES,NULL
dbo,DrugPricing,WACTermDate1,55,datetime,NULL,NULL,NULL,YES,NULL
dbo,DrugPricing,WACPackPrice2,56,decimal,NULL,18,2,YES,NULL
dbo,DrugPricing,WACUnitPrice2,57,decimal,NULL,18,5,YES,NULL
dbo,DrugPricing,WACEffDate2,58,datetime,NULL,NULL,NULL,YES,NULL
dbo,DrugPricing,WACTermDate2,59,datetime,NULL,NULL,NULL,YES,NULL
dbo,DrugPricing,WACPackPrice3,60,decimal,NULL,18,2,YES,NULL
dbo,DrugPricing,WACUnitPrice3,61,decimal,NULL,18,5,YES,NULL
dbo,DrugPricing,WACEffDate3,62,datetime,NULL,NULL,NULL,YES,NULL
dbo,DrugPricing,WACTermDate3,63,datetime,NULL,NULL,NULL,YES,NULL
dbo,DrugPricing,WACPackPrice4,64,decimal,NULL,18,2,YES,NULL
dbo,DrugPricing,WACUnitPrice4,65,decimal,NULL,18,5,YES,NULL
dbo,DrugPricing,WACEffDate4,66,datetime,NULL,NULL,NULL,YES,NULL
dbo,DrugPricing,WACTermDate4,67,datetime,NULL,NULL,NULL,YES,NULL
dbo,DrugPricing,WACPackPrice5,68,decimal,NULL,18,2,YES,NULL
dbo,DrugPricing,WACUnitPrice5,69,decimal,NULL,18,5,YES,NULL
dbo,DrugPricing,WACEffDate5,70,datetime,NULL,NULL,NULL,YES,NULL
dbo,DrugPricing,WACTermDate5,71,datetime,NULL,NULL,NULL,YES,NULL
dbo,DrugPricing,WACPackPrice6,72,decimal,NULL,18,2,YES,NULL
dbo,DrugPricing,WACUnitPrice6,73,decimal,NULL,18,5,YES,NULL
dbo,DrugPricing,WACEffDate6,74,datetime,NULL,NULL,NULL,YES,NULL
dbo,DrugPricing,WACTermDate6,75,datetime,NULL,NULL,NULL,YES,NULL
dbo,DrugPricing,NADACPackPrice1,76,decimal,NULL,18,2,YES,NULL
dbo,DrugPricing,NADACUnitPrice1,77,decimal,NULL,18,5,YES,NULL
dbo,DrugPricing,NADACEffDate1,78,datetime,NULL,NULL,NULL,YES,NULL
dbo,DrugPricing,NADACTermDate1,79,datetime,NULL,NULL,NULL,YES,NULL
dbo,DrugPricing,NADACPackPrice2,80,decimal,NULL,18,2,YES,NULL
dbo,DrugPricing,NADACUnitPrice2,81,decimal,NULL,18,5,YES,NULL
dbo,DrugPricing,NADACEffDate2,82,datetime,NULL,NULL,NULL,YES,NULL
dbo,DrugPricing,NADACTermDate2,83,datetime,NULL,NULL,NULL,YES,NULL
dbo,DrugPricing,NADACPackPrice3,84,decimal,NULL,18,2,YES,NULL
dbo,DrugPricing,NADACUnitPrice3,85,decimal,NULL,18,5,YES,NULL
dbo,DrugPricing,NADACEffDate3,86,datetime,NULL,NULL,NULL,YES,NULL
dbo,DrugPricing,NADACTermDate3,87,datetime,NULL,NULL,NULL,YES,NULL
dbo,DrugPricing,NADACPackPrice4,88,decimal,NULL,18,2,YES,NULL
dbo,DrugPricing,NADACUnitPrice4,89,decimal,NULL,18,5,YES,NULL
dbo,DrugPricing,NADACEffDate4,90,datetime,NULL,NULL,NULL,YES,NULL
dbo,DrugPricing,NADACTermDate4,91,datetime,NULL,NULL,NULL,YES,NULL
dbo,DrugPricing,NADACPackPrice5,92,decimal,NULL,18,2,YES,NULL
dbo,DrugPricing,NADACUnitPrice5,93,decimal,NULL,18,5,YES,NULL
dbo,DrugPricing,NADACEffDate5,94,datetime,NULL,NULL,NULL,YES,NULL
dbo,DrugPricing,NADACTermDate5,95,datetime,NULL,NULL,NULL,YES,NULL
dbo,DrugPricing,NADACPackPrice6,96,decimal,NULL,18,2,YES,NULL
dbo,DrugPricing,NADACUnitPrice6,97,decimal,NULL,18,5,YES,NULL
dbo,DrugPricing,NADACEffDate6,98,datetime,NULL,NULL,NULL,YES,NULL
dbo,DrugPricing,NADACTermDate6,99,datetime,NULL,NULL,NULL,YES,NULL
dbo,DrugPricing,MCCPPPackPrice1,100,decimal,NULL,18,2,YES,NULL
dbo,DrugPricing,MCCPPUnitPrice1,101,decimal,NULL,18,5,YES,NULL
dbo,DrugPricing,MCCPPEffDate1,102,datetime,NULL,NULL,NULL,YES,NULL
dbo,DrugPricing,MCCPPTermDate1,103,datetime,NULL,NULL,NULL,YES,NULL
dbo,DrugPricing,MCCPPPackPrice2,104,decimal,NULL,18,2,YES,NULL
dbo,DrugPricing,MCCPPUnitPrice2,105,decimal,NULL,18,5,YES,NULL
dbo,DrugPricing,MCCPPEffDate2,106,datetime,NULL,NULL,NULL,YES,NULL
dbo,DrugPricing,MCCPPTermDate2,107,datetime,NULL,NULL,NULL,YES,NULL
dbo,DrugPricing,MCCPPPackPrice3,108,decimal,NULL,18,2,YES,NULL
dbo,DrugPricing,MCCPPUnitPrice3,109,decimal,NULL,18,5,YES,NULL
dbo,DrugPricing,MCCPPEffDate3,110,datetime,NULL,NULL,NULL,YES,NULL
dbo,DrugPricing,MCCPPTermDate3,111,datetime,NULL,NULL,NULL,YES,NULL
dbo,DrugPricing,MCCPPPackPrice4,112,decimal,NULL,18,2,YES,NULL
dbo,DrugPricing,MCCPPUnitPrice4,113,decimal,NULL,18,5,YES,NULL
dbo,DrugPricing,MCCPPEffDate4,114,datetime,NULL,NULL,NULL,YES,NULL
dbo,DrugPricing,MCCPPTermDate4,115,datetime,NULL,NULL,NULL,YES,NULL
dbo,DrugPricing,MCCPPPackPrice5,116,decimal,NULL,18,2,YES,NULL
dbo,DrugPricing,MCCPPUnitPrice5,117,decimal,NULL,18,5,YES,NULL
dbo,DrugPricing,MCCPPEffDate5,118,datetime,NULL,NULL,NULL,YES,NULL
dbo,DrugPricing,MCCPPTermDate5,119,datetime,NULL,NULL,NULL,YES,NULL
dbo,DrugPricing,MCCPPPackPrice6,120,decimal,NULL,18,2,YES,NULL
dbo,DrugPricing,MCCPPUnitPrice6,121,decimal,NULL,18,5,YES,NULL
dbo,DrugPricing,MCCPPEffDate6,122,datetime,NULL,NULL,NULL,YES,NULL
dbo,DrugPricing,MCCPPTermDate6,123,datetime,NULL,NULL,NULL,YES,NULL
dbo,DrugPricing,AddDate,124,datetime,NULL,NULL,NULL,YES,NULL
dbo,DrugPricing,ChangeDate,125,datetime,NULL,NULL,NULL,YES,NULL
dbo,DrugPricing,AddID,126,varchar,15,NULL,NULL,YES,NULL
dbo,DrugPricing,ChangeID,127,varchar,15,NULL,NULL,YES,NULL
dbo,DrugPricing,WarehouseLoadDate,128,datetime,NULL,NULL,NULL,YES,NULL
dbo,DrugPricing,WarehouseChangeDate,129,datetime,NULL,NULL,NULL,YES,NULL
dbo,dtproperties,id,1,int,NULL,10,0,NO,NULL
dbo,dtproperties,objectid,2,int,NULL,10,0,YES,NULL
dbo,dtproperties,property,3,varchar,64,NULL,NULL,NO,NULL
dbo,dtproperties,value,4,varchar,255,NULL,NULL,YES,NULL
dbo,dtproperties,uvalue,5,nvarchar,255,NULL,NULL,YES,NULL
dbo,dtproperties,lvalue,6,image,2147483647,NULL,NULL,YES,NULL
dbo,dtproperties,version,7,int,NULL,10,0,NO,((0))
dbo,DTS_SSIS_EVENTS,EIGUID,1,uniqueidentifier,NULL,NULL,NULL,YES,(newid())
dbo,DTS_SSIS_EVENTS,EventHandler,2,nvarchar,50,NULL,NULL,YES,NULL
dbo,DTS_SSIS_EVENTS,PackageName,3,nvarchar,50,NULL,NULL,YES,NULL
dbo,DTS_SSIS_EVENTS,SourceName,4,nvarchar,50,NULL,NULL,YES,NULL
dbo,DTS_SSIS_EVENTS,EventInfo,5,nvarchar,500,NULL,NULL,YES,NULL
dbo,DTS_SSIS_EVENTS,TimeLogged,6,datetime,NULL,NULL,NULL,YES,(getdate())
dbo,EagleForceSnapShot,ClaimKey,1,char,14,NULL,NULL,NO,NULL
dbo,EagleForceSnapShot,BatchMaster,2,char,8,NULL,NULL,YES,NULL
dbo,EagleForceSnapShot,ClaimNumber,3,int,NULL,10,0,YES,NULL
dbo,EagleForceSnapShot,ClaimType,4,char,1,NULL,NULL,NO,NULL
dbo,EagleForceSnapShot,Bin,5,char,8,NULL,NULL,YES,NULL
dbo,EagleForceSnapShot,PCN,6,varchar,10,NULL,NULL,YES,NULL
dbo,EagleForceSnapShot,GroupNumber,7,float,NULL,53,NULL,YES,NULL
dbo,EagleForceSnapShot,Medication,8,varchar,12,NULL,NULL,YES,NULL
dbo,EagleForceSnapShot,DateOfService,9,datetime,NULL,NULL,NULL,YES,NULL
dbo,EagleForceSnapShot,MemberID,10,varchar,12,NULL,NULL,YES,NULL
dbo,EagleForceSnapShot,FName,11,varchar,12,NULL,NULL,YES,NULL
dbo,EagleForceSnapShot,LName,12,varchar,15,NULL,NULL,YES,NULL
dbo,EagleForceSnapShot,Gender,13,varchar,1,NULL,NULL,YES,NULL
dbo,EagleForceSnapShot,DOB,14,datetime,NULL,NULL,NULL,YES,NULL
dbo,EagleForceSnapShot,Address,15,varchar,100,NULL,NULL,YES,NULL
dbo,EagleForceSnapShot,City,16,varchar,50,NULL,NULL,YES,NULL
dbo,EagleForceSnapShot,State,17,varchar,2,NULL,NULL,YES,NULL
dbo,EagleForceSnapShot,Zip,18,varchar,15,NULL,NULL,YES,NULL
dbo,EagleForceSnapShot,Token,19,varchar,50,NULL,NULL,YES,NULL
dbo,EagleForceSnapShot,Result,20,varchar,10,NULL,NULL,YES,NULL
dbo,EagleForceSnapShot,ExcepCode,21,varchar,10,NULL,NULL,YES,NULL
dbo,EagleForceSnapShot,Info,22,varchar,200,NULL,NULL,YES,NULL
dbo,EagleForceSnapShot,PDMIResult,23,varchar,10,NULL,NULL,YES,NULL
dbo,EagleForceSnapShot,PostStatus,24,varchar,3,NULL,NULL,YES,NULL
dbo,EagleForceSnapShot,PostMessage,25,varchar,50,NULL,NULL,YES,NULL
dbo,EagleForceSnapShot,SendDate,26,datetime,NULL,NULL,NULL,YES,NULL
dbo,EagleForceSnapShot,ReceiveDate,27,datetime,NULL,NULL,NULL,YES,NULL
dbo,EagleForceSnapShot,AddDate,28,datetime,NULL,NULL,NULL,YES,NULL
dbo,EagleForceSnapShot,UserID,29,varchar,20,NULL,NULL,YES,NULL
dbo,EagleForceSnapShot,WarehouseLoadDate,30,datetime,NULL,NULL,NULL,YES,NULL
dbo,EagleForceSnapShot,WarehouseChangeDate,31,datetime,NULL,NULL,NULL,YES,NULL
dbo,EMBOSS,CARDHOLDER_KEY,1,char,20,NULL,NULL,NO,NULL
dbo,EMBOSS,CARDHOLDER_NUMBER,2,char,10,NULL,NULL,YES,NULL
dbo,EMBOSS,MEMBER_NUMBER,3,char,2,NULL,NULL,YES,NULL
dbo,EMBOSS,SPON_NUMBER,4,int,NULL,10,0,YES,NULL
dbo,EMBOSS,QUANT_BILLED_1,5,int,NULL,10,0,YES,NULL
dbo,EMBOSS,EMBOSS_DATE_1,6,datetime,NULL,NULL,NULL,YES,NULL
dbo,EMBOSS,QUANT_BILLED_2,7,int,NULL,10,0,YES,NULL
dbo,EMBOSS,EMBOSS_DATE_2,8,datetime,NULL,NULL,NULL,YES,NULL
dbo,EMBOSS,QUANT_BILLED_3,9,int,NULL,10,0,YES,NULL
dbo,EMBOSS,EMBOSS_DATE_3,10,datetime,NULL,NULL,NULL,YES,NULL
dbo,EMBOSS,QUANT_BILLED_4,11,int,NULL,10,0,YES,NULL
dbo,EMBOSS,EMBOSS_DATE_4,12,datetime,NULL,NULL,NULL,YES,NULL
dbo,EMBOSS,QUANT_BILLED_5,13,int,NULL,10,0,YES,NULL
dbo,EMBOSS,EMBOSS_DATE_5,14,datetime,NULL,NULL,NULL,YES,NULL
dbo,EMBOSS,QUANT_BILLED_6,15,int,NULL,10,0,YES,NULL
dbo,EMBOSS,EMBOSS_DATE_6,16,datetime,NULL,NULL,NULL,YES,NULL
dbo,EMBOSS,QUANT_BILLED_7,17,int,NULL,10,0,YES,NULL
dbo,EMBOSS,EMBOSS_DATE_7,18,datetime,NULL,NULL,NULL,YES,NULL
dbo,EMBOSS,QUANT_BILLED_8,19,int,NULL,10,0,YES,NULL
dbo,EMBOSS,EMBOSS_DATE_8,20,datetime,NULL,NULL,NULL,YES,NULL
dbo,EMBOSS,QUANT_BILLED_9,21,int,NULL,10,0,YES,NULL
dbo,EMBOSS,EMBOSS_DATE_9,22,datetime,NULL,NULL,NULL,YES,NULL
dbo,EMBOSS,QUANT_BILLED_10,23,int,NULL,10,0,YES,NULL
dbo,EMBOSS,EMBOSS_DATE_10,24,datetime,NULL,NULL,NULL,YES,NULL
dbo,EMBOSS,WarehouseLoadDate,25,datetime,NULL,NULL,NULL,YES,NULL
dbo,EMBOSS,WarehouseChangeDate,26,datetime,NULL,NULL,NULL,YES,NULL
dbo,EPrescribe,SystemNumber,1,int,NULL,10,0,NO,NULL
dbo,EPrescribe,SponsorNumber,2,int,NULL,10,0,NO,NULL
dbo,EPrescribe,GroupNumber,3,float,NULL,53,NULL,NO,NULL
dbo,EPrescribe,CardholderNumber,4,char,10,NULL,NULL,NO,NULL
dbo,EPrescribe,MemberNumber,5,char,2,NULL,NULL,NO,NULL
dbo,EPrescribe,ProviderNPIDEA,6,varchar,14,NULL,NULL,NO,NULL
dbo,EPrescribe,RequestDateTime,7,datetime,NULL,NULL,NULL,NO,NULL
dbo,EPrescribe,SystemDateTime,8,datetime,NULL,NULL,NULL,NO,NULL
dbo,EPrescribe,RequestType,9,char,3,NULL,NULL,NO,NULL
dbo,EPrescribe,RequestDepSent,10,char,1,NULL,NULL,YES,NULL
dbo,EPrescribe,ProviderType,11,char,3,NULL,NULL,YES,NULL
dbo,EPrescribe,MemberName,12,varchar,35,NULL,NULL,YES,NULL
dbo,EPrescribe,PlanNumber,13,char,8,NULL,NULL,YES,NULL
dbo,EPrescribe,BirthDate,14,datetime,NULL,NULL,NULL,YES,NULL
dbo,EPrescribe,EffDate,15,datetime,NULL,NULL,NULL,YES,NULL
dbo,EPrescribe,TermDate,16,datetime,NULL,NULL,NULL,YES,NULL
dbo,EPrescribe,CrdManualChangeDate,17,datetime,NULL,NULL,NULL,YES,NULL
dbo,EPrescribe,CrdFileChangeDate,18,datetime,NULL,NULL,NULL,YES,NULL
dbo,EPrescribe,ClmStartDate,19,datetime,NULL,NULL,NULL,YES,NULL
dbo,EPrescribe,ClmEndDate,20,datetime,NULL,NULL,NULL,YES,NULL
dbo,EPrescribe,Gender,21,char,1,NULL,NULL,YES,NULL
dbo,EPrescribe,CovID,22,varchar,8,NULL,NULL,YES,NULL
dbo,EPrescribe,CopayID,23,varchar,8,NULL,NULL,YES,NULL
dbo,EPrescribe,FormularyID,24,varchar,12,NULL,NULL,YES,NULL
dbo,EPrescribe,CrdRelCode,25,char,1,NULL,NULL,YES,NULL
dbo,EPrescribe,CatCardholderNumber,26,varchar,20,NULL,NULL,YES,NULL
dbo,EPrescribe,ClmCount,27,int,NULL,10,0,YES,NULL
dbo,EPrescribe,ClmConsent,28,char,1,NULL,NULL,YES,NULL
dbo,EPrescribe,ClmStatusReason,29,varchar,25,NULL,NULL,YES,NULL
dbo,EPrescribe,BillStatus,30,char,1,NULL,NULL,YES,NULL
dbo,EPrescribe,BillReason,31,varchar,25,NULL,NULL,YES,NULL
dbo,EPrescribe,AAAStatusCode,32,varchar,5,NULL,NULL,YES,NULL
dbo,EPrescribe,RequestFileName,33,varchar,25,NULL,NULL,YES,NULL
dbo,EPrescribe,Duplicate,34,bit,NULL,NULL,NULL,YES,NULL
dbo,EPrescribe,WarehouseLoadDate,35,datetime,NULL,NULL,NULL,YES,NULL
dbo,EPrescribe,AddID,36,varchar,15,NULL,NULL,YES,NULL
dbo,EPrescribe,ChangeID,37,varchar,15,NULL,NULL,YES,NULL
dbo,EPrescribe,AddDate,38,datetime,NULL,NULL,NULL,YES,NULL
dbo,EPrescribe,ChangeDate,39,datetime,NULL,NULL,NULL,YES,NULL
dbo,ESI_DeDup,ClientCustID,1,varchar,4,NULL,NULL,YES,NULL
dbo,ESI_DeDup,JulianDate,2,int,NULL,10,0,YES,NULL
dbo,ESI_DeDup,InternalSeqNum,3,int,NULL,10,0,YES,NULL
dbo,ESI_DeDup,ESIGroup,4,varchar,15,NULL,NULL,YES,NULL
dbo,ESI_DeDup,MemberNumber,5,varchar,20,NULL,NULL,YES,NULL
dbo,ESI_DeDup,PersonNumber,6,varchar,3,NULL,NULL,YES,NULL
dbo,ESI_DeDup,InternalMemberSeq,7,int,NULL,10,0,YES,NULL
dbo,ESI_DeDup,ClaimIndicator,8,varchar,2,NULL,NULL,YES,NULL
dbo,ESI_DeDup,NDC,9,varchar,19,NULL,NULL,YES,NULL
dbo,ESI_DeDup,RxNumber,10,bigint,NULL,19,0,YES,NULL
dbo,ESI_DeDup,TotalAWP,11,numeric,NULL,18,2,YES,NULL
dbo,ESI_DeDup,DateOfBirth,12,datetime,NULL,NULL,NULL,YES,NULL
dbo,ESI_DeDup,FirstName,13,varchar,10,NULL,NULL,YES,NULL
dbo,ESI_DeDup,MiddleInit,14,varchar,1,NULL,NULL,YES,NULL
dbo,ESI_DeDup,Age,15,int,NULL,10,0,YES,NULL
dbo,ESI_DeDup,Gender,16,varchar,1,NULL,NULL,YES,NULL
dbo,ESI_DeDup,DAW,17,varchar,1,NULL,NULL,YES,NULL
dbo,ESI_DeDup,MemberState,18,varchar,2,NULL,NULL,YES,NULL
dbo,ESI_DeDup,DateReceived,19,datetime,NULL,NULL,NULL,YES,NULL
dbo,ESI_DeDup,ESIPharmacyAcct,20,varchar,9,NULL,NULL,YES,NULL
dbo,ESI_DeDup,PrescriberID,21,varchar,15,NULL,NULL,YES,NULL
dbo,ESI_DeDup,PrescriberIDQual,22,varchar,2,NULL,NULL,YES,NULL
dbo,ESI_DeDup,Quantity,23,numeric,NULL,18,3,YES,NULL
dbo,ESI_DeDup,RefillNumber,24,int,NULL,10,0,YES,NULL
dbo,ESI_DeDup,ADJReasonCode,25,varchar,3,NULL,NULL,YES,NULL
dbo,ESI_DeDup,DaysSupply,26,int,NULL,10,0,YES,NULL
dbo,ESI_DeDup,IngCost,27,numeric,NULL,18,2,YES,NULL
dbo,ESI_DeDup,CopayAmt,28,numeric,NULL,18,2,YES,NULL
dbo,ESI_DeDup,Tax,29,numeric,NULL,18,2,YES,NULL
dbo,ESI_DeDup,NetCheckAmt,30,numeric,NULL,18,2,YES,NULL
dbo,ESI_DeDup,CheckDate,31,datetime,NULL,NULL,NULL,YES,NULL
dbo,ESI_DeDup,DedApplied,32,numeric,NULL,18,2,YES,NULL
dbo,ESI_DeDup,UserDefined,33,varchar,20,NULL,NULL,YES,NULL
dbo,ESI_DeDup,Carrier,34,varchar,4,NULL,NULL,YES,NULL
dbo,ESI_DeDup,Contract,35,varchar,8,NULL,NULL,YES,NULL
dbo,ESI_DeDup,PharmSubmitNABP,36,varchar,15,NULL,NULL,YES,NULL
dbo,ESI_DeDup,Locator,37,varchar,15,NULL,NULL,YES,NULL
dbo,ESI_DeDup,InsuranceCode,38,varchar,21,NULL,NULL,YES,NULL
dbo,ESI_DeDup,DosageForm,39,varchar,10,NULL,NULL,YES,NULL
dbo,ESI_DeDup,AWPPrice,40,numeric,NULL,18,4,YES,NULL
dbo,ESI_DeDup,ServiceProviderNPI,41,varchar,15,NULL,NULL,YES,NULL
dbo,ESI_DeDup,PharmacyID,42,varchar,18,NULL,NULL,YES,NULL
dbo,ESI_DeDup,FormularyIndicator,43,varchar,1,NULL,NULL,YES,NULL
dbo,ESI_DeDup,UnitOfMeasure,44,varchar,2,NULL,NULL,YES,NULL
dbo,ESI_DeDup,PriorAuthTypeCode,45,varchar,2,NULL,NULL,YES,NULL
dbo,ESI_DeDup,CmpdIngQtyX,46,varchar,10,NULL,NULL,YES,NULL
dbo,ESI_DeDup,CmpdIngCost,47,numeric,NULL,18,2,YES,NULL
dbo,ESI_DeDup,DeDupRejectReason,48,varchar,4,NULL,NULL,YES,NULL
dbo,ESI_DeDup,WarehouseLoadDate,49,datetime,NULL,NULL,NULL,YES,NULL
dbo,ESI_DeDup,ESIFileName,50,varchar,100,NULL,NULL,YES,NULL
dbo,ESI_DeDup,ClaimKey,51,varchar,14,NULL,NULL,YES,NULL
dbo,ESI340bPharmacyExcludedListing,NABP,1,int,NULL,10,0,YES,NULL
dbo,ESI340bPharmacyExcludedListing,NABP_7,2,nvarchar,7,NULL,NULL,YES,NULL
dbo,ESI340bPharmacyExcludedListing,PHARMACY_NAME,3,nvarchar,255,NULL,NULL,YES,NULL
dbo,ESI340bPharmacyExcludedListing,340B ID,4,nvarchar,255,NULL,NULL,YES,NULL
dbo,ESI340bPharmacyExcludedListing,Shipping Address 1,5,nvarchar,255,NULL,NULL,YES,NULL
dbo,ESI340bPharmacyExcludedListing,Shipping Address 2,6,nvarchar,255,NULL,NULL,YES,NULL
dbo,ESI340bPharmacyExcludedListing,Shipping Address 3,7,nvarchar,255,NULL,NULL,YES,NULL
dbo,ESI340bPharmacyExcludedListing,Shipping City,8,nvarchar,255,NULL,NULL,YES,NULL
dbo,ESI340bPharmacyExcludedListing,Shipping State,9,nvarchar,255,NULL,NULL,YES,NULL
dbo,ESI340bPharmacyExcludedListing,Shipping Zip,10,float,NULL,53,NULL,YES,NULL
dbo,ESI340bPharmacyExcludedListing,340B Effective Date,11,datetime,NULL,NULL,NULL,YES,NULL
dbo,ESI340bPharmacyExcludedListing,340B Term Date,12,datetime,NULL,NULL,NULL,YES,NULL
dbo,ESI340bPharmacyExcludedListingbkup202203,NABP,1,int,NULL,10,0,YES,NULL
dbo,ESI340bPharmacyExcludedListingbkup202203,NABP_7,2,nvarchar,7,NULL,NULL,YES,NULL
dbo,ESI340bPharmacyExcludedListingbkup202203,PHARMACY_NAME,3,nvarchar,255,NULL,NULL,YES,NULL
dbo,ESI340bPharmacyExcludedListingbkup202203,340B ID,4,nvarchar,255,NULL,NULL,YES,NULL
dbo,ESI340bPharmacyExcludedListingbkup202203,Shipping Address 1,5,nvarchar,255,NULL,NULL,YES,NULL
dbo,ESI340bPharmacyExcludedListingbkup202203,Shipping Address 2,6,nvarchar,255,NULL,NULL,YES,NULL
dbo,ESI340bPharmacyExcludedListingbkup202203,Shipping Address 3,7,nvarchar,255,NULL,NULL,YES,NULL
dbo,ESI340bPharmacyExcludedListingbkup202203,Shipping City,8,nvarchar,255,NULL,NULL,YES,NULL
dbo,ESI340bPharmacyExcludedListingbkup202203,Shipping State,9,nvarchar,255,NULL,NULL,YES,NULL
dbo,ESI340bPharmacyExcludedListingbkup202203,Shipping Zip,10,float,NULL,53,NULL,YES,NULL
dbo,ESI340bPharmacyExcludedListingbkup202203,340B Effective Date,11,datetime,NULL,NULL,NULL,YES,NULL
dbo,ESI340bPharmacyExcludedListingbkup202203,340B Term Date,12,datetime,NULL,NULL,NULL,YES,NULL
dbo,ESI340bPharmacyExcludedListingbkup20220616,NABP,1,int,NULL,10,0,YES,NULL
dbo,ESI340bPharmacyExcludedListingbkup20220616,NABP_7,2,nvarchar,7,NULL,NULL,YES,NULL
dbo,ESI340bPharmacyExcludedListingbkup20220616,PHARMACY_NAME,3,nvarchar,255,NULL,NULL,YES,NULL
dbo,ESI340bPharmacyExcludedListingbkup20220616,340B ID,4,nvarchar,255,NULL,NULL,YES,NULL
dbo,ESI340bPharmacyExcludedListingbkup20220616,Shipping Address 1,5,nvarchar,255,NULL,NULL,YES,NULL
dbo,ESI340bPharmacyExcludedListingbkup20220616,Shipping Address 2,6,nvarchar,255,NULL,NULL,YES,NULL
dbo,ESI340bPharmacyExcludedListingbkup20220616,Shipping Address 3,7,nvarchar,255,NULL,NULL,YES,NULL
dbo,ESI340bPharmacyExcludedListingbkup20220616,Shipping City,8,nvarchar,255,NULL,NULL,YES,NULL
dbo,ESI340bPharmacyExcludedListingbkup20220616,Shipping State,9,nvarchar,255,NULL,NULL,YES,NULL
dbo,ESI340bPharmacyExcludedListingbkup20220616,Shipping Zip,10,float,NULL,53,NULL,YES,NULL
dbo,ESI340bPharmacyExcludedListingbkup20220616,340B Effective Date,11,datetime,NULL,NULL,NULL,YES,NULL
dbo,ESI340bPharmacyExcludedListingbkup20220616,340B Term Date,12,datetime,NULL,NULL,NULL,YES,NULL
dbo,ESI340bPharmacyExcludedListingbkup20220819,NABP,1,int,NULL,10,0,YES,NULL
dbo,ESI340bPharmacyExcludedListingbkup20220819,NABP_7,2,nvarchar,7,NULL,NULL,YES,NULL
dbo,ESI340bPharmacyExcludedListingbkup20220819,PHARMACY_NAME,3,nvarchar,255,NULL,NULL,YES,NULL
dbo,ESI340bPharmacyExcludedListingbkup20220819,340B ID,4,nvarchar,255,NULL,NULL,YES,NULL
dbo,ESI340bPharmacyExcludedListingbkup20220819,Shipping Address 1,5,nvarchar,255,NULL,NULL,YES,NULL
dbo,ESI340bPharmacyExcludedListingbkup20220819,Shipping Address 2,6,nvarchar,255,NULL,NULL,YES,NULL
dbo,ESI340bPharmacyExcludedListingbkup20220819,Shipping Address 3,7,nvarchar,255,NULL,NULL,YES,NULL
dbo,ESI340bPharmacyExcludedListingbkup20220819,Shipping City,8,nvarchar,255,NULL,NULL,YES,NULL
dbo,ESI340bPharmacyExcludedListingbkup20220819,Shipping State,9,nvarchar,255,NULL,NULL,YES,NULL
dbo,ESI340bPharmacyExcludedListingbkup20220819,Shipping Zip,10,float,NULL,53,NULL,YES,NULL
dbo,ESI340bPharmacyExcludedListingbkup20220819,340B Effective Date,11,datetime,NULL,NULL,NULL,YES,NULL
dbo,ESI340bPharmacyExcludedListingbkup20220819,340B Term Date,12,datetime,NULL,NULL,NULL,YES,NULL
dbo,ESIContractReference,ContractCode,1,varchar,50,NULL,NULL,NO,NULL
dbo,ESIContractReference,FormCode,2,int,NULL,10,0,NO,NULL
dbo,ESIContractReference,ContractName,3,varchar,250,NULL,NULL,NO,NULL
dbo,ESICorrections,CARRIER_OPERATIONAL_ID,1,varchar,50,NULL,NULL,YES,NULL
dbo,ESICorrections,LOAD_BATCH_NBR,2,varchar,50,NULL,NULL,YES,NULL
dbo,ESICorrections,MAIL_RETAIL_CDE,3,varchar,50,NULL,NULL,YES,NULL
dbo,ESICorrections,PASS_THROUGH_TXT,4,char,14,NULL,NULL,YES,NULL
dbo,ESICorrections,FILL_DRUG_FORMULARY_ID,5,varchar,50,NULL,NULL,YES,NULL
dbo,ESICorrections,CONTRACT_OPERATIONAL_ID,6,varchar,50,NULL,NULL,YES,NULL
dbo,ESICorrections,ELIG_GROUP_OPERATIONAL_ID,7,varchar,50,NULL,NULL,YES,NULL
dbo,ESICorrections,INSURANCE_CDE,8,varchar,50,NULL,NULL,YES,NULL
dbo,ESICorrections,LOCATOR_ID,9,varchar,50,NULL,NULL,YES,NULL
dbo,ESICorrections,BRAND_GENERIC_CDE,10,varchar,50,NULL,NULL,YES,NULL
dbo,ESICorrections,SERVICED_DTE,11,datetime,NULL,NULL,NULL,YES,NULL
dbo,ESICorrections,Total_Claims,12,varchar,50,NULL,NULL,YES,NULL
dbo,ESICorrections,Brand_Claims,13,varchar,50,NULL,NULL,YES,NULL
dbo,ESICorrections,Service_Qtr,14,varchar,50,NULL,NULL,YES,NULL
dbo,ESICorrections,Orig_Guarantee_Rate,15,decimal,NULL,18,2,YES,NULL
dbo,ESICorrections,Orig_Admin_Fee,16,decimal,NULL,18,2,YES,NULL
dbo,ESICorrections,Orig_Admin_Fee_amount,17,decimal,NULL,18,2,YES,NULL
dbo,ESICorrections,Orig_Net_Guarantee,18,decimal,NULL,18,2,YES,NULL
dbo,ESICorrections,Corrected_Guarantee_Rate,19,decimal,NULL,18,2,YES,NULL
dbo,ESICorrections,Corrected_Admin_Fee,20,decimal,NULL,18,2,YES,NULL
dbo,ESICorrections,Corrected_Admin_Fee_amount,21,decimal,NULL,18,2,YES,NULL
dbo,ESICorrections,Corrected_Net_Guarantee,22,decimal,NULL,18,2,YES,NULL
dbo,ESICorrections,Diff_Guarantee_Rate,23,decimal,NULL,18,2,YES,NULL
dbo,ESICorrections,Diff_Admin_Fee,24,decimal,NULL,18,2,YES,NULL
dbo,ESICorrections,Diff_Admin_Fee_amount,25,decimal,NULL,18,2,YES,NULL
dbo,ESICorrections,Diff_Net_Guarantee,26,decimal,NULL,18,2,YES,NULL
dbo,ESICorrections,PDMI_Load_Date,27,datetime,NULL,NULL,NULL,YES,NULL
dbo,ESIFormularyTabletoGroupCrosswalkbyClient,System Number,1,int,NULL,10,0,YES,NULL
dbo,ESIFormularyTabletoGroupCrosswalkbyClient,Formulary Table,2,int,NULL,10,0,YES,NULL
dbo,ESIFormularyTabletoGroupCrosswalkbyClient,Group Type,3,varchar,50,NULL,NULL,YES,NULL
dbo,ESIFormularyTabletoGroupCrosswalkbyClient,Carrier,4,int,NULL,10,0,YES,NULL
dbo,ESIFormularyTabletoGroupCrosswalkbyClient,Contract,5,varchar,50,NULL,NULL,YES,NULL
dbo,ESIFormularyTabletoGroupCrosswalkbyClient,Group,6,varchar,100,NULL,NULL,YES,NULL
dbo,ESIFormularyTabletoGroupCrosswalkbyClient,EffectiveDate,7,date,NULL,NULL,NULL,YES,NULL
dbo,ESIFormularyTabletoGroupCrosswalkbyClient,TermDate,8,date,NULL,NULL,NULL,YES,NULL
dbo,ESIFormularyTabletoGroupCrosswalkbyClient,NOTES,9,varchar,255,NULL,NULL,YES,NULL
dbo,ESIFormularyTabletoGroupCrosswalkbyClient,CodeFlag,10,char,1,NULL,NULL,YES,NULL
dbo,ESIFormularyTabletoGroupCrosswalkbyClientbkup20220426,System Number,1,int,NULL,10,0,YES,NULL
dbo,ESIFormularyTabletoGroupCrosswalkbyClientbkup20220426,Formulary Table,2,int,NULL,10,0,YES,NULL
dbo,ESIFormularyTabletoGroupCrosswalkbyClientbkup20220426,Group Type,3,varchar,50,NULL,NULL,YES,NULL
dbo,ESIFormularyTabletoGroupCrosswalkbyClientbkup20220426,Carrier,4,int,NULL,10,0,YES,NULL
dbo,ESIFormularyTabletoGroupCrosswalkbyClientbkup20220426,Contract,5,varchar,50,NULL,NULL,YES,NULL
dbo,ESIFormularyTabletoGroupCrosswalkbyClientbkup20220426,Group,6,varchar,100,NULL,NULL,YES,NULL
dbo,ESIFormularyTabletoGroupCrosswalkbyClientbkup20220426,EffectiveDate,7,date,NULL,NULL,NULL,YES,NULL
dbo,ESIFormularyTabletoGroupCrosswalkbyClientbkup20220426,TermDate,8,date,NULL,NULL,NULL,YES,NULL
dbo,ESIFormularyTabletoGroupCrosswalkbyClientbkup20220426,NOTES,9,varchar,255,NULL,NULL,YES,NULL
dbo,ESIHEPCDrugList,NDC,1,char,11,NULL,NULL,YES,NULL
dbo,ESIHEPCDrugList,BrandName,2,varchar,100,NULL,NULL,YES,NULL
dbo,ESIMfgRejections,Brand_nme,1,nvarchar,255,NULL,NULL,YES,NULL
dbo,ESIMfgRejections,carrier_operational_id,2,nvarchar,255,NULL,NULL,YES,NULL
dbo,ESIMfgRejections,carrier_nme,3,nvarchar,255,NULL,NULL,YES,NULL
dbo,ESIMfgRejections,contract_operational_id,4,nvarchar,255,NULL,NULL,YES,NULL
dbo,ESIMfgRejections,excl_dsc,5,nvarchar,255,NULL,NULL,YES,NULL
dbo,ESIMfgRejections,serviced_dte,6,datetime,NULL,NULL,NULL,YES,NULL
dbo,ESIMfgRejections,fill_drug_formulary_id,7,nvarchar,255,NULL,NULL,YES,NULL
dbo,ESIMfgRejections,mfr_nme,8,nvarchar,255,NULL,NULL,YES,NULL
dbo,ESIMfgRejections,nabp_nbr,9,nvarchar,255,NULL,NULL,YES,NULL
dbo,ESIMfgRejections,fill_ndc_nbr,10,nvarchar,255,NULL,NULL,YES,NULL
dbo,ESIMfgRejections,npi_nbr,11,nvarchar,255,NULL,NULL,YES,NULL
dbo,ESIMfgRejections,RX_NBR,12,nvarchar,255,NULL,NULL,YES,NULL
dbo,ESIMfgRejections,locator_id,13,nvarchar,255,NULL,NULL,YES,NULL
dbo,ESIMfgRejections,insurance_cde,14,nvarchar,255,NULL,NULL,YES,NULL
dbo,ESIMfgRejections,New_Pass_Through,15,nvarchar,255,NULL,NULL,YES,NULL
dbo,ESIMfgRejections,user_defined,16,nvarchar,255,NULL,NULL,YES,NULL
dbo,ESIMfgRejections,invoice_year,17,float,NULL,53,NULL,YES,NULL
dbo,ESIMfgRejections,invoice_month,18,float,NULL,53,NULL,YES,NULL
dbo,ESIMfgRejections,Sum(fill_days_supply_qty),19,float,NULL,53,NULL,YES,NULL
dbo,ESIMfgRejections,Sum(inferred_fill_qty),20,float,NULL,53,NULL,YES,NULL
dbo,ESIMfgRejections,Sum(claim_count_nbr),21,float,NULL,53,NULL,YES,NULL
dbo,ESIMfgRejections,ClaimKey,22,nvarchar,14,NULL,NULL,YES,NULL
dbo,ESIMfgRejectionsv2,Brand_nme,1,nvarchar,255,NULL,NULL,YES,NULL
dbo,ESIMfgRejectionsv2,carrier_operational_id,2,nvarchar,255,NULL,NULL,YES,NULL
dbo,ESIMfgRejectionsv2,carrier_nme,3,nvarchar,255,NULL,NULL,YES,NULL
dbo,ESIMfgRejectionsv2,contract_operational_id,4,nvarchar,255,NULL,NULL,YES,NULL
dbo,ESIMfgRejectionsv2,excl_dsc,5,nvarchar,255,NULL,NULL,YES,NULL
dbo,ESIMfgRejectionsv2,serviced_dte,6,datetime,NULL,NULL,NULL,YES,NULL
dbo,ESIMfgRejectionsv2,fill_drug_formulary_id,7,nvarchar,255,NULL,NULL,YES,NULL
dbo,ESIMfgRejectionsv2,mfr_nme,8,nvarchar,255,NULL,NULL,YES,NULL
dbo,ESIMfgRejectionsv2,nabp_nbr,9,nvarchar,255,NULL,NULL,YES,NULL
dbo,ESIMfgRejectionsv2,fill_ndc_nbr,10,nvarchar,255,NULL,NULL,YES,NULL
dbo,ESIMfgRejectionsv2,npi_nbr,11,nvarchar,255,NULL,NULL,YES,NULL
dbo,ESIMfgRejectionsv2,RX_NBR,12,nvarchar,255,NULL,NULL,YES,NULL
dbo,ESIMfgRejectionsv2,locator_id,13,nvarchar,255,NULL,NULL,YES,NULL
dbo,ESIMfgRejectionsv2,insurance_cde,14,nvarchar,255,NULL,NULL,YES,NULL
dbo,ESIMfgRejectionsv2,New_Pass_Through,15,nvarchar,255,NULL,NULL,YES,NULL
dbo,ESIMfgRejectionsv2,user_defined,16,nvarchar,255,NULL,NULL,YES,NULL
dbo,ESIMfgRejectionsv2,invoice_year,17,float,NULL,53,NULL,YES,NULL
dbo,ESIMfgRejectionsv2,invoice_month,18,float,NULL,53,NULL,YES,NULL
dbo,ESIMfgRejectionsv2,Sum(fill_days_supply_qty),19,float,NULL,53,NULL,YES,NULL
dbo,ESIMfgRejectionsv2,Sum(inferred_fill_qty),20,float,NULL,53,NULL,YES,NULL
dbo,ESIMfgRejectionsv2,Sum(claim_count_nbr),21,float,NULL,53,NULL,YES,NULL
dbo,ESIMfgRejectionsv2,FileDate,22,date,NULL,NULL,NULL,YES,NULL
dbo,ESIRebatableDrugList,cpc,1,varchar,100,NULL,NULL,YES,NULL
dbo,ESIRebatableDrugList,manf,2,varchar,100,NULL,NULL,YES,NULL
dbo,ESIRebatableDrugList,brand,3,varchar,100,NULL,NULL,YES,NULL
dbo,ESIRebatableDrugList,drugname,4,varchar,200,NULL,NULL,YES,NULL
dbo,ESIRebatableDrugList,package_size_qty,5,decimal,NULL,18,5,YES,NULL
dbo,ESIRebatableDrugList,NDC,6,varchar,11,NULL,NULL,YES,NULL
dbo,ESIRebatableDrugList,NPF,7,char,1,NULL,NULL,YES,NULL
dbo,ESIRebatableDrugList,Basic,8,char,1,NULL,NULL,YES,NULL
dbo,ESIRebatableDrugList,Specialty,9,char,1,NULL,NULL,YES,NULL
dbo,ESIRebatableDrugListbkup2021,cpc,1,varchar,100,NULL,NULL,YES,NULL
dbo,ESIRebatableDrugListbkup2021,manf,2,varchar,100,NULL,NULL,YES,NULL
dbo,ESIRebatableDrugListbkup2021,brand,3,varchar,100,NULL,NULL,YES,NULL
dbo,ESIRebatableDrugListbkup2021,drugname,4,varchar,200,NULL,NULL,YES,NULL
dbo,ESIRebatableDrugListbkup2021,package_size_qty,5,decimal,NULL,18,5,YES,NULL
dbo,ESIRebatableDrugListbkup2021,NDC,6,varchar,11,NULL,NULL,YES,NULL
dbo,ESIRebatableDrugListbkup2021,NPF,7,char,1,NULL,NULL,YES,NULL
dbo,ESIRebatableDrugListbkup2021,Basic,8,char,1,NULL,NULL,YES,NULL
dbo,ESIRebatableDrugListbkup2021,Specialty,9,char,1,NULL,NULL,YES,NULL
dbo,ESIRebatableDrugListbkup202203,cpc,1,varchar,100,NULL,NULL,YES,NULL
dbo,ESIRebatableDrugListbkup202203,manf,2,varchar,100,NULL,NULL,YES,NULL
dbo,ESIRebatableDrugListbkup202203,brand,3,varchar,100,NULL,NULL,YES,NULL
dbo,ESIRebatableDrugListbkup202203,drugname,4,varchar,200,NULL,NULL,YES,NULL
dbo,ESIRebatableDrugListbkup202203,package_size_qty,5,decimal,NULL,18,5,YES,NULL
dbo,ESIRebatableDrugListbkup202203,NDC,6,varchar,11,NULL,NULL,YES,NULL
dbo,ESIRebatableDrugListbkup202203,NPF,7,char,1,NULL,NULL,YES,NULL
dbo,ESIRebatableDrugListbkup202203,Basic,8,char,1,NULL,NULL,YES,NULL
dbo,ESIRebatableDrugListbkup202203,Specialty,9,char,1,NULL,NULL,YES,NULL
dbo,ESIRebatableDrugListbkup20220823,cpc,1,varchar,100,NULL,NULL,YES,NULL
dbo,ESIRebatableDrugListbkup20220823,manf,2,varchar,100,NULL,NULL,YES,NULL
dbo,ESIRebatableDrugListbkup20220823,brand,3,varchar,100,NULL,NULL,YES,NULL
dbo,ESIRebatableDrugListbkup20220823,drugname,4,varchar,200,NULL,NULL,YES,NULL
dbo,ESIRebatableDrugListbkup20220823,package_size_qty,5,decimal,NULL,18,5,YES,NULL
dbo,ESIRebatableDrugListbkup20220823,NDC,6,varchar,11,NULL,NULL,YES,NULL
dbo,ESIRebatableDrugListbkup20220823,NPF,7,char,1,NULL,NULL,YES,NULL
dbo,ESIRebatableDrugListbkup20220823,Basic,8,char,1,NULL,NULL,YES,NULL
dbo,ESIRebatableDrugListbkup20220823,Specialty,9,char,1,NULL,NULL,YES,NULL
dbo,ESIRebateCrossWalk_JWWorking,ID,1,int,NULL,10,0,NO,NULL
dbo,ESIRebateCrossWalk_JWWorking,FormularyGT,2,int,NULL,10,0,YES,NULL
dbo,ESIRebateCrossWalk_JWWorking,SystemNumber,3,int,NULL,10,0,YES,NULL
dbo,ESIRebateCrossWalk_JWWorking,SponsorNumber,4,int,NULL,10,0,YES,NULL
dbo,ESIRebateCrossWalk_JWWorking,SponsorAccountType,5,varchar,10,NULL,NULL,YES,NULL
dbo,ESIRebateCrossWalk_JWWorking,PlanFormularyGT1,6,int,NULL,10,0,YES,NULL
dbo,ESIRebateCrossWalk_JWWorking,PlanFormularyGT2,7,int,NULL,10,0,YES,NULL
dbo,ESIRebateCrossWalk_JWWorking,RebateContractID,8,varchar,20,NULL,NULL,YES,NULL
dbo,ESIRebateCrossWalk_JWWorking,RebateCarrierID,9,varchar,20,NULL,NULL,YES,NULL
dbo,ESIRebateCrossWalk_JWWorking,RebateFlag,10,char,1,NULL,NULL,YES,NULL
dbo,ESIRebateCrossWalk_JWWorking,EffectiveDate,11,date,NULL,NULL,NULL,YES,NULL
dbo,ESIRebateCrossWalk_JWWorking,TermDate,12,date,NULL,NULL,NULL,YES,NULL
dbo,ESIRebateDistribution,OriginalID,1,varchar,50,NULL,NULL,YES,NULL
dbo,ESIRebateDistribution,CarrierID,2,varchar,50,NULL,NULL,YES,NULL
dbo,ESIRebateDistribution,ContractID,3,varchar,50,NULL,NULL,YES,NULL
dbo,ESIRebateDistribution,GroupID,4,varchar,50,NULL,NULL,YES,NULL
dbo,ESIRebateDistribution,LocatorID,5,varchar,50,NULL,NULL,YES,NULL
dbo,ESIRebateDistribution,InsuranceCode,6,varchar,50,NULL,NULL,YES,NULL
dbo,ESIRebateDistribution,UserDefined,7,varchar,50,NULL,NULL,YES,NULL
dbo,ESIRebateDistribution,NewPassThrough,8,varchar,50,NULL,NULL,YES,NULL
dbo,ESIRebateDistribution,PassThroughText,9,varchar,50,NULL,NULL,YES,NULL
dbo,ESIRebateDistribution,ClaimType,10,varchar,50,NULL,NULL,YES,NULL
dbo,ESIRebateDistribution,FormularyID,11,varchar,50,NULL,NULL,YES,NULL
dbo,ESIRebateDistribution,LoadBatchNumber,12,varchar,50,NULL,NULL,YES,NULL
dbo,ESIRebateDistribution,RetailMail,13,varchar,50,NULL,NULL,YES,NULL
dbo,ESIRebateDistribution,Specialty,14,varchar,50,NULL,NULL,YES,NULL
dbo,ESIRebateDistribution,FilledMonth,15,varchar,50,NULL,NULL,YES,NULL
dbo,ESIRebateDistribution,BrandGeneric,16,varchar,50,NULL,NULL,YES,NULL
dbo,ESIRebateDistribution,FillDaysSupply,17,int,NULL,10,0,YES,NULL
dbo,ESIRebateDistribution,PaymentAmount,18,decimal,NULL,18,2,YES,NULL
dbo,ESIRebateDistribution,ClaimCount,19,int,NULL,10,0,YES,NULL
dbo,ESIRebateDistribution,PerRxRate,20,decimal,NULL,18,2,YES,NULL
dbo,ESIRebateDistribution,PerRxCalcAmount,21,decimal,NULL,18,2,YES,NULL
dbo,ESIRebateDistribution,MAFRate,22,decimal,NULL,18,2,YES,NULL
dbo,ESIRebateDistribution,MAFCalcAmount,23,decimal,NULL,18,2,YES,NULL
dbo,ESIRebateDistribution,PercentShareBaseRate,24,decimal,NULL,18,2,YES,NULL
dbo,ESIRebateDistribution,RebatesCalcAmount,25,decimal,NULL,18,2,YES,NULL
dbo,ESIRebateDistribution,PercentShareAdminFeeRate,26,decimal,NULL,18,2,YES,NULL
dbo,ESIRebateDistribution,AdminFeeCalcAmount,27,decimal,NULL,18,2,YES,NULL
dbo,ESIRebateDistribution,PDMILoadDate,28,datetime,NULL,NULL,NULL,YES,NULL
dbo,ESIRebateDistribution,PDMIBatchClaim,29,varchar,25,NULL,NULL,YES,NULL
dbo,ESIRebateDistribution,ExclusionReason,30,varchar,150,NULL,NULL,YES,NULL
dbo,ESIRebateDistribution,FileNameLoaded,31,varchar,150,NULL,NULL,YES,NULL
dbo,ESIRebateDistribution,LoadDate,32,datetime,NULL,NULL,NULL,YES,NULL
dbo,ESIRebateDistributionTSC,OriginalID,1,varchar,50,NULL,NULL,YES,NULL
dbo,ESIRebateDistributionTSC,CarrierID,2,varchar,50,NULL,NULL,YES,NULL
dbo,ESIRebateDistributionTSC,ContractID,3,varchar,50,NULL,NULL,YES,NULL
dbo,ESIRebateDistributionTSC,GroupID,4,varchar,50,NULL,NULL,YES,NULL
dbo,ESIRebateDistributionTSC,LocatorID,5,varchar,50,NULL,NULL,YES,NULL
dbo,ESIRebateDistributionTSC,InsuranceCode,6,varchar,50,NULL,NULL,YES,NULL
dbo,ESIRebateDistributionTSC,UserDefined,7,varchar,50,NULL,NULL,YES,NULL
dbo,ESIRebateDistributionTSC,NewPassThrough,8,varchar,50,NULL,NULL,YES,NULL
dbo,ESIRebateDistributionTSC,PassThroughText,9,varchar,50,NULL,NULL,YES,NULL
dbo,ESIRebateDistributionTSC,ClaimType,10,varchar,50,NULL,NULL,YES,NULL
dbo,ESIRebateDistributionTSC,FormularyID,11,varchar,50,NULL,NULL,YES,NULL
dbo,ESIRebateDistributionTSC,LoadBatchNumber,12,varchar,50,NULL,NULL,YES,NULL
dbo,ESIRebateDistributionTSC,RetailMail,13,varchar,50,NULL,NULL,YES,NULL
dbo,ESIRebateDistributionTSC,Specialty,14,varchar,50,NULL,NULL,YES,NULL
dbo,ESIRebateDistributionTSC,FilledMonth,15,varchar,50,NULL,NULL,YES,NULL
dbo,ESIRebateDistributionTSC,BrandGeneric,16,varchar,50,NULL,NULL,YES,NULL
dbo,ESIRebateDistributionTSC,FillDaysSupply,17,int,NULL,10,0,YES,NULL
dbo,ESIRebateDistributionTSC,PaymentAmount,18,decimal,NULL,18,2,YES,NULL
dbo,ESIRebateDistributionTSC,ClaimCount,19,int,NULL,10,0,YES,NULL
dbo,ESIRebateDistributionTSC,PerRxRate,20,decimal,NULL,18,2,YES,NULL
dbo,ESIRebateDistributionTSC,PerRxCalcAmount,21,decimal,NULL,18,2,YES,NULL
dbo,ESIRebateDistributionTSC,MAFRate,22,decimal,NULL,18,2,YES,NULL
dbo,ESIRebateDistributionTSC,MAFCalcAmount,23,decimal,NULL,18,2,YES,NULL
dbo,ESIRebateDistributionTSC,PercentShareBaseRate,24,decimal,NULL,18,2,YES,NULL
dbo,ESIRebateDistributionTSC,RebatesCalcAmount,25,decimal,NULL,18,2,YES,NULL
dbo,ESIRebateDistributionTSC,PercentShareAdminFeeRate,26,decimal,NULL,18,2,YES,NULL
dbo,ESIRebateDistributionTSC,AdminFeeCalcAmount,27,decimal,NULL,18,2,YES,NULL
dbo,ESIRebateDistributionTSC,PDMILoadDate,28,smalldatetime,NULL,NULL,NULL,YES,NULL
dbo,ESIRebateDistributionTSC,PDMIBatchClaim,29,varchar,25,NULL,NULL,YES,NULL
dbo,ESIRebateDistributionTSC,ExclusionReason,30,varchar,150,NULL,NULL,YES,NULL
dbo,ESIRebateDistributionTSC,FileNameLoaded,31,varchar,150,NULL,NULL,YES,NULL
dbo,ESIRebateDistributionTSC,LoadDate,32,datetime,NULL,NULL,NULL,YES,NULL
dbo,ESIRejectClaims,RecordCode,1,char,2,NULL,NULL,YES,NULL
dbo,ESIRejectClaims,Carrier,2,char,4,NULL,NULL,YES,NULL
dbo,ESIRejectClaims,Contract,3,char,8,NULL,NULL,YES,NULL
dbo,ESIRejectClaims,GroupID,4,char,15,NULL,NULL,YES,NULL
dbo,ESIRejectClaims,NDC,5,char,19,NULL,NULL,YES,NULL
dbo,ESIRejectClaims,ProductQualifier,6,char,2,NULL,NULL,YES,NULL
dbo,ESIRejectClaims,QuantityDispensed,7,decimal,NULL,18,3,YES,NULL
dbo,ESIRejectClaims,DateofService,8,datetime,NULL,NULL,NULL,YES,NULL
dbo,ESIRejectClaims,ProviderID,9,char,15,NULL,NULL,YES,NULL
dbo,ESIRejectClaims,ProviderIDQualifier,10,char,2,NULL,NULL,YES,NULL
dbo,ESIRejectClaims,RxNumber,11,bigint,NULL,19,0,YES,NULL
dbo,ESIRejectClaims,FillNumber,12,int,NULL,10,0,YES,NULL
dbo,ESIRejectClaims,MemberState,13,char,2,NULL,NULL,YES,NULL
dbo,ESIRejectClaims,ClaimIndicator,14,char,2,NULL,NULL,YES,NULL
dbo,ESIRejectClaims,AdjustmentReasonCode,15,char,3,NULL,NULL,YES,NULL
dbo,ESIRejectClaims,ClaimType,16,char,1,NULL,NULL,YES,NULL
dbo,ESIRejectClaims,DaysSupply,17,int,NULL,10,0,YES,NULL
dbo,ESIRejectClaims,MemberLastName,18,varchar,30,NULL,NULL,YES,NULL
dbo,ESIRejectClaims,PDMIGroupNbr,19,varchar,25,NULL,NULL,YES,NULL
dbo,ESIRejectClaims,CMSContractNumber,20,varchar,5,NULL,NULL,YES,NULL
dbo,ESIRejectClaims,PBP,21,varchar,3,NULL,NULL,YES,NULL
dbo,ESIRejectClaims,LICSIndicator,22,char,1,NULL,NULL,YES,NULL
dbo,ESIRejectClaims,LOCFormularyID,23,varchar,8,NULL,NULL,YES,NULL
dbo,ESIRejectClaims,DateReceived,24,datetime,NULL,NULL,NULL,YES,NULL
dbo,ESIRejectClaims,MediaType,25,char,1,NULL,NULL,YES,NULL
dbo,ESIRejectClaims,SubmissionCode,26,char,2,NULL,NULL,YES,NULL
dbo,ESIRejectClaims,MailRetailCode,27,char,1,NULL,NULL,YES,NULL
dbo,ESIRejectClaims,BrandGeneric,28,char,1,NULL,NULL,YES,NULL
dbo,ESIRejectClaims,DispenseStatus,29,char,1,NULL,NULL,YES,NULL
dbo,ESIRejectClaims,CompoundCode,30,char,1,NULL,NULL,YES,NULL
dbo,ESIRejectClaims,OtherCoverageCode,31,char,2,NULL,NULL,YES,NULL
dbo,ESIRejectClaims,UnitofMeasure,32,char,2,NULL,NULL,YES,NULL
dbo,ESIRejectClaims,ExtClaimType,33,char,1,NULL,NULL,YES,NULL
dbo,ESIRejectClaims,PayPlanID,34,varchar,10,NULL,NULL,YES,NULL
dbo,ESIRejectClaims,MemberNumber,35,varchar,20,NULL,NULL,YES,NULL
dbo,ESIRejectClaims,Relationship,36,char,2,NULL,NULL,YES,NULL
dbo,ESIRejectClaims,EligibilityCode,37,int,NULL,10,0,YES,NULL
dbo,ESIRejectClaims,PatientBirthDate,38,datetime,NULL,NULL,NULL,YES,NULL
dbo,ESIRejectClaims,PatientFirstName,39,varchar,25,NULL,NULL,YES,NULL
dbo,ESIRejectClaims,PatientLastName,40,varchar,25,NULL,NULL,YES,NULL
dbo,ESIRejectClaims,PatientMiddleInitial,41,char,1,NULL,NULL,YES,NULL
dbo,ESIRejectClaims,PatientGender,42,char,1,NULL,NULL,YES,NULL
dbo,ESIRejectClaims,PatientAddress,43,varchar,50,NULL,NULL,YES,NULL
dbo,ESIRejectClaims,PatientCity,44,varchar,25,NULL,NULL,YES,NULL
dbo,ESIRejectClaims,PatientState,45,char,2,NULL,NULL,YES,NULL
dbo,ESIRejectClaims,PatientZip,46,varchar,15,NULL,NULL,YES,NULL
dbo,ESIRejectClaims,MemberZip,47,varchar,15,NULL,NULL,YES,NULL
dbo,ESIRejectClaims,PersonNumber,48,char,3,NULL,NULL,YES,NULL
dbo,ESIRejectClaims,PatientPhone,49,varchar,15,NULL,NULL,YES,NULL
dbo,ESIRejectClaims,EmployerID,50,varchar,15,NULL,NULL,YES,NULL
dbo,ESIRejectClaims,PatientIDQualifier,51,char,2,NULL,NULL,YES,NULL
dbo,ESIRejectClaims,PatientID,52,varchar,20,NULL,NULL,YES,NULL
dbo,ESIRejectClaims,UnitAWP,53,decimal,NULL,18,4,YES,NULL
dbo,ESIRejectClaims,TotalAWP,54,decimal,NULL,18,2,YES,NULL
dbo,ESIRejectClaims,IngredientCost,55,decimal,NULL,18,2,YES,NULL
dbo,ESIRejectClaims,DispenseFee,56,decimal,NULL,18,2,YES,NULL
dbo,ESIRejectClaims,TotalPatientPay,57,decimal,NULL,18,2,YES,NULL
dbo,ESIRejectClaims,Tax,58,decimal,NULL,18,2,YES,NULL
dbo,ESIRejectClaims,DAW,59,char,1,NULL,NULL,YES,NULL
dbo,ESIRejectClaims,NetCheckAmount,60,decimal,NULL,18,2,YES,NULL
dbo,ESIRejectClaims,CheckDate,61,datetime,NULL,NULL,NULL,YES,NULL
dbo,ESIRejectClaims,DeductApplied,62,decimal,NULL,18,2,YES,NULL
dbo,ESIRejectClaims,GeoCode,63,varchar,10,NULL,NULL,YES,NULL
dbo,ESIRejectClaims,TaxRate,64,decimal,NULL,18,4,YES,NULL
dbo,ESIRejectClaims,DrugNumber,65,varchar,10,NULL,NULL,YES,NULL
dbo,ESIRejectClaims,CommType1,66,char,1,NULL,NULL,YES,NULL
dbo,ESIRejectClaims,CommType2,67,char,2,NULL,NULL,YES,NULL
dbo,ESIRejectClaims,PrescriberID,68,varchar,15,NULL,NULL,YES,NULL
dbo,ESIRejectClaims,PrescriberIDQualifier,69,char,2,NULL,NULL,YES,NULL
dbo,ESIRejectClaims,PrescriberLastName,70,varchar,35,NULL,NULL,YES,NULL
dbo,ESIRejectClaims,PrescriberMiddleName,71,varchar,25,NULL,NULL,YES,NULL
dbo,ESIRejectClaims,PrescriberFirstName,72,varchar,25,NULL,NULL,YES,NULL
dbo,ESIRejectClaims,PrescriberSuffix,73,char,4,NULL,NULL,YES,NULL
dbo,ESIRejectClaims,PrescriberTitle,74,varchar,20,NULL,NULL,YES,NULL
dbo,ESIRejectClaims,PrescriberAddress1,75,varchar,50,NULL,NULL,YES,NULL
dbo,ESIRejectClaims,PrescriberAddress2,76,varchar,50,NULL,NULL,YES,NULL
dbo,ESIRejectClaims,PrescriberAddress3,77,varchar,50,NULL,NULL,YES,NULL
dbo,ESIRejectClaims,PrescriberCity,78,varchar,30,NULL,NULL,YES,NULL
dbo,ESIRejectClaims,PrescriberState,79,char,2,NULL,NULL,YES,NULL
dbo,ESIRejectClaims,PrescriberCountry,80,char,2,NULL,NULL,YES,NULL
dbo,ESIRejectClaims,PrescriberZip,81,varchar,15,NULL,NULL,YES,NULL
dbo,ESIRejectClaims,PrescriberPhone,82,varchar,35,NULL,NULL,YES,NULL
dbo,ESIRejectClaims,PCPID,83,varchar,20,NULL,NULL,YES,NULL
dbo,ESIRejectClaims,ClinicID,84,varchar,20,NULL,NULL,YES,NULL
dbo,ESIRejectClaims,PriorAuthorization,85,char,1,NULL,NULL,YES,NULL
dbo,ESIRejectClaims,PriorAuthorizationType,86,char,2,NULL,NULL,YES,NULL
dbo,ESIRejectClaims,ExternalClaimNumber,87,varchar,15,NULL,NULL,YES,NULL
dbo,ESIRejectClaims,NRXGroup,88,char,3,NULL,NULL,YES,NULL
dbo,ESIRejectClaims,NRXSubGroup,89,char,15,NULL,NULL,YES,NULL
dbo,ESIRejectClaims,FormularyIndicator,90,char,1,NULL,NULL,YES,NULL
dbo,ESIRejectClaims,Copay,91,decimal,NULL,18,2,YES,NULL
dbo,ESIRejectClaims,NCPDPRejectCode,92,varchar,21,NULL,NULL,YES,NULL
dbo,ESIRejectClaims,INTFormIndicator,93,char,1,NULL,NULL,YES,NULL
dbo,ESIRejectClaims,INTBrandGeneric,94,char,1,NULL,NULL,YES,NULL
dbo,ESIRejectClaims,IncentiveAmount,95,decimal,NULL,18,2,YES,NULL
dbo,ESIRejectClaims,FormularyID,96,char,5,NULL,NULL,YES,NULL
dbo,ESIRejectClaims,PDMIBatchClaim,97,varchar,14,NULL,NULL,YES,NULL
dbo,ESIRejectClaims,AlternateMDId,98,varchar,20,NULL,NULL,YES,NULL
dbo,ESIRejectClaims,MDType,99,char,4,NULL,NULL,YES,NULL
dbo,ESIRejectClaims,SequenceNumber,100,varchar,10,NULL,NULL,YES,NULL
dbo,ESIRejectClaims,CompoundType,101,char,2,NULL,NULL,YES,NULL
dbo,ESIRejectClaims,C223LICSIndicator,102,char,1,NULL,NULL,YES,NULL
dbo,ESIRejectClaims,DrugCoverageIndicator,103,char,1,NULL,NULL,YES,NULL
dbo,ESIRejectClaims,TierCode,104,char,1,NULL,NULL,YES,NULL
dbo,ESIRejectClaims,LineOfBusiness,105,char,1,NULL,NULL,YES,NULL
dbo,ESIRejectClaims,C228CMSContract,106,char,5,NULL,NULL,YES,NULL
dbo,ESIRejectClaims,C229PBPNumber,107,char,3,NULL,NULL,YES,NULL
dbo,ESIRejectClaims,ExpandedInternalID,108,varchar,20,NULL,NULL,YES,NULL
dbo,ESIRejectClaims,NewPassThrough,109,varchar,60,NULL,NULL,YES,NULL
dbo,ESIRejectClaims,MEDDStartStage,110,char,2,NULL,NULL,YES,NULL
dbo,ESIRejectClaims,MEDDEndStage,111,char,2,NULL,NULL,YES,NULL
dbo,ESIRejectClaims,DrugSpendDedStage,112,decimal,NULL,18,2,YES,NULL
dbo,ESIRejectClaims,DrugSpendIntStage,113,decimal,NULL,18,2,YES,NULL
dbo,ESIRejectClaims,DrugSpendGapStage,114,decimal,NULL,18,2,YES,NULL
dbo,ESIRejectClaims,DrugSpendCatStage,115,decimal,NULL,18,2,YES,NULL
dbo,ESIRejectClaims,DataOrigination,116,varchar,150,NULL,NULL,YES,NULL
dbo,ESIRejectClaims,ProcessDate,117,datetime,NULL,NULL,NULL,YES,NULL
dbo,ESIRejectClaims,ClaimCounter,118,int,NULL,10,0,YES,NULL
dbo,ESIRejectClaims,ErrorMessage,119,varchar,20,NULL,NULL,YES,NULL
dbo,ESIRejectClaims,WarehouseLoadDate,120,datetime,NULL,NULL,NULL,YES,NULL
dbo,ESIRejectClaims,RebateClaimType,121,varchar,10,NULL,NULL,YES,NULL
dbo,ESISpecialtyListing,NDC,1,char,11,NULL,NULL,YES,NULL
dbo,ESISpecialtyListing,BrandGeneric,2,varchar,10,NULL,NULL,YES,NULL
dbo,ExceptionCode,ExceptionCode,1,int,NULL,10,0,NO,NULL
dbo,ExceptionCode,Desc1,2,varchar,40,NULL,NULL,YES,NULL
dbo,ExceptionCode,Desc2,3,varchar,40,NULL,NULL,YES,NULL
dbo,ExceptionCode,Desc3,4,varchar,40,NULL,NULL,YES,NULL
dbo,ExceptionCode,Desc4,5,varchar,40,NULL,NULL,YES,NULL
dbo,ExceptionCode,Desc5,6,varchar,40,NULL,NULL,YES,NULL
dbo,ExceptionCode,Desc6,7,varchar,40,NULL,NULL,YES,NULL
dbo,ExceptionCode,SystemSpecific,8,char,1,NULL,NULL,YES,NULL
dbo,ExceptionCode,SponsorSpecific,9,char,1,NULL,NULL,YES,NULL
dbo,ExceptionCode,PlanSpecific,10,char,1,NULL,NULL,YES,NULL
dbo,ExceptionCode,GroupSpecific,11,char,1,NULL,NULL,YES,NULL
dbo,ExceptionCode,PharmSpecific,12,char,1,NULL,NULL,YES,NULL
dbo,ExceptionCode,CardSpecific,13,char,1,NULL,NULL,YES,NULL
dbo,ExceptionCode,DrugSpecific,14,char,1,NULL,NULL,YES,NULL
dbo,ExceptionCode,ActiveCode,15,char,1,NULL,NULL,YES,NULL
dbo,ExceptionCode,WarehouseLoadDate,16,datetime,NULL,NULL,NULL,YES,NULL
dbo,ExceptionCode,WarehouseChangeDate,17,datetime,NULL,NULL,NULL,YES,NULL
dbo,EXCEPTIONS,EX_CARDHOLDER_NUMBER,1,char,10,NULL,NULL,NO,NULL
dbo,EXCEPTIONS,EX_MEMBER_NUMBER,2,char,2,NULL,NULL,NO,NULL
dbo,EXCEPTIONS,EX_SPONSOR,3,int,NULL,10,0,NO,NULL
dbo,EXCEPTIONS,EX_GPI,4,char,14,NULL,NULL,NO,NULL
dbo,EXCEPTIONS,EX_CARDHOLDER_KEY,5,char,20,NULL,NULL,YES,NULL
dbo,EXCEPTIONS,EX_EFF_DATE_1,6,datetime,NULL,NULL,NULL,YES,NULL
dbo,EXCEPTIONS,EX_EFF_DATE_2,7,datetime,NULL,NULL,NULL,YES,NULL
dbo,EXCEPTIONS,EX_EFF_DATE_3,8,datetime,NULL,NULL,NULL,YES,NULL
dbo,EXCEPTIONS,EX_EFF_DATE_4,9,datetime,NULL,NULL,NULL,YES,NULL
dbo,EXCEPTIONS,EX_EFF_DATE_5,10,datetime,NULL,NULL,NULL,YES,NULL
dbo,EXCEPTIONS,EX_TERM_DATE_1,11,datetime,NULL,NULL,NULL,YES,NULL
dbo,EXCEPTIONS,EX_TERM_DATE_2,12,datetime,NULL,NULL,NULL,YES,NULL
dbo,EXCEPTIONS,EX_TERM_DATE_3,13,datetime,NULL,NULL,NULL,YES,NULL
dbo,EXCEPTIONS,EX_TERM_DATE_4,14,datetime,NULL,NULL,NULL,YES,NULL
dbo,EXCEPTIONS,EX_TERM_DATE_5,15,datetime,NULL,NULL,NULL,YES,NULL
dbo,EXCEPTIONS,EX_PHARMACY_NUMBER,16,int,NULL,10,0,YES,NULL
dbo,EXCEPTIONS,EX_CHAIN_NUMBER,17,int,NULL,10,0,YES,NULL
dbo,EXCEPTIONS,EX_PHYSICIAN_NUMBER,18,char,10,NULL,NULL,YES,NULL
dbo,EXCEPTIONS,EX_DAYS_SUPPLY,19,int,NULL,10,0,YES,NULL
dbo,EXCEPTIONS,EX_METRIC_QUANTITY,20,decimal,NULL,18,3,YES,NULL
dbo,EXCEPTIONS,EX_TYPE_CODE,21,int,NULL,10,0,YES,NULL
dbo,EXCEPTIONS,EX_NDC,22,decimal,NULL,11,0,YES,NULL
dbo,EXCEPTIONS,EX_COPAY_OVERRIDE,23,int,NULL,10,0,YES,NULL
dbo,EXCEPTIONS,EX_REASON,24,varchar,60,NULL,NULL,YES,NULL
dbo,EXCEPTIONS,EX_MAX_DOLLAR,25,int,NULL,10,0,YES,NULL
dbo,EXCEPTIONS,EX_MAX_DOLLAR_TO_DATE,26,decimal,NULL,18,2,YES,NULL
dbo,EXCEPTIONS,EX_OCCURENCE,27,int,NULL,10,0,YES,NULL
dbo,EXCEPTIONS,EX_NO_MAXIMUM,28,char,1,NULL,NULL,YES,NULL
dbo,EXCEPTIONS,EX_ENTER_DATE,29,datetime,NULL,NULL,NULL,YES,NULL
dbo,EXCEPTIONS,EX_CHANGE_DATE,30,datetime,NULL,NULL,NULL,YES,NULL
dbo,EXCEPTIONS,PURGE_STATUS,31,int,NULL,10,0,YES,NULL
dbo,EXCEPTIONS,EX_USER,32,varchar,12,NULL,NULL,YES,NULL
dbo,EXCEPTIONS,EX_MAX_DL_1,33,int,NULL,10,0,YES,NULL
dbo,EXCEPTIONS,EX_MAX_DL_2,34,int,NULL,10,0,YES,NULL
dbo,EXCEPTIONS,EX_MAX_DL_3,35,int,NULL,10,0,YES,NULL
dbo,EXCEPTIONS,EX_MAX_DL_4,36,int,NULL,10,0,YES,NULL
dbo,EXCEPTIONS,EX_MAX_TO_DATE_1,37,decimal,NULL,18,2,YES,NULL
dbo,EXCEPTIONS,EX_MAX_TO_DATE_2,38,decimal,NULL,18,2,YES,NULL
dbo,EXCEPTIONS,EX_MAX_TO_DATE_3,39,decimal,NULL,18,2,YES,NULL
dbo,EXCEPTIONS,EX_MAX_TO_DATE_4,40,decimal,NULL,18,2,YES,NULL
dbo,EXCEPTIONS,EX_OCCUR_1,41,int,NULL,10,0,YES,NULL
dbo,EXCEPTIONS,EX_OCCUR_2,42,int,NULL,10,0,YES,NULL
dbo,EXCEPTIONS,EX_OCCUR_3,43,int,NULL,10,0,YES,NULL
dbo,EXCEPTIONS,EX_OCCUR_4,44,int,NULL,10,0,YES,NULL
dbo,EXCEPTIONS,MED_CODE,45,char,1,NULL,NULL,YES,NULL
dbo,EXCEPTIONS,WarehouseLoadDate,46,datetime,NULL,NULL,NULL,YES,NULL
dbo,EXCEPTIONS,WarehouseChangeDate,47,datetime,NULL,NULL,NULL,YES,NULL
dbo,EXCLUSION,NPI,1,varchar,10,NULL,NULL,NO,NULL
dbo,EXCLUSION,DEA,2,varchar,9,NULL,NULL,NO,NULL
dbo,EXCLUSION,BUSINESS_NAME,3,varchar,45,NULL,NULL,YES,NULL
dbo,EXCLUSION,LAST_NAME,4,varchar,35,NULL,NULL,YES,NULL
dbo,EXCLUSION,FIRST_NAME,5,varchar,20,NULL,NULL,YES,NULL
dbo,EXCLUSION,MIDDLE_NAME,6,varchar,20,NULL,NULL,YES,NULL
dbo,EXCLUSION,STATE,7,char,2,NULL,NULL,YES,NULL
dbo,EXCLUSION,ZIP,8,char,5,NULL,NULL,YES,NULL
dbo,EXCLUSION,SANCTIONED_DATE_1,9,datetime,NULL,NULL,NULL,YES,NULL
dbo,EXCLUSION,REINSTATED_DATE_1,10,datetime,NULL,NULL,NULL,YES,NULL
dbo,EXCLUSION,SANCTIONED_DATE_2,11,datetime,NULL,NULL,NULL,YES,NULL
dbo,EXCLUSION,REINSTATED_DATE_2,12,datetime,NULL,NULL,NULL,YES,NULL
dbo,EXCLUSION,SANCTIONED_DATE_3,13,datetime,NULL,NULL,NULL,YES,NULL
dbo,EXCLUSION,REINSTATED_DATE_3,14,datetime,NULL,NULL,NULL,YES,NULL
dbo,EXCLUSION,ADD_DATE,15,datetime,NULL,NULL,NULL,YES,NULL
dbo,EXCLUSION,CHANGE_DATE,16,datetime,NULL,NULL,NULL,YES,NULL
dbo,EXCLUSION,WarehouseLoadDate,17,datetime,NULL,NULL,NULL,YES,NULL
dbo,EXCLUSION,WarehouseChangeDate,18,datetime,NULL,NULL,NULL,YES,NULL
dbo,FinClaims,CLAIM_KEY,1,char,14,NULL,NULL,NO,NULL
dbo,FinClaims,DOCUMENT_NUMBER,2,int,NULL,10,0,YES,NULL
dbo,FinClaims,PAID_DATE,3,smalldatetime,NULL,NULL,NULL,YES,NULL
dbo,FinClaims,EFT_PAYMENT,4,char,1,NULL,NULL,YES,NULL
dbo,FinClaims,WarehouseLoadDate,5,smalldatetime,NULL,NULL,NULL,YES,NULL
dbo,FinClaims,WarehouseChangeDate,6,smalldatetime,NULL,NULL,NULL,YES,NULL
dbo,FIR_TRANSACTION,CARDHOLDER_NUMBER,1,char,10,NULL,NULL,NO,NULL
dbo,FIR_TRANSACTION,MEMBER_NUMBER,2,char,2,NULL,NULL,NO,NULL
dbo,FIR_TRANSACTION,SPONSOR_NUMBER,3,int,NULL,10,0,NO,NULL
dbo,FIR_TRANSACTION,TRANSACTION_ID,4,char,21,NULL,NULL,NO,NULL
dbo,FIR_TRANSACTION,DATE_TIME,5,char,27,NULL,NULL,NO,NULL
dbo,FIR_TRANSACTION,TRANSACTION_TYPE,6,char,2,NULL,NULL,NO,NULL
dbo,FIR_TRANSACTION,INBOUND_YEAR_1,7,int,NULL,10,0,YES,NULL
dbo,FIR_TRANSACTION,INBOUND_YEAR_2,8,int,NULL,10,0,YES,NULL
dbo,FIR_TRANSACTION,INBOUND_YEAR_3,9,int,NULL,10,0,YES,NULL
dbo,FIR_TRANSACTION,INBOUND_YEAR_4,10,int,NULL,10,0,YES,NULL
dbo,FIR_TRANSACTION,INBOUND_YEAR_5,11,int,NULL,10,0,YES,NULL
dbo,FIR_TRANSACTION,INBOUND_YEAR_6,12,int,NULL,10,0,YES,NULL
dbo,FIR_TRANSACTION,INBOUND_YEAR_7,13,int,NULL,10,0,YES,NULL
dbo,FIR_TRANSACTION,INBOUND_YEAR_8,14,int,NULL,10,0,YES,NULL
dbo,FIR_TRANSACTION,INBOUND_YEAR_9,15,int,NULL,10,0,YES,NULL
dbo,FIR_TRANSACTION,INBOUND_YEAR_10,16,int,NULL,10,0,YES,NULL
dbo,FIR_TRANSACTION,INBOUND_YEAR_11,17,int,NULL,10,0,YES,NULL
dbo,FIR_TRANSACTION,INBOUND_YEAR_12,18,int,NULL,10,0,YES,NULL
dbo,FIR_TRANSACTION,INBOUND_MONTH_1,19,int,NULL,10,0,YES,NULL
dbo,FIR_TRANSACTION,INBOUND_MONTH_2,20,int,NULL,10,0,YES,NULL
dbo,FIR_TRANSACTION,INBOUND_MONTH_3,21,int,NULL,10,0,YES,NULL
dbo,FIR_TRANSACTION,INBOUND_MONTH_4,22,int,NULL,10,0,YES,NULL
dbo,FIR_TRANSACTION,INBOUND_MONTH_5,23,int,NULL,10,0,YES,NULL
dbo,FIR_TRANSACTION,INBOUND_MONTH_6,24,int,NULL,10,0,YES,NULL
dbo,FIR_TRANSACTION,INBOUND_MONTH_7,25,int,NULL,10,0,YES,NULL
dbo,FIR_TRANSACTION,INBOUND_MONTH_8,26,int,NULL,10,0,YES,NULL
dbo,FIR_TRANSACTION,INBOUND_MONTH_9,27,int,NULL,10,0,YES,NULL
dbo,FIR_TRANSACTION,INBOUND_MONTH_10,28,int,NULL,10,0,YES,NULL
dbo,FIR_TRANSACTION,INBOUND_MONTH_11,29,int,NULL,10,0,YES,NULL
dbo,FIR_TRANSACTION,INBOUND_MONTH_12,30,int,NULL,10,0,YES,NULL
dbo,FIR_TRANSACTION,INBOUND_TROOP_1,31,decimal,NULL,10,2,YES,NULL
dbo,FIR_TRANSACTION,INBOUND_TROOP_2,32,decimal,NULL,10,2,YES,NULL
dbo,FIR_TRANSACTION,INBOUND_TROOP_3,33,decimal,NULL,10,2,YES,NULL
dbo,FIR_TRANSACTION,INBOUND_TROOP_4,34,decimal,NULL,10,2,YES,NULL
dbo,FIR_TRANSACTION,INBOUND_TROOP_5,35,decimal,NULL,10,2,YES,NULL
dbo,FIR_TRANSACTION,INBOUND_TROOP_6,36,decimal,NULL,10,2,YES,NULL
dbo,FIR_TRANSACTION,INBOUND_TROOP_7,37,decimal,NULL,10,2,YES,NULL
dbo,FIR_TRANSACTION,INBOUND_TROOP_8,38,decimal,NULL,10,2,YES,NULL
dbo,FIR_TRANSACTION,INBOUND_TROOP_9,39,decimal,NULL,10,2,YES,NULL
dbo,FIR_TRANSACTION,INBOUND_TROOP_10,40,decimal,NULL,10,2,YES,NULL
dbo,FIR_TRANSACTION,INBOUND_TROOP_11,41,decimal,NULL,10,2,YES,NULL
dbo,FIR_TRANSACTION,INBOUND_TROOP_12,42,decimal,NULL,10,2,YES,NULL
dbo,FIR_TRANSACTION,INBOUND_ACCUM_TDS_1,43,decimal,NULL,10,2,YES,NULL
dbo,FIR_TRANSACTION,INBOUND_ACCUM_TDS_2,44,decimal,NULL,10,2,YES,NULL
dbo,FIR_TRANSACTION,INBOUND_ACCUM_TDS_3,45,decimal,NULL,10,2,YES,NULL
dbo,FIR_TRANSACTION,INBOUND_ACCUM_TDS_4,46,decimal,NULL,10,2,YES,NULL
dbo,FIR_TRANSACTION,INBOUND_ACCUM_TDS_5,47,decimal,NULL,10,2,YES,NULL
dbo,FIR_TRANSACTION,INBOUND_ACCUM_TDS_6,48,decimal,NULL,10,2,YES,NULL
dbo,FIR_TRANSACTION,INBOUND_ACCUM_TDS_7,49,decimal,NULL,10,2,YES,NULL
dbo,FIR_TRANSACTION,INBOUND_ACCUM_TDS_8,50,decimal,NULL,10,2,YES,NULL
dbo,FIR_TRANSACTION,INBOUND_ACCUM_TDS_9,51,decimal,NULL,10,2,YES,NULL
dbo,FIR_TRANSACTION,INBOUND_ACCUM_TDS_10,52,decimal,NULL,10,2,YES,NULL
dbo,FIR_TRANSACTION,INBOUND_ACCUM_TDS_11,53,decimal,NULL,10,2,YES,NULL
dbo,FIR_TRANSACTION,INBOUND_ACCUM_TDS_12,54,decimal,NULL,10,2,YES,NULL
dbo,FIR_TRANSACTION,INBOUND_CONTRACT_1,55,char,5,NULL,NULL,YES,NULL
dbo,FIR_TRANSACTION,INBOUND_CONTRACT_2,56,char,5,NULL,NULL,YES,NULL
dbo,FIR_TRANSACTION,INBOUND_CONTRACT_3,57,char,5,NULL,NULL,YES,NULL
dbo,FIR_TRANSACTION,INBOUND_CONTRACT_4,58,char,5,NULL,NULL,YES,NULL
dbo,FIR_TRANSACTION,INBOUND_CONTRACT_5,59,char,5,NULL,NULL,YES,NULL
dbo,FIR_TRANSACTION,INBOUND_CONTRACT_6,60,char,5,NULL,NULL,YES,NULL
dbo,FIR_TRANSACTION,INBOUND_CONTRACT_7,61,char,5,NULL,NULL,YES,NULL
dbo,FIR_TRANSACTION,INBOUND_CONTRACT_8,62,char,5,NULL,NULL,YES,NULL
dbo,FIR_TRANSACTION,INBOUND_CONTRACT_9,63,char,5,NULL,NULL,YES,NULL
dbo,FIR_TRANSACTION,INBOUND_CONTRACT_10,64,char,5,NULL,NULL,YES,NULL
dbo,FIR_TRANSACTION,INBOUND_CONTRACT_11,65,char,5,NULL,NULL,YES,NULL
dbo,FIR_TRANSACTION,INBOUND_CONTRACT_12,66,char,5,NULL,NULL,YES,NULL
dbo,FIR_TRANSACTION,OUTBOUND_YEAR_1,67,int,NULL,10,0,YES,NULL
dbo,FIR_TRANSACTION,OUTBOUND_YEAR_2,68,int,NULL,10,0,YES,NULL
dbo,FIR_TRANSACTION,OUTBOUND_YEAR_3,69,int,NULL,10,0,YES,NULL
dbo,FIR_TRANSACTION,OUTBOUND_YEAR_4,70,int,NULL,10,0,YES,NULL
dbo,FIR_TRANSACTION,OUTBOUND_YEAR_5,71,int,NULL,10,0,YES,NULL
dbo,FIR_TRANSACTION,OUTBOUND_YEAR_6,72,int,NULL,10,0,YES,NULL
dbo,FIR_TRANSACTION,OUTBOUND_YEAR_7,73,int,NULL,10,0,YES,NULL
dbo,FIR_TRANSACTION,OUTBOUND_YEAR_8,74,int,NULL,10,0,YES,NULL
dbo,FIR_TRANSACTION,OUTBOUND_YEAR_9,75,int,NULL,10,0,YES,NULL
dbo,FIR_TRANSACTION,OUTBOUND_YEAR_10,76,int,NULL,10,0,YES,NULL
dbo,FIR_TRANSACTION,OUTBOUND_YEAR_11,77,int,NULL,10,0,YES,NULL
dbo,FIR_TRANSACTION,OUTBOUND_YEAR_12,78,int,NULL,10,0,YES,NULL
dbo,FIR_TRANSACTION,OUTBOUND_MONTH_1,79,int,NULL,10,0,YES,NULL
dbo,FIR_TRANSACTION,OUTBOUND_MONTH_2,80,int,NULL,10,0,YES,NULL
dbo,FIR_TRANSACTION,OUTBOUND_MONTH_3,81,int,NULL,10,0,YES,NULL
dbo,FIR_TRANSACTION,OUTBOUND_MONTH_4,82,int,NULL,10,0,YES,NULL
dbo,FIR_TRANSACTION,OUTBOUND_MONTH_5,83,int,NULL,10,0,YES,NULL
dbo,FIR_TRANSACTION,OUTBOUND_MONTH_6,84,int,NULL,10,0,YES,NULL
dbo,FIR_TRANSACTION,OUTBOUND_MONTH_7,85,int,NULL,10,0,YES,NULL
dbo,FIR_TRANSACTION,OUTBOUND_MONTH_8,86,int,NULL,10,0,YES,NULL
dbo,FIR_TRANSACTION,OUTBOUND_MONTH_9,87,int,NULL,10,0,YES,NULL
dbo,FIR_TRANSACTION,OUTBOUND_MONTH_10,88,int,NULL,10,0,YES,NULL
dbo,FIR_TRANSACTION,OUTBOUND_MONTH_11,89,int,NULL,10,0,YES,NULL
dbo,FIR_TRANSACTION,OUTBOUND_MONTH_12,90,int,NULL,10,0,YES,NULL
dbo,FIR_TRANSACTION,OUTBOUND_ACCUM_TROOP_1,91,decimal,NULL,10,2,YES,NULL
dbo,FIR_TRANSACTION,OUTBOUND_ACCUM_TROOP_2,92,decimal,NULL,10,2,YES,NULL
dbo,FIR_TRANSACTION,OUTBOUND_ACCUM_TROOP_3,93,decimal,NULL,10,2,YES,NULL
dbo,FIR_TRANSACTION,OUTBOUND_ACCUM_TROOP_4,94,decimal,NULL,10,2,YES,NULL
dbo,FIR_TRANSACTION,OUTBOUND_ACCUM_TROOP_5,95,decimal,NULL,10,2,YES,NULL
dbo,FIR_TRANSACTION,OUTBOUND_ACCUM_TROOP_6,96,decimal,NULL,10,2,YES,NULL
dbo,FIR_TRANSACTION,OUTBOUND_ACCUM_TROOP_7,97,decimal,NULL,10,2,YES,NULL
dbo,FIR_TRANSACTION,OUTBOUND_ACCUM_TROOP_8,98,decimal,NULL,10,2,YES,NULL
dbo,FIR_TRANSACTION,OUTBOUND_ACCUM_TROOP_9,99,decimal,NULL,10,2,YES,NULL
dbo,FIR_TRANSACTION,OUTBOUND_ACCUM_TROOP_10,100,decimal,NULL,10,2,YES,NULL
dbo,FIR_TRANSACTION,OUTBOUND_ACCUM_TROOP_11,101,decimal,NULL,10,2,YES,NULL
dbo,FIR_TRANSACTION,OUTBOUND_ACCUM_TROOP_12,102,decimal,NULL,10,2,YES,NULL
dbo,FIR_TRANSACTION,OUTBOUND_ACCUM_TDS_1,103,decimal,NULL,10,2,YES,NULL
dbo,FIR_TRANSACTION,OUTBOUND_ACCUM_TDS_2,104,decimal,NULL,10,2,YES,NULL
dbo,FIR_TRANSACTION,OUTBOUND_ACCUM_TDS_3,105,decimal,NULL,10,2,YES,NULL
dbo,FIR_TRANSACTION,OUTBOUND_ACCUM_TDS_4,106,decimal,NULL,10,2,YES,NULL
dbo,FIR_TRANSACTION,OUTBOUND_ACCUM_TDS_5,107,decimal,NULL,10,2,YES,NULL
dbo,FIR_TRANSACTION,OUTBOUND_ACCUM_TDS_6,108,decimal,NULL,10,2,YES,NULL
dbo,FIR_TRANSACTION,OUTBOUND_ACCUM_TDS_7,109,decimal,NULL,10,2,YES,NULL
dbo,FIR_TRANSACTION,OUTBOUND_ACCUM_TDS_8,110,decimal,NULL,10,2,YES,NULL
dbo,FIR_TRANSACTION,OUTBOUND_ACCUM_TDS_9,111,decimal,NULL,10,2,YES,NULL
dbo,FIR_TRANSACTION,OUTBOUND_ACCUM_TDS_10,112,decimal,NULL,10,2,YES,NULL
dbo,FIR_TRANSACTION,OUTBOUND_ACCUM_TDS_11,113,decimal,NULL,10,2,YES,NULL
dbo,FIR_TRANSACTION,OUTBOUND_ACCUM_TDS_12,114,decimal,NULL,10,2,YES,NULL
dbo,FIR_TRANSACTION,OUTBOUND_CONTRACT_1,115,char,5,NULL,NULL,YES,NULL
dbo,FIR_TRANSACTION,OUTBOUND_CONTRACT_2,116,char,5,NULL,NULL,YES,NULL
dbo,FIR_TRANSACTION,OUTBOUND_CONTRACT_3,117,char,5,NULL,NULL,YES,NULL
dbo,FIR_TRANSACTION,OUTBOUND_CONTRACT_4,118,char,5,NULL,NULL,YES,NULL
dbo,FIR_TRANSACTION,OUTBOUND_CONTRACT_5,119,char,5,NULL,NULL,YES,NULL
dbo,FIR_TRANSACTION,OUTBOUND_CONTRACT_6,120,char,5,NULL,NULL,YES,NULL
dbo,FIR_TRANSACTION,OUTBOUND_CONTRACT_7,121,char,5,NULL,NULL,YES,NULL
dbo,FIR_TRANSACTION,OUTBOUND_CONTRACT_8,122,char,5,NULL,NULL,YES,NULL
dbo,FIR_TRANSACTION,OUTBOUND_CONTRACT_9,123,char,5,NULL,NULL,YES,NULL
dbo,FIR_TRANSACTION,OUTBOUND_CONTRACT_10,124,char,5,NULL,NULL,YES,NULL
dbo,FIR_TRANSACTION,OUTBOUND_CONTRACT_11,125,char,5,NULL,NULL,YES,NULL
dbo,FIR_TRANSACTION,OUTBOUND_CONTRACT_12,126,char,5,NULL,NULL,YES,NULL
dbo,FIR_TRANSACTION,UPDATE_YEAR_1,127,int,NULL,10,0,YES,NULL
dbo,FIR_TRANSACTION,UPDATE_YEAR_2,128,int,NULL,10,0,YES,NULL
dbo,FIR_TRANSACTION,UPDATE_YEAR_3,129,int,NULL,10,0,YES,NULL
dbo,FIR_TRANSACTION,UPDATE_YEAR_4,130,int,NULL,10,0,YES,NULL
dbo,FIR_TRANSACTION,UPDATE_YEAR_5,131,int,NULL,10,0,YES,NULL
dbo,FIR_TRANSACTION,UPDATE_YEAR_6,132,int,NULL,10,0,YES,NULL
dbo,FIR_TRANSACTION,UPDATE_YEAR_7,133,int,NULL,10,0,YES,NULL
dbo,FIR_TRANSACTION,UPDATE_YEAR_8,134,int,NULL,10,0,YES,NULL
dbo,FIR_TRANSACTION,UPDATE_YEAR_9,135,int,NULL,10,0,YES,NULL
dbo,FIR_TRANSACTION,UPDATE_YEAR_10,136,int,NULL,10,0,YES,NULL
dbo,FIR_TRANSACTION,UPDATE_YEAR_11,137,int,NULL,10,0,YES,NULL
dbo,FIR_TRANSACTION,UPDATE_YEAR_12,138,int,NULL,10,0,YES,NULL
dbo,FIR_TRANSACTION,UPDATE_MONTH_1,139,int,NULL,10,0,YES,NULL
dbo,FIR_TRANSACTION,UPDATE_MONTH_2,140,int,NULL,10,0,YES,NULL
dbo,FIR_TRANSACTION,UPDATE_MONTH_3,141,int,NULL,10,0,YES,NULL
dbo,FIR_TRANSACTION,UPDATE_MONTH_4,142,int,NULL,10,0,YES,NULL
dbo,FIR_TRANSACTION,UPDATE_MONTH_5,143,int,NULL,10,0,YES,NULL
dbo,FIR_TRANSACTION,UPDATE_MONTH_6,144,int,NULL,10,0,YES,NULL
dbo,FIR_TRANSACTION,UPDATE_MONTH_7,145,int,NULL,10,0,YES,NULL
dbo,FIR_TRANSACTION,UPDATE_MONTH_8,146,int,NULL,10,0,YES,NULL
dbo,FIR_TRANSACTION,UPDATE_MONTH_9,147,int,NULL,10,0,YES,NULL
dbo,FIR_TRANSACTION,UPDATE_MONTH_10,148,int,NULL,10,0,YES,NULL
dbo,FIR_TRANSACTION,UPDATE_MONTH_11,149,int,NULL,10,0,YES,NULL
dbo,FIR_TRANSACTION,UPDATE_MONTH_12,150,int,NULL,10,0,YES,NULL
dbo,FIR_TRANSACTION,UPDATE_ACCUM_TROOP_1,151,decimal,NULL,10,2,YES,NULL
dbo,FIR_TRANSACTION,UPDATE_ACCUM_TROOP_2,152,decimal,NULL,10,2,YES,NULL
dbo,FIR_TRANSACTION,UPDATE_ACCUM_TROOP_3,153,decimal,NULL,10,2,YES,NULL
dbo,FIR_TRANSACTION,UPDATE_ACCUM_TROOP_4,154,decimal,NULL,10,2,YES,NULL
dbo,FIR_TRANSACTION,UPDATE_ACCUM_TROOP_5,155,decimal,NULL,10,2,YES,NULL
dbo,FIR_TRANSACTION,UPDATE_ACCUM_TROOP_6,156,decimal,NULL,10,2,YES,NULL
dbo,FIR_TRANSACTION,UPDATE_ACCUM_TROOP_7,157,decimal,NULL,10,2,YES,NULL
dbo,FIR_TRANSACTION,UPDATE_ACCUM_TROOP_8,158,decimal,NULL,10,2,YES,NULL
dbo,FIR_TRANSACTION,UPDATE_ACCUM_TROOP_9,159,decimal,NULL,10,2,YES,NULL
dbo,FIR_TRANSACTION,UPDATE_ACCUM_TROOP_10,160,decimal,NULL,10,2,YES,NULL
dbo,FIR_TRANSACTION,UPDATE_ACCUM_TROOP_11,161,decimal,NULL,10,2,YES,NULL
dbo,FIR_TRANSACTION,UPDATE_ACCUM_TROOP_12,162,decimal,NULL,10,2,YES,NULL
dbo,FIR_TRANSACTION,UPDATE_ACCUM_TDS_1,163,decimal,NULL,10,2,YES,NULL
dbo,FIR_TRANSACTION,UPDATE_ACCUM_TDS_2,164,decimal,NULL,10,2,YES,NULL
dbo,FIR_TRANSACTION,UPDATE_ACCUM_TDS_3,165,decimal,NULL,10,2,YES,NULL
dbo,FIR_TRANSACTION,UPDATE_ACCUM_TDS_4,166,decimal,NULL,10,2,YES,NULL
dbo,FIR_TRANSACTION,UPDATE_ACCUM_TDS_5,167,decimal,NULL,10,2,YES,NULL
dbo,FIR_TRANSACTION,UPDATE_ACCUM_TDS_6,168,decimal,NULL,10,2,YES,NULL
dbo,FIR_TRANSACTION,UPDATE_ACCUM_TDS_7,169,decimal,NULL,10,2,YES,NULL
dbo,FIR_TRANSACTION,UPDATE_ACCUM_TDS_8,170,decimal,NULL,10,2,YES,NULL
dbo,FIR_TRANSACTION,UPDATE_ACCUM_TDS_9,171,decimal,NULL,10,2,YES,NULL
dbo,FIR_TRANSACTION,UPDATE_ACCUM_TDS_10,172,decimal,NULL,10,2,YES,NULL
dbo,FIR_TRANSACTION,UPDATE_ACCUM_TDS_11,173,decimal,NULL,10,2,YES,NULL
dbo,FIR_TRANSACTION,UPDATE_ACCUM_TDS_12,174,decimal,NULL,10,2,YES,NULL
dbo,FIR_TRANSACTION,LIMIT_TROOP,175,decimal,NULL,10,2,YES,NULL
dbo,FIR_TRANSACTION,LIMIT_TDS,176,decimal,NULL,10,2,YES,NULL
dbo,FIR_TRANSACTION,LIMIT_DEDUCT,177,decimal,NULL,10,2,YES,NULL
dbo,FIR_TRANSACTION,REJECT_CODE,178,int,NULL,10,0,YES,NULL
dbo,FIR_TRANSACTION,CONTRACT_ZX,179,char,5,NULL,NULL,YES,NULL
dbo,FIR_TRANSACTION,PBP_ID_ZY,180,int,NULL,10,0,YES,NULL
dbo,FIR_TRANSACTION,WarehouseLoadDate,181,datetime,NULL,NULL,NULL,YES,NULL
dbo,FIR_TRANSACTION,WarehouseChangeDate,182,datetime,NULL,NULL,NULL,YES,NULL
dbo,FirstViewClaims,ClaimKey,1,char,14,NULL,NULL,NO,NULL
dbo,FirstViewClaims,BatchMaster,2,char,8,NULL,NULL,NO,NULL
dbo,FirstViewClaims,ClaimNumber,3,int,NULL,10,0,NO,NULL
dbo,FirstViewClaims,ClaimType,4,char,1,NULL,NULL,NO,NULL
dbo,FirstViewClaims,OtherCovCodeOrig,5,int,NULL,10,0,YES,NULL
dbo,FirstViewClaims,OtherCovCodeProc,6,int,NULL,10,0,YES,NULL
dbo,FirstViewClaims,CopayOrig,7,decimal,NULL,18,2,YES,NULL
dbo,FirstViewClaims,RejCode1,8,int,NULL,10,0,YES,NULL
dbo,FirstViewClaims,RejCode2,9,int,NULL,10,0,YES,NULL
dbo,FirstViewClaims,ReqBin,10,int,NULL,10,0,YES,NULL
dbo,FirstViewClaims,ReqPCN,11,varchar,10,NULL,NULL,YES,NULL
dbo,FirstViewClaims,ReqClaimUID,12,varchar,36,NULL,NULL,YES,NULL
dbo,FirstViewClaims,ReqPharmacy,13,varchar,15,NULL,NULL,YES,NULL
dbo,FirstViewClaims,ReqGroupNbr,14,varchar,15,NULL,NULL,YES,NULL
dbo,FirstViewClaims,ReqRxNbr,15,bigint,NULL,19,0,YES,NULL
dbo,FirstViewClaims,ReqRxDate,16,datetime,NULL,NULL,NULL,YES,NULL
dbo,FirstViewClaims,ReqNDC,17,decimal,NULL,12,0,YES,NULL
dbo,FirstViewClaims,ReqMetQty,18,decimal,NULL,18,3,YES,NULL
dbo,FirstViewClaims,ReqDaysSupply,19,int,NULL,10,0,YES,NULL
dbo,FirstViewClaims,ReqPriCopayAmt,20,decimal,NULL,18,2,YES,NULL
dbo,FirstViewClaims,ReqPriAmtPaid,21,decimal,NULL,18,2,YES,NULL
dbo,FirstViewClaims,ReqCardholder,22,varchar,20,NULL,NULL,YES,NULL
dbo,FirstViewClaims,ReqPatientDOB,23,datetime,NULL,NULL,NULL,YES,NULL
dbo,FirstViewClaims,ReqPhysician,24,varchar,15,NULL,NULL,YES,NULL
dbo,FirstViewClaims,ReqOthCovCode,25,int,NULL,10,0,YES,NULL
dbo,FirstViewClaims,ResUID,26,varchar,36,NULL,NULL,YES,NULL
dbo,FirstViewClaims,ResProductType,27,varchar,20,NULL,NULL,YES,NULL
dbo,FirstViewClaims,ResResponseCode,28,varchar,10,NULL,NULL,YES,NULL
dbo,FirstViewClaims,ResResponseMsg,29,varchar,200,NULL,NULL,YES,NULL
dbo,FirstViewClaims,ResPharmacyMsg,30,varchar,200,NULL,NULL,YES,NULL
dbo,FirstViewClaims,ResCopayAmtOvr,31,decimal,NULL,18,2,YES,NULL
dbo,FirstViewClaims,ResPDMIRejectOvr,32,varchar,10,NULL,NULL,YES,NULL
dbo,FirstViewClaims,RawPayload,33,varchar,2048,NULL,NULL,YES,NULL
dbo,FirstViewClaims,AddToFileDateTime,34,datetime,NULL,NULL,NULL,YES,NULL
dbo,FirstViewClaims,AddID,35,varchar,15,NULL,NULL,YES,NULL
dbo,FirstViewClaims,ChangeID,36,varchar,15,NULL,NULL,YES,NULL
dbo,FirstViewClaims,AddDate,37,datetime,NULL,NULL,NULL,YES,NULL
dbo,FirstViewClaims,ChangeDate,38,datetime,NULL,NULL,NULL,YES,NULL
dbo,FirstViewClaims,WarehouseLoadDate,39,datetime,NULL,NULL,NULL,YES,NULL
dbo,FirstViewClaims,WarehouseChangeDate,40,datetime,NULL,NULL,NULL,YES,NULL
dbo,FirstViewClaims,ReqFlatSalesTax,41,decimal,NULL,18,2,YES,NULL
dbo,FirstViewClaims,ReqSalesTaxRate,42,decimal,NULL,18,4,YES,NULL
dbo,FirstViewClaims,ReqSalesTaxBasis,43,decimal,NULL,18,4,YES,NULL
dbo,FirstViewClaims,ReqUNRCharge,44,decimal,NULL,18,2,YES,NULL
dbo,FirstViewClaims,ResIngCost,45,decimal,NULL,18,2,YES,NULL
dbo,FirstViewClaims,ResDispFee,46,decimal,NULL,18,2,YES,NULL
dbo,FirstViewClaims,ResTax,47,decimal,NULL,18,2,YES,NULL
dbo,FirstViewClaims,ResSourceSysID,48,varchar,36,NULL,NULL,YES,NULL
dbo,FirstViewClaims,ResPIID,49,varchar,10,NULL,NULL,YES,NULL
dbo,FormularyStatusTable,GenericTableNumber,1,int,NULL,10,0,NO,NULL
dbo,FormularyStatusTable,GenericTableName,2,varchar,50,NULL,NULL,YES,NULL
dbo,FormularyStatusTable,GPI,3,char,14,NULL,NULL,NO,NULL
dbo,FormularyStatusTable,GenericTableGPI,4,char,14,NULL,NULL,YES,NULL
dbo,FormularyStatusTable,PROD_ABBR,5,varchar,50,NULL,NULL,YES,NULL
dbo,FormularyStatusTable,GENERIC_CODE,6,varchar,50,NULL,NULL,NO,NULL
dbo,FormularyStatusTable,GenericTableStatusCode,7,varchar,50,NULL,NULL,YES,NULL
dbo,FormularyStatusTable,GenericTableStatusScheduleType,8,varchar,50,NULL,NULL,YES,NULL
dbo,FormularyStatusTable,GenericTableEffectiveDate,9,datetime,NULL,NULL,NULL,YES,NULL
dbo,FormularyStatusTable,GenericTableTermDate,10,datetime,NULL,NULL,NULL,YES,NULL
dbo,FormularyStatusTable,FormularyStatus,11,varchar,50,NULL,NULL,YES,NULL
dbo,GEAPData,GEAPNumber,1,char,8,NULL,NULL,NO,NULL
dbo,GEAPData,SizeUnitMeasurement,2,char,2,NULL,NULL,YES,NULL
dbo,GEAPData,PackageQuantity,3,int,NULL,10,0,YES,NULL
dbo,GEAPData,UnitDose,4,char,1,NULL,NULL,YES,NULL
dbo,GEAPData,PackageDescription,5,char,2,NULL,NULL,YES,NULL
dbo,GEAPData,GPI,6,char,14,NULL,NULL,YES,NULL
dbo,GEAPData,PackageSize,7,decimal,NULL,18,5,YES,NULL
dbo,GEAPData,TranCode,8,char,1,NULL,NULL,YES,NULL
dbo,GEAPData,GEAPUnitPrice1,9,decimal,NULL,18,5,YES,NULL
dbo,GEAPData,GEAPEffectiveDate1,10,datetime,NULL,NULL,NULL,YES,NULL
dbo,GEAPData,GEAPUnitPrice2,11,decimal,NULL,18,5,YES,NULL
dbo,GEAPData,GEAPEffectiveDate2,12,datetime,NULL,NULL,NULL,YES,NULL
dbo,GEAPData,GEAPUnitPrice3,13,decimal,NULL,18,5,YES,NULL
dbo,GEAPData,GEAPEffectiveDate3,14,datetime,NULL,NULL,NULL,YES,NULL
dbo,GEAPData,GEAPUnitPrice4,15,decimal,NULL,18,5,YES,NULL
dbo,GEAPData,GEAPEffectiveDate4,16,datetime,NULL,NULL,NULL,YES,NULL
dbo,GEAPData,AAWPUnitPrice1,17,decimal,NULL,18,5,YES,NULL
dbo,GEAPData,AAWPEffectiveDate1,18,datetime,NULL,NULL,NULL,YES,NULL
dbo,GEAPData,AAWPUnitPrice2,19,decimal,NULL,18,5,YES,NULL
dbo,GEAPData,AAWPEffectiveDate2,20,datetime,NULL,NULL,NULL,YES,NULL
dbo,GEAPData,AAWPUnitPrice3,21,decimal,NULL,18,5,YES,NULL
dbo,GEAPData,AAWPEffectiveDate3,22,datetime,NULL,NULL,NULL,YES,NULL
dbo,GEAPData,AAWPUnitPrice4,23,decimal,NULL,18,5,YES,NULL
dbo,GEAPData,AAWPEffectiveDate4,24,datetime,NULL,NULL,NULL,YES,NULL
dbo,GEAPData,PriceChangeDate,25,datetime,NULL,NULL,NULL,YES,NULL
dbo,GEAPData,AddDate,26,datetime,NULL,NULL,NULL,YES,NULL
dbo,GEAPData,ChangeDate,27,datetime,NULL,NULL,NULL,YES,NULL
dbo,GENERIC_TABLE,GENERIC_TABLE_NUMBER,1,int,NULL,10,0,NO,NULL
dbo,GENERIC_TABLE,GPI,2,char,14,NULL,NULL,NO,NULL
dbo,GENERIC_TABLE,DRUG_STATUS,3,char,1,NULL,NULL,YES,NULL
dbo,GENERIC_TABLE,WarehouseLoadDate,4,datetime,NULL,NULL,NULL,YES,NULL
dbo,GENERIC_TABLE,WarehouseChangeDate,5,datetime,NULL,NULL,NULL,YES,NULL
dbo,GENERIC_TABLE_ALL,TABLE_NUMBER,1,int,NULL,10,0,NO,NULL
dbo,GENERIC_TABLE_ALL,GPI,2,char,14,NULL,NULL,NO,NULL
dbo,GENERIC_TABLE_ALL,MAXIMUM_DAYS,3,int,NULL,10,0,YES,NULL
dbo,GENERIC_TABLE_ALL,STATUS_CODE,4,char,1,NULL,NULL,YES,NULL
dbo,GENERIC_TABLE_ALL,MAC_DRUG_CODE,5,char,1,NULL,NULL,YES,NULL
dbo,GENERIC_TABLE_ALL,NDC_TYPE_CODE,6,int,NULL,10,0,YES,NULL
dbo,GENERIC_TABLE_ALL,NDC,7,decimal,NULL,11,0,YES,NULL
dbo,GENERIC_TABLE_ALL,CROSS_REFERENCE,8,char,1,NULL,NULL,YES,NULL
dbo,GENERIC_TABLE_ALL,COPAY,9,int,NULL,10,0,YES,NULL
dbo,GENERIC_TABLE_ALL,RX_OTC_CODE,10,char,1,NULL,NULL,YES,NULL
dbo,GENERIC_TABLE_ALL,MAXIMUM_AGE,11,int,NULL,10,0,YES,NULL
dbo,GENERIC_TABLE_ALL,GENERIC_CODE,12,char,1,NULL,NULL,YES,NULL
dbo,GENERIC_TABLE_ALL,DURATION,13,int,NULL,10,0,YES,NULL
dbo,GENERIC_TABLE_ALL,DURATION_KIND,14,char,1,NULL,NULL,YES,NULL
dbo,GENERIC_TABLE_ALL,METRIC_QUANTITY_PER_RX,15,decimal,NULL,18,3,YES,NULL
dbo,GENERIC_TABLE_ALL,TIME_FRAME,16,int,NULL,10,0,YES,NULL
dbo,GENERIC_TABLE_ALL,METRIC_QUANTITY_PER_TIME,17,decimal,NULL,18,3,YES,NULL
dbo,GENERIC_TABLE_ALL,RX_QUANTITY_PER_TIME,18,int,NULL,10,0,YES,NULL
dbo,GENERIC_TABLE_ALL,REJECT_NUMBER,19,int,NULL,10,0,YES,NULL
dbo,GENERIC_TABLE_ALL,METRIC_QUANTITY_PER_COPAY,20,decimal,NULL,18,3,YES,NULL
dbo,GENERIC_TABLE_ALL,COPAY_PER_MONTH_FLAG,21,char,1,NULL,NULL,YES,NULL
dbo,GENERIC_TABLE_ALL,SKIP_LIMIT_FLAG,22,char,1,NULL,NULL,YES,NULL
dbo,GENERIC_TABLE_ALL,GENERIC_TABLE_OVERRIDE_FLAG,23,char,1,NULL,NULL,YES,NULL
dbo,GENERIC_TABLE_ALL,COPAY_SCHEDULE_TYPE,24,char,6,NULL,NULL,YES,NULL
dbo,GENERIC_TABLE_ALL,MAIL_MANDATE_FLAG,25,char,1,NULL,NULL,YES,NULL
dbo,GENERIC_TABLE_ALL,PREFERRED_MESSAGE,26,varchar,30,NULL,NULL,YES,NULL
dbo,GENERIC_TABLE_ALL,GPI_PRIOR_AUTH_REQ,27,char,14,NULL,NULL,YES,NULL
dbo,GENERIC_TABLE_ALL,REIMBURSEMENT_SCHEDULE_TYPE,28,char,6,NULL,NULL,YES,NULL
dbo,GENERIC_TABLE_ALL,AUTO_CREATE_GPI,29,char,14,NULL,NULL,YES,NULL
dbo,GENERIC_TABLE_ALL,MINIMUM_AGE_LIMIT,30,int,NULL,10,0,YES,NULL
dbo,GENERIC_TABLE_ALL,EFFECTIVE_DATE,31,datetime,NULL,NULL,NULL,YES,NULL
dbo,GENERIC_TABLE_ALL,TERM_DATE,32,datetime,NULL,NULL,NULL,YES,NULL
dbo,GENERIC_TABLE_ALL,MANUFACTURER,33,char,10,NULL,NULL,YES,NULL
dbo,GENERIC_TABLE_ALL,ADD_DATE,34,datetime,NULL,NULL,NULL,YES,NULL
dbo,GENERIC_TABLE_ALL,CHANGE_DATE,35,datetime,NULL,NULL,NULL,YES,NULL
dbo,GENERIC_TABLE_ALL,PURGE_STATUS,36,int,NULL,10,0,YES,NULL
dbo,GENERIC_TABLE_ALL,FemaleMaxAgeYears,37,int,NULL,10,0,YES,NULL
dbo,GENERIC_TABLE_ALL,FemaleMaxAgeMonths,38,int,NULL,10,0,YES,NULL
dbo,GENERIC_TABLE_ALL,FemaleMinAgeYears,39,int,NULL,10,0,YES,NULL
dbo,GENERIC_TABLE_ALL,FemaleMinAgeMonths,40,int,NULL,10,0,YES,NULL
dbo,GENERIC_TABLE_ALL,MaleMaxAgeYears,41,int,NULL,10,0,YES,NULL
dbo,GENERIC_TABLE_ALL,MaleMaxAgeMonths,42,int,NULL,10,0,YES,NULL
dbo,GENERIC_TABLE_ALL,MaleMinAgeYears,43,int,NULL,10,0,YES,NULL
dbo,GENERIC_TABLE_ALL,MaleMinAgeMonths,44,int,NULL,10,0,YES,NULL
dbo,GENERIC_TABLE_ALL,GenderMaxMinFlag,45,char,1,NULL,NULL,YES,NULL
dbo,GENERIC_TABLE_ALL,DAW1CopaySchedule,46,char,6,NULL,NULL,YES,NULL
dbo,GENERIC_TABLE_ALL,DaysSupplyPerTimeframe,47,int,NULL,10,0,YES,NULL
dbo,GENERIC_TABLE_ALL,Plan_Max_Mult,48,char,1,NULL,NULL,YES,NULL
dbo,GENERIC_TABLE_ALL,Unit_Per_Day,49,decimal,NULL,18,2,YES,NULL
dbo,GENERIC_TABLE_ALL,Post_A_Reject,50,int,NULL,10,0,YES,NULL
dbo,GENERIC_TABLE_ALL,MinDaySupply,51,int,NULL,10,0,YES,NULL
dbo,GENERIC_TABLE_ALL,MinQty,52,decimal,NULL,18,3,YES,NULL
dbo,GENERIC_TABLE_ALL,PlanMaxBenefit,53,decimal,NULL,18,2,YES,NULL
dbo,GENERIC_TABLE_ALL,WarehouseLoadDate,54,datetime,NULL,NULL,NULL,YES,NULL
dbo,GENERIC_TABLE_ALL,WarehouseChangeDate,55,datetime,NULL,NULL,NULL,YES,NULL
dbo,GENERIC_TABLE_ALL,ReimbSchedNbr,56,int,NULL,10,0,YES,NULL
dbo,GENERIC_TABLE_ALL,GenCDCov,57,char,1,NULL,NULL,YES,NULL
dbo,GENERIC_TABLE_ALL,MaxClaimAmt,58,decimal,NULL,18,2,YES,NULL
dbo,GENERIC_TABLE_ALL,AddID,59,varchar,15,NULL,NULL,YES,NULL
dbo,GENERIC_TABLE_ALL,ChangeID,60,varchar,15,NULL,NULL,YES,NULL
dbo,GENERIC_TABLE_ALL,ClaimCostPerTimeframe,61,decimal,NULL,18,2,YES,NULL
dbo,GenericDrugDescMaster,DrugStatusCode,1,char,1,NULL,NULL,NO,NULL
dbo,GenericDrugDescMaster,DrugStatusCodeName,2,varchar,30,NULL,NULL,YES,NULL
dbo,GenericDrugDescMaster,Desc1,3,varchar,40,NULL,NULL,YES,NULL
dbo,GenericDrugDescMaster,Desc2,4,varchar,40,NULL,NULL,YES,NULL
dbo,GenericDrugDescMaster,Desc3,5,varchar,40,NULL,NULL,YES,NULL
dbo,GenericDrugDescMaster,Desc4,6,varchar,40,NULL,NULL,YES,NULL
dbo,GenericDrugDescMaster,FieldNotes1,7,varchar,30,NULL,NULL,YES,NULL
dbo,GenericDrugDescMaster,FieldNotes2,8,varchar,30,NULL,NULL,YES,NULL
dbo,GenericDrugDescMaster,FormularyFlag,9,char,1,NULL,NULL,YES,NULL
dbo,GenericDrugDescMaster,MaintenanceFlag,10,char,1,NULL,NULL,YES,NULL
dbo,GenericDrugDescMaster,DrugStatusFlag,11,char,1,NULL,NULL,YES,NULL
dbo,GenericDrugDescMaster,NDCExclusionFlag,12,char,1,NULL,NULL,YES,NULL
dbo,GenericDrugDescMaster,AddDate,13,datetime,NULL,NULL,NULL,YES,NULL
dbo,GenericDrugDescMaster,ChangeDate,14,datetime,NULL,NULL,NULL,YES,NULL
dbo,GenericDrugDescMaster,WarehouseLoadDate,15,datetime,NULL,NULL,NULL,YES,NULL
dbo,GenericDrugDescMaster,WarehouseChangeDate,16,datetime,NULL,NULL,NULL,YES,NULL
dbo,GenericTableDescription,GenericTableNumber,1,int,NULL,10,0,NO,NULL
dbo,GenericTableDescription,TableName,2,char,40,NULL,NULL,YES,NULL
dbo,GenericTableDescription,ActiveCode,3,char,1,NULL,NULL,YES,NULL
dbo,GenericTableDescription,TableCode,4,char,10,NULL,NULL,YES,NULL
dbo,GenericTableDescription,CodePatch,5,char,1,NULL,NULL,YES,NULL
dbo,GenericTableDescription,CopaySchedule,6,char,1,NULL,NULL,YES,NULL
dbo,GenericTableDescription,CopayNumber,7,char,1,NULL,NULL,YES,NULL
dbo,GenericTableDescription,ReimbursementSchedule,8,char,1,NULL,NULL,YES,NULL
dbo,GenericTableDescription,RejectNumber,9,char,1,NULL,NULL,YES,NULL
dbo,GenericTableDescription,GPI14Place,10,char,1,NULL,NULL,YES,NULL
dbo,GenericTableDescription,GenericTableAssociation1,11,int,NULL,10,0,YES,NULL
dbo,GenericTableDescription,GenericTableAssociation2,12,int,NULL,10,0,YES,NULL
dbo,GenericTableDescription,GenericTableAssociation3,13,int,NULL,10,0,YES,NULL
dbo,GenericTableDescription,GenericTableAssociation4,14,int,NULL,10,0,YES,NULL
dbo,GenericTableDescription,GenericTableAssociation5,15,int,NULL,10,0,YES,NULL
dbo,GenericTableDescription,GenericTableAssociation6,16,int,NULL,10,0,YES,NULL
dbo,GenericTableDescription,GenericTableAssociation7,17,int,NULL,10,0,YES,NULL
dbo,GenericTableDescription,GenericTableAssociation8,18,int,NULL,10,0,YES,NULL
dbo,GenericTableDescription,GenericTableAssociation9,19,int,NULL,10,0,YES,NULL
dbo,GenericTableDescription,GenericTableAssociation10,20,int,NULL,10,0,YES,NULL
dbo,GenericTableDescription,GenericTableAssociation11,21,int,NULL,10,0,YES,NULL
dbo,GenericTableDescription,GenericTableAssociation12,22,int,NULL,10,0,YES,NULL
dbo,GenericTableDescription,GenericTableAssociation13,23,int,NULL,10,0,YES,NULL
dbo,GenericTableDescription,GenericTableAssociation14,24,int,NULL,10,0,YES,NULL
dbo,GenericTableDescription,GenericTableAssociation15,25,int,NULL,10,0,YES,NULL
dbo,GenericTableDescription,GenericTableAssociation16,26,int,NULL,10,0,YES,NULL
dbo,GenericTableDescription,GenericTableAssociation17,27,int,NULL,10,0,YES,NULL
dbo,GenericTableDescription,GenericTableAssociation18,28,int,NULL,10,0,YES,NULL
dbo,GenericTableDescription,GenericTableAssociation19,29,int,NULL,10,0,YES,NULL
dbo,GenericTableDescription,GenericTableAssociation20,30,int,NULL,10,0,YES,NULL
dbo,GenericTableDescription,StepTableAssociation1,31,int,NULL,10,0,YES,NULL
dbo,GenericTableDescription,StepTableAssociation2,32,int,NULL,10,0,YES,NULL
dbo,GenericTableDescription,StepTableAssociation3,33,int,NULL,10,0,YES,NULL
dbo,GenericTableDescription,StepTableAssociation4,34,int,NULL,10,0,YES,NULL
dbo,GenericTableDescription,StepTableAssociation5,35,int,NULL,10,0,YES,NULL
dbo,GenericTableDescription,AssociationFlag,36,char,1,NULL,NULL,YES,NULL
dbo,GenericTableDescription,ThreeTierFlag,37,char,1,NULL,NULL,YES,NULL
dbo,GenericTableDescription,SystemNumber1,38,int,NULL,10,0,YES,NULL
dbo,GenericTableDescription,SystemNumber2,39,int,NULL,10,0,YES,NULL
dbo,GenericTableDescription,SystemNumber3,40,int,NULL,10,0,YES,NULL
dbo,GenericTableDescription,SystemNumber4,41,int,NULL,10,0,YES,NULL
dbo,GenericTableDescription,SystemNumber5,42,int,NULL,10,0,YES,NULL
dbo,GenericTableDescription,SystemNumber6,43,int,NULL,10,0,YES,NULL
dbo,GenericTableDescription,SystemNumber7,44,int,NULL,10,0,YES,NULL
dbo,GenericTableDescription,SystemNumber8,45,int,NULL,10,0,YES,NULL
dbo,GenericTableDescription,SystemNumber9,46,int,NULL,10,0,YES,NULL
dbo,GenericTableDescription,SystemNumber10,47,int,NULL,10,0,YES,NULL
dbo,GenericTableDescription,SystemNumber11,48,int,NULL,10,0,YES,NULL
dbo,GenericTableDescription,SystemNumber12,49,int,NULL,10,0,YES,NULL
dbo,GenericTableDescription,SystemNumber13,50,int,NULL,10,0,YES,NULL
dbo,GenericTableDescription,SystemNumber14,51,int,NULL,10,0,YES,NULL
dbo,GenericTableDescription,SystemNumber15,52,int,NULL,10,0,YES,NULL
dbo,GenericTableDescription,SystemNumber16,53,int,NULL,10,0,YES,NULL
dbo,GenericTableDescription,SystemNumber17,54,int,NULL,10,0,YES,NULL
dbo,GenericTableDescription,SystemNumber18,55,int,NULL,10,0,YES,NULL
dbo,GenericTableDescription,SystemNumber19,56,int,NULL,10,0,YES,NULL
dbo,GenericTableDescription,SystemNumber20,57,int,NULL,10,0,YES,NULL
dbo,GenericTableDescription,MaintenanceFlag,58,char,1,NULL,NULL,YES,NULL
dbo,GenericTableDescription,RebateSource,59,char,3,NULL,NULL,YES,NULL
dbo,GenericTableDescription,MedcoContractID,60,char,8,NULL,NULL,YES,NULL
dbo,GenericTableDescription,WarehouseLoadDate,61,datetime,NULL,NULL,NULL,YES,NULL
dbo,GenericTableDescription,WarehouseChangeDate,62,datetime,NULL,NULL,NULL,YES,NULL
dbo,GenericTableDescription,SpecialtyFlag,63,char,1,NULL,NULL,YES,NULL
dbo,GenericTableDescription,TableFoundSponsEdit,64,char,1,NULL,NULL,YES,NULL
dbo,GenericTableDescription,NDCID,65,varchar,8,NULL,NULL,YES,NULL
dbo,GenericTableDescription,AddID,66,varchar,15,NULL,NULL,YES,NULL
dbo,GenericTableDescription,ChangeID,67,varchar,15,NULL,NULL,YES,NULL
dbo,GenericTableDescription,AddDate,68,datetime,NULL,NULL,NULL,YES,NULL
dbo,GenericTableDescription,ChangeDate,69,datetime,NULL,NULL,NULL,YES,NULL
dbo,GenGroups,GroupID,1,uniqueidentifier,NULL,NULL,NULL,NO,NULL
dbo,GenGroups,Value,2,varchar,15,NULL,NULL,NO,NULL
dbo,GenGroups,Name,3,varchar,100,NULL,NULL,NO,NULL
dbo,GenGroups,CycleType,4,varchar,5,NULL,NULL,NO,NULL
dbo,GenGroups,ProgramType,5,int,NULL,10,0,NO,NULL
dbo,GenGroups,EnrollmentDate,6,datetime,NULL,NULL,NULL,NO,NULL
dbo,GenGroups,TermDate,7,datetime,NULL,NULL,NULL,YES,NULL
dbo,GenGroups,GroupPercent,8,float,NULL,53,NULL,NO,NULL
dbo,GenGroups,ExecutivePercent,9,float,NULL,53,NULL,YES,NULL
dbo,GenGroups,ClientExecutivePercent,10,float,NULL,53,NULL,YES,NULL
dbo,GenGroups,InvoiceLevel,11,int,NULL,10,0,YES,NULL
dbo,GenGroups,GenMasterGroup_MasterGroupID,12,uniqueidentifier,NULL,NULL,NULL,NO,NULL
dbo,GenGroups,GenReport_ReportID,13,uniqueidentifier,NULL,NULL,NULL,NO,NULL
dbo,GenGroups,IncentiveTableNumber,14,int,NULL,10,0,YES,NULL
dbo,GenGroups,Priority,15,int,NULL,10,0,YES,NULL
dbo,GenGroups,DeletedFlag,16,bit,NULL,NULL,NULL,YES,NULL
dbo,GenGroups,RangeTableNumber,17,int,NULL,10,0,YES,NULL
dbo,GoodRxBusinessRulesTemplate,NDC,1,char,11,NULL,NULL,YES,NULL
dbo,GoodRxBusinessRulesTemplate,BaseQuantity,2,decimal,NULL,18,4,YES,NULL
dbo,GoodRxBusinessRulesTemplate,MinQuantity,3,decimal,NULL,18,4,YES,NULL
dbo,GoodRxBusinessRulesTemplate,MaxQuantity,4,decimal,NULL,18,4,YES,NULL
dbo,GoodRxBusinessRulesTemplate,BrandDiscount,5,decimal,NULL,18,4,YES,NULL
dbo,GoodRxBusinessRulesTemplate,EffectiveDate,6,datetime,NULL,NULL,NULL,YES,NULL
dbo,GoodRxBusinessRulesTemplate,TermDate,7,datetime,NULL,NULL,NULL,YES,NULL
dbo,GoodRxBusinessRulesTemplate,LastModified,8,datetime,NULL,NULL,NULL,YES,NULL
dbo,GoodRxBusinessRulesTemplate,LastModifiedBy,9,varchar,100,NULL,NULL,YES,NULL
dbo,GoodRxBusinessRulesTemplatev2,NDCID,1,int,NULL,10,0,NO,NULL
dbo,GoodRxBusinessRulesTemplatev2,NDC,2,char,11,NULL,NULL,YES,NULL
dbo,GoodRxBusinessRulesTemplatev2,SuperChain,3,varchar,3,NULL,NULL,YES,NULL
dbo,GoodRxBusinessRulesTemplatev2,BaseQuantity,4,decimal,NULL,18,4,YES,NULL
dbo,GoodRxBusinessRulesTemplatev2,MinQuantity,5,decimal,NULL,18,4,YES,NULL
dbo,GoodRxBusinessRulesTemplatev2,MaxQuantity,6,decimal,NULL,18,4,YES,NULL
dbo,GoodRxBusinessRulesTemplatev2,BrandDiscount,7,decimal,NULL,18,4,YES,NULL
dbo,GoodRxBusinessRulesTemplatev2,FixedCopayAmount,8,decimal,NULL,18,2,YES,NULL
dbo,GoodRxBusinessRulesTemplatev2,FixedDispensingFee,9,decimal,NULL,18,2,YES,NULL
dbo,GoodRxBusinessRulesTemplatev2,EffectiveDate,10,datetime,NULL,NULL,NULL,YES,NULL
dbo,GoodRxBusinessRulesTemplatev2,TermDate,11,datetime,NULL,NULL,NULL,YES,NULL
dbo,GoodRxBusinessRulesTemplatev2,LastModified,12,datetime,NULL,NULL,NULL,YES,(getdate())
dbo,GoodRxBusinessRulesTemplatev2,LastModifiedBy,13,varchar,100,NULL,NULL,YES,(suser_name())
dbo,GoodRxBusinessRulesTemplatev2,FileName,14,varchar,250,NULL,NULL,YES,NULL
dbo,GoodRxBusinessRulesTemplatev2,MaxDaySupply,15,int,NULL,10,0,YES,NULL
dbo,GoodRxBusinessRulesTemplatev2,MinDaySupply,16,int,NULL,10,0,YES,NULL
dbo,GoodRxBusinessRulesTemplatev2,PPULogic,17,varchar,20,NULL,NULL,YES,NULL
dbo,GoodRxBusinessRulesTemplatev2,File,18,varchar,200,NULL,NULL,YES,NULL
dbo,GoodRxBusinessRulesTemplatev2_backup20241106,NDCID,1,int,NULL,10,0,NO,NULL
dbo,GoodRxBusinessRulesTemplatev2_backup20241106,NDC,2,char,11,NULL,NULL,YES,NULL
dbo,GoodRxBusinessRulesTemplatev2_backup20241106,BaseQuantity,3,decimal,NULL,18,4,YES,NULL
dbo,GoodRxBusinessRulesTemplatev2_backup20241106,MinQuantity,4,decimal,NULL,18,4,YES,NULL
dbo,GoodRxBusinessRulesTemplatev2_backup20241106,MaxQuantity,5,decimal,NULL,18,4,YES,NULL
dbo,GoodRxBusinessRulesTemplatev2_backup20241106,BrandDiscount,6,decimal,NULL,18,4,YES,NULL
dbo,GoodRxBusinessRulesTemplatev2_backup20241106,FixedCopayAmount,7,decimal,NULL,18,2,YES,NULL
dbo,GoodRxBusinessRulesTemplatev2_backup20241106,FixedDispensingFee,8,decimal,NULL,18,2,YES,NULL
dbo,GoodRxBusinessRulesTemplatev2_backup20241106,EffectiveDate,9,datetime,NULL,NULL,NULL,YES,NULL
dbo,GoodRxBusinessRulesTemplatev2_backup20241106,TermDate,10,datetime,NULL,NULL,NULL,YES,NULL
dbo,GoodRxBusinessRulesTemplatev2_backup20241106,LastModified,11,datetime,NULL,NULL,NULL,YES,(getdate())
dbo,GoodRxBusinessRulesTemplatev2_backup20241106,LastModifiedBy,12,varchar,100,NULL,NULL,YES,(suser_name())
dbo,GoodRxBusinessRulesTemplatev2_backup20241106,FileName,13,varchar,250,NULL,NULL,YES,NULL
dbo,GoodRxBusinessRulesTemplatev2_backup20241106,MaxDaySupply,14,int,NULL,10,0,YES,NULL
dbo,GoodRxBusinessRulesTemplatev2_hold_20250102,NDCID,1,int,NULL,10,0,NO,NULL
dbo,GoodRxBusinessRulesTemplatev2_hold_20250102,NDC,2,char,11,NULL,NULL,YES,NULL
dbo,GoodRxBusinessRulesTemplatev2_hold_20250102,BaseQuantity,3,decimal,NULL,18,4,YES,NULL
dbo,GoodRxBusinessRulesTemplatev2_hold_20250102,MinQuantity,4,decimal,NULL,18,4,YES,NULL
dbo,GoodRxBusinessRulesTemplatev2_hold_20250102,MaxQuantity,5,decimal,NULL,18,4,YES,NULL
dbo,GoodRxBusinessRulesTemplatev2_hold_20250102,BrandDiscount,6,decimal,NULL,18,4,YES,NULL
dbo,GoodRxBusinessRulesTemplatev2_hold_20250102,FixedCopayAmount,7,decimal,NULL,18,2,YES,NULL
dbo,GoodRxBusinessRulesTemplatev2_hold_20250102,FixedDispensingFee,8,decimal,NULL,18,2,YES,NULL
dbo,GoodRxBusinessRulesTemplatev2_hold_20250102,EffectiveDate,9,datetime,NULL,NULL,NULL,YES,NULL
dbo,GoodRxBusinessRulesTemplatev2_hold_20250102,TermDate,10,datetime,NULL,NULL,NULL,YES,NULL
dbo,GoodRxBusinessRulesTemplatev2_hold_20250102,LastModified,11,datetime,NULL,NULL,NULL,YES,(getdate())
dbo,GoodRxBusinessRulesTemplatev2_hold_20250102,LastModifiedBy,12,varchar,100,NULL,NULL,YES,(suser_name())
dbo,GoodRxBusinessRulesTemplatev2_hold_20250102,FileName,13,varchar,250,NULL,NULL,YES,NULL
dbo,GoodRxBusinessRulesTemplatev2_hold_20250102,MaxDaySupply,14,int,NULL,10,0,YES,NULL
dbo,GoodRxBusinessRulesTemplatev2_hold_20250102,MinDaySupply,15,int,NULL,10,0,YES,NULL
dbo,GoodRxBusinessRulesTemplatev2_hold_20250102,PPULogic,16,varchar,20,NULL,NULL,YES,NULL
dbo,GoodRxBusinessRulesTemplatev2_hold_20250102,File,17,varchar,200,NULL,NULL,YES,NULL
dbo,GoodRxBusinessTypeDescriptions,BusinessType,1,int,NULL,10,0,YES,NULL
dbo,GoodRxBusinessTypeDescriptions,Description,2,varchar,100,NULL,NULL,YES,NULL
dbo,GoodRxBusinessTypeDescriptions,RatesTable,3,varchar,50,NULL,NULL,YES,NULL
dbo,GoodRxBusinessTypeDescriptions,PercentCopayFlag,4,nchar,10,NULL,NULL,YES,NULL
dbo,GoodRxBusinessTypeDescriptions,PercentDispensingFeeFlag,5,nchar,10,NULL,NULL,YES,NULL
dbo,GoodRxBusinessTypeDescriptions,FixedCopayFlag,6,nchar,10,NULL,NULL,YES,NULL
dbo,GoodRxBusinessTypeDescriptions,FixedDispensingFeeFlag,7,nchar,10,NULL,NULL,YES,NULL
dbo,GoodRxBusinessTypeDescriptions,LastModified,8,datetime,NULL,NULL,NULL,YES,NULL
dbo,GoodRxBusinessTypeDescriptions,LastModifiedBy,9,varchar,100,NULL,NULL,YES,NULL
dbo,GPI_DATA,GPI,1,char,14,NULL,NULL,NO,NULL
dbo,GPI_DATA,TYPE_CODE,2,char,1,NULL,NULL,YES,NULL
dbo,GPI_DATA,THIRD_PARTY,3,char,1,NULL,NULL,YES,NULL
dbo,GPI_DATA,MAIN_DRUG,4,char,1,NULL,NULL,YES,NULL
dbo,GPI_DATA,GENERIC_CODE,5,char,1,NULL,NULL,YES,NULL
dbo,GPI_DATA,PRODUCT_NAME,6,varchar,60,NULL,NULL,YES,NULL
dbo,GPI_DATA,TRADE_NDC,7,decimal,NULL,12,0,YES,NULL
dbo,GPI_DATA,TRADE_TYPE_CODE,8,int,NULL,10,0,YES,NULL
dbo,GPI_DATA,OTC_CODE,9,char,1,NULL,NULL,YES,NULL
dbo,GPI_DATA,ROUTE_OF_ADMIN,10,char,2,NULL,NULL,YES,NULL
dbo,GPI_DATA,DEA_CLASS,11,char,5,NULL,NULL,YES,NULL
dbo,GPI_DATA,PREVIOUS_GPI,12,char,14,NULL,NULL,YES,NULL
dbo,GPI_DATA,GPI_14_PLACE,13,char,1,NULL,NULL,YES,NULL
dbo,GPI_DATA,PDM_GPI_SWITCH,14,char,1,NULL,NULL,YES,NULL
dbo,GPI_DATA,COMPU04_PATCH,15,char,1,NULL,NULL,YES,NULL
dbo,GPI_DATA,TYPE_CODE_PULL,16,char,1,NULL,NULL,YES,NULL
dbo,GPI_DATA,FIVE_THOU_ONE_SIX_THOU_ONE_FLAG,17,int,NULL,10,0,YES,NULL
dbo,GPI_DATA,NEW_GPI,18,char,14,NULL,NULL,YES,NULL
dbo,GPI_DATA,ADD_SUBTRACT,19,char,1,NULL,NULL,YES,NULL
dbo,GPI_DATA,SECOND_PREVIOUS_GPI,20,char,14,NULL,NULL,YES,NULL
dbo,GPI_DATA,GPI_ADD_DATE,21,datetime,NULL,NULL,NULL,YES,NULL
dbo,GPI_DATA,O_WITH_Y_FOR_MAC,22,char,1,NULL,NULL,YES,NULL
dbo,GPI_DATA,GPI_DESCRIPTION,23,char,60,NULL,NULL,YES,NULL
dbo,GPI_DATA,GPI_DESCRIPTION_10,24,char,60,NULL,NULL,YES,NULL
dbo,GPI_DATA,GPI_DESCRIPTION_2,25,char,60,NULL,NULL,YES,NULL
dbo,GPI_DATA,GPI_2,26,char,2,NULL,NULL,YES,NULL
dbo,GPI_DATA,GPI_10,27,char,10,NULL,NULL,YES,NULL
dbo,GPI_DATA,GPI_11_to_14,28,char,4,NULL,NULL,YES,NULL
dbo,GPI_DATA,GPI_TRADE_DESCR,29,char,25,NULL,NULL,YES,NULL
dbo,GPI_DATA,PROD_DESCR_ABBR,30,char,25,NULL,NULL,YES,NULL
dbo,GPI_DATA,NAME1,31,char,60,NULL,NULL,YES,NULL
dbo,GPI_DATA,NAME2,32,char,60,NULL,NULL,YES,NULL
dbo,GPI_DATA,SS_GEN_TERM_DATE,33,datetime,NULL,NULL,NULL,YES,NULL
dbo,GPI_DATA,FILE_DATE,34,datetime,NULL,NULL,NULL,YES,NULL
dbo,GPI_DATA,MANUAL_DATE,35,datetime,NULL,NULL,NULL,YES,NULL
dbo,GPI_DATA,PURGE_STATUS,36,int,NULL,10,0,YES,NULL
dbo,GPI_DATA,WarehouseLoadDate,37,datetime,NULL,NULL,NULL,YES,NULL
dbo,GPI_DATA,WarehouseChangeDate,38,datetime,NULL,NULL,NULL,YES,NULL
dbo,GPIChange,GPI,1,char,14,NULL,NULL,YES,NULL
dbo,GPIChange,RecCD,2,char,1,NULL,NULL,YES,NULL
dbo,GPIChange,NewGPI,3,char,14,NULL,NULL,YES,NULL
dbo,GPIChange,NewRecCD,4,char,1,NULL,NULL,YES,NULL
dbo,GPIChange,CmpltReplace,5,char,1,NULL,NULL,YES,NULL
dbo,GPIChange,ReasonCDout,6,char,1,NULL,NULL,YES,NULL
dbo,GPIChange,NewGPIName,7,char,60,NULL,NULL,YES,NULL
dbo,GPIChange,EffDate,8,datetime,NULL,NULL,NULL,YES,NULL
dbo,GPIChange,PDMILoadDate,9,datetime,NULL,NULL,NULL,YES,NULL
dbo,GPIChange,YearQuarter,10,int,NULL,10,0,YES,NULL
dbo,GPIGroupBreakdown,GPI,1,varchar,50,NULL,NULL,NO,NULL
dbo,GPIGroupBreakdown,Name,2,varchar,128,NULL,NULL,NO,NULL
dbo,GROUP_DATA,GROUP_NUMBER,1,float,NULL,53,NULL,NO,NULL
dbo,GROUP_DATA,GROUP_NAME,2,char,30,NULL,NULL,YES,NULL
dbo,GROUP_DATA,ALT_GROUP_NUMBER,3,char,20,NULL,NULL,YES,NULL
dbo,GROUP_DATA,SPONSOR_NUMBER,4,int,NULL,10,0,YES,NULL
dbo,GROUP_DATA,SPONSOR_NAME,5,char,30,NULL,NULL,YES,NULL
dbo,GROUP_DATA,SYSTEM_NUMBER,6,int,NULL,10,0,YES,NULL
dbo,GROUP_DATA,SYSTEM_NAME,7,char,30,NULL,NULL,YES,NULL
dbo,GROUP_DATA,SYSTEM_LINK,8,char,10,NULL,NULL,YES,NULL
dbo,GROUP_DATA,GROUP_STREET,9,char,30,NULL,NULL,YES,NULL
dbo,GROUP_DATA,GROUP_ZIP,10,varchar,5,NULL,NULL,YES,NULL
dbo,GROUP_DATA,GROUP_EFF_DATE,11,datetime,NULL,NULL,NULL,YES,NULL
dbo,GROUP_DATA,GROUP_TER_DATE,12,datetime,NULL,NULL,NULL,YES,NULL
dbo,GROUP_DATA,DISP_FEE_DESCRIPTION,13,char,30,NULL,NULL,YES,NULL
dbo,GROUP_DATA,COPAY_DESCRIPTION,14,char,30,NULL,NULL,YES,NULL
dbo,GROUP_DATA,MASTER_GROUP,15,int,NULL,10,0,YES,NULL
dbo,GROUP_DATA,GROUP_BENEFIT_CODE,16,char,16,NULL,NULL,YES,NULL
dbo,GROUP_DATA,GROUP_MASTER_FLAG,17,char,1,NULL,NULL,YES,NULL
dbo,GROUP_DATA,GROUP_BENEFIT_DESCRIPTION,18,char,30,NULL,NULL,YES,NULL
dbo,GROUP_DATA,ODAW1_TC,19,int,NULL,10,0,YES,NULL
dbo,GROUP_DATA,ODAW2_TC,20,int,NULL,10,0,YES,NULL
dbo,GROUP_DATA,GEN_TC,21,int,NULL,10,0,YES,NULL
dbo,GROUP_DATA,NP_TC,22,int,NULL,10,0,YES,NULL
dbo,GROUP_DATA,SINGLE_TC,23,int,NULL,10,0,YES,NULL
dbo,GROUP_DATA,BRAND_TC,24,int,NULL,10,0,YES,NULL
dbo,GROUP_DATA,BC_TC,25,int,NULL,10,0,YES,NULL
dbo,GROUP_DATA,COPAY_NUMBER,26,int,NULL,10,0,YES,NULL
dbo,GROUP_DATA,FORMULARY,27,int,NULL,10,0,YES,NULL
dbo,GROUP_DATA,PLAN_KEY,28,char,16,NULL,NULL,YES,NULL
dbo,GROUP_DATA,SUB_GROUP,29,smallint,NULL,5,0,YES,NULL
dbo,GROUP_DATA,FORMULARY_STRUCTURE,30,char,1,NULL,NULL,YES,NULL
dbo,GROUP_DATA,ACTIVE_SYSTEM,31,char,1,NULL,NULL,YES,NULL
dbo,GROUP_DATA,ODAW1_FIXED,32,decimal,NULL,6,2,YES,NULL
dbo,GROUP_DATA,ODAW1_PCT,33,decimal,NULL,6,4,YES,NULL
dbo,GROUP_DATA,ODAW2_FIXED,34,decimal,NULL,6,2,YES,NULL
dbo,GROUP_DATA,ODAW2_PCT,35,decimal,NULL,6,4,YES,NULL
dbo,GROUP_DATA,GEN_FIXED,36,decimal,NULL,6,2,YES,NULL
dbo,GROUP_DATA,GEN_PCT,37,decimal,NULL,6,4,YES,NULL
dbo,GROUP_DATA,NP_FIXED,38,decimal,NULL,6,2,YES,NULL
dbo,GROUP_DATA,NP_PCT,39,decimal,NULL,6,4,YES,NULL
dbo,GROUP_DATA,SINGLE_FIXED,40,decimal,NULL,6,2,YES,NULL
dbo,GROUP_DATA,SINGLE_PCT,41,decimal,NULL,6,4,YES,NULL
dbo,GROUP_DATA,BRAND_FIXED,42,decimal,NULL,6,2,YES,NULL
dbo,GROUP_DATA,BRAND_PCT,43,decimal,NULL,6,4,YES,NULL
dbo,GROUP_DATA,BC_FIXED,44,decimal,NULL,6,2,YES,NULL
dbo,GROUP_DATA,BC_PCT,45,decimal,NULL,6,4,YES,NULL
dbo,GROUP_DATA,DEPO_TC,46,int,NULL,10,0,YES,NULL
dbo,GROUP_DATA,DEPO_FIXED,47,decimal,NULL,6,2,YES,NULL
dbo,GROUP_DATA,DEPO_PCT,48,decimal,NULL,6,4,YES,NULL
dbo,GROUP_DATA,INJ_TC,49,int,NULL,10,0,YES,NULL
dbo,GROUP_DATA,INJ_FIXED,50,decimal,NULL,6,2,YES,NULL
dbo,GROUP_DATA,INJ_PCT,51,decimal,NULL,6,4,YES,NULL
dbo,GROUP_DATA,SPLIT_TC,52,int,NULL,10,0,YES,NULL
dbo,GROUP_DATA,SPLIT_FIXED,53,decimal,NULL,6,2,YES,NULL
dbo,GROUP_DATA,SPLIT_PCT,54,decimal,NULL,6,4,YES,NULL
dbo,GROUP_DATA,SYS_LINK_DESCRIPTION,55,char,60,NULL,NULL,YES,NULL
dbo,GROUP_DATA,COMP_TC,56,int,NULL,10,0,YES,NULL
dbo,GROUP_DATA,COMP_FIXED,57,decimal,NULL,6,2,YES,NULL
dbo,GROUP_DATA,COMP_PCT,58,decimal,NULL,6,4,YES,NULL
dbo,GROUP_DATA,MULTI_TC,59,int,NULL,10,0,YES,NULL
dbo,GROUP_DATA,MULTI_FIXED,60,decimal,NULL,6,2,YES,NULL
dbo,GROUP_DATA,MULTI_PCT,61,decimal,NULL,6,4,YES,NULL
dbo,GROUP_DATA,NPBC_TC,62,int,NULL,10,0,YES,NULL
dbo,GROUP_DATA,NPBC_FIXED,63,decimal,NULL,6,2,YES,NULL
dbo,GROUP_DATA,NPBC_PCT,64,decimal,NULL,6,4,YES,NULL
dbo,GROUP_DATA,NPDAW1_TC,65,int,NULL,10,0,YES,NULL
dbo,GROUP_DATA,NPDAW1_FIXED,66,decimal,NULL,6,2,YES,NULL
dbo,GROUP_DATA,NPDAW1_PCT,67,decimal,NULL,6,4,YES,NULL
dbo,GROUP_DATA,NPDAW2_TC,68,int,NULL,10,0,YES,NULL
dbo,GROUP_DATA,NPDAW2_FIXED,69,decimal,NULL,6,2,YES,NULL
dbo,GROUP_DATA,NPDAW2_PCT,70,decimal,NULL,6,4,YES,NULL
dbo,GROUP_DATA,NPM_TC,71,int,NULL,10,0,YES,NULL
dbo,GROUP_DATA,NPM_FIXED,72,decimal,NULL,6,2,YES,NULL
dbo,GROUP_DATA,NPM_PCT,73,decimal,NULL,6,4,YES,NULL
dbo,GROUP_DATA,NPN_TC,74,int,NULL,10,0,YES,NULL
dbo,GROUP_DATA,NPN_FIXED,75,decimal,NULL,6,2,YES,NULL
dbo,GROUP_DATA,NPN_PCT,76,decimal,NULL,6,4,YES,NULL
dbo,GROUP_DATA,ODAW3_TC,77,int,NULL,10,0,YES,NULL
dbo,GROUP_DATA,ODAW3_FIXED,78,decimal,NULL,6,2,YES,NULL
dbo,GROUP_DATA,ODAW3_PCT,79,decimal,NULL,6,4,YES,NULL
dbo,GROUP_DATA,DIFF_FLAG,80,char,1,NULL,NULL,YES,NULL
dbo,GROUP_DATA,DIFF_TABLE_1,81,int,NULL,10,0,YES,NULL
dbo,GROUP_DATA,DIFF_EFF_1,82,datetime,NULL,NULL,NULL,YES,NULL
dbo,GROUP_DATA,DIFF_TER_1,83,datetime,NULL,NULL,NULL,YES,NULL
dbo,GROUP_DATA,DIFF_TABLE_2,84,int,NULL,10,0,YES,NULL
dbo,GROUP_DATA,DIFF_EFF_2,85,datetime,NULL,NULL,NULL,YES,NULL
dbo,GROUP_DATA,DIFF_TER_2,86,datetime,NULL,NULL,NULL,YES,NULL
dbo,GROUP_DATA,DIFF_TABLE_3,87,int,NULL,10,0,YES,NULL
dbo,GROUP_DATA,DIFF_EFF_3,88,datetime,NULL,NULL,NULL,YES,NULL
dbo,GROUP_DATA,DIFF_TER_3,89,datetime,NULL,NULL,NULL,YES,NULL
dbo,GROUP_DATA,WAREHOUSE_GRP_POST_DATE,90,datetime,NULL,NULL,NULL,YES,NULL
dbo,GROUP_DATA,SYS_STREET_1,91,varchar,30,NULL,NULL,YES,NULL
dbo,GROUP_DATA,SYS_STREET_2,92,varchar,30,NULL,NULL,YES,NULL
dbo,GROUP_DATA,SYS_CITY,93,varchar,18,NULL,NULL,YES,NULL
dbo,GROUP_DATA,SYS_STATE,94,varchar,2,NULL,NULL,YES,NULL
dbo,GROUP_DATA,SYS_ZIP,95,varchar,5,NULL,NULL,YES,NULL
dbo,GROUP_DATA,SYS_ZIP_4,96,varchar,4,NULL,NULL,YES,NULL
dbo,GROUP_DATA,SPO_STREET_1,97,varchar,24,NULL,NULL,YES,NULL
dbo,GROUP_DATA,SPO_STREET_2,98,varchar,24,NULL,NULL,YES,NULL
dbo,GROUP_DATA,SPO_CITY,99,varchar,18,NULL,NULL,YES,NULL
dbo,GROUP_DATA,SPO_STATE,100,varchar,2,NULL,NULL,YES,NULL
dbo,GROUP_DATA,SPO_ZIP_4,101,varchar,4,NULL,NULL,YES,NULL
dbo,GROUP_DATA,SPO_NO_FINANCIAL,102,varchar,1,NULL,NULL,YES,NULL
dbo,GROUP_DATA,SPO_MAIL_RETAIL_FLAG,103,varchar,1,NULL,NULL,YES,NULL
dbo,GROUP_DATA,GROUP_CITY,104,varchar,18,NULL,NULL,YES,NULL
dbo,GROUP_DATA,GROUP_STATE,105,varchar,2,NULL,NULL,YES,NULL
dbo,GROUP_DATA,SPO_ZIP,106,varchar,5,NULL,NULL,YES,NULL
dbo,GROUP_DATA,AcctType,107,varchar,50,NULL,NULL,YES,NULL
dbo,GROUP_DATA,PURGE_STATUS,108,int,NULL,10,0,YES,NULL
dbo,GROUP_DATA,SYSTEM_T_OFF_CYCLE,109,varchar,1,NULL,NULL,YES,NULL
dbo,GROUP_DATA,PHYSICIAN_CODE_OPTION,110,varchar,1,NULL,NULL,YES,NULL
dbo,GROUP_DATA,DEPENDENT_ELIG_OPTION,111,varchar,1,NULL,NULL,YES,NULL
dbo,GROUP_DATA,VALID_BIRTH_OPTION,112,varchar,1,NULL,NULL,YES,NULL
dbo,GROUP_DATA,CARDHOLDER_NUMBER_FLAG,113,varchar,1,NULL,NULL,YES,NULL
dbo,GROUP_DATA,ACCUM_PROCESS,114,varchar,1,NULL,NULL,YES,NULL
dbo,GROUP_DATA,BROKER,115,varchar,12,NULL,NULL,YES,NULL
dbo,GROUP_DATA,SYSTEM_CLIENT_TYPE,116,varchar,5,NULL,NULL,YES,NULL
dbo,GROUP_DATA,SPONSOR_ACCOUNT_TYPE,117,varchar,10,NULL,NULL,YES,NULL
dbo,GROUP_DATA,IN_PATCH,118,char,1,NULL,NULL,YES,NULL
dbo,GROUP_DATA,ENTRY_DATE,119,datetime,NULL,NULL,NULL,YES,NULL
dbo,GROUP_DATA,CHANGE_DATE,120,datetime,NULL,NULL,NULL,YES,NULL
dbo,GROUP_DATA,NETWORK_1,121,int,NULL,10,0,YES,NULL
dbo,GROUP_DATA,NETWORK_EFFECTIVE_1,122,datetime,NULL,NULL,NULL,YES,NULL
dbo,GROUP_DATA,NETWORK_TERM_1,123,datetime,NULL,NULL,NULL,YES,NULL
dbo,GROUP_DATA,NETWORK_2,124,int,NULL,10,0,YES,NULL
dbo,GROUP_DATA,NETWORK_EFFECTIVE_2,125,datetime,NULL,NULL,NULL,YES,NULL
dbo,GROUP_DATA,NETWORK_TERM_2,126,datetime,NULL,NULL,NULL,YES,NULL
dbo,GROUP_DATA,NETWORK_3,127,int,NULL,10,0,YES,NULL
dbo,GROUP_DATA,NETWORK_EFFECTIVE_3,128,datetime,NULL,NULL,NULL,YES,NULL
dbo,GROUP_DATA,NETWORK_TERM_3,129,datetime,NULL,NULL,NULL,YES,NULL
dbo,GROUP_DATA,NETWORK_4,130,int,NULL,10,0,YES,NULL
dbo,GROUP_DATA,NETWORK_EFFECTIVE_4,131,datetime,NULL,NULL,NULL,YES,NULL
dbo,GROUP_DATA,NETWORK_TERM_4,132,datetime,NULL,NULL,NULL,YES,NULL
dbo,GROUP_DATA,NETWORK_5,133,int,NULL,10,0,YES,NULL
dbo,GROUP_DATA,NETWORK_EFFECTIVE_5,134,datetime,NULL,NULL,NULL,YES,NULL
dbo,GROUP_DATA,NETWORK_TERM_5,135,datetime,NULL,NULL,NULL,YES,NULL
dbo,GROUP_DATA,NETWORK_6,136,int,NULL,10,0,YES,NULL
dbo,GROUP_DATA,NETWORK_EFFECTIVE_6,137,datetime,NULL,NULL,NULL,YES,NULL
dbo,GROUP_DATA,NETWORK_TERM_6,138,datetime,NULL,NULL,NULL,YES,NULL
dbo,GROUP_DATA,NETWORK_7,139,int,NULL,10,0,YES,NULL
dbo,GROUP_DATA,NETWORK_EFFECTIVE_7,140,datetime,NULL,NULL,NULL,YES,NULL
dbo,GROUP_DATA,NETWORK_TERM_7,141,datetime,NULL,NULL,NULL,YES,NULL
dbo,GROUP_DATA,NETWORK_8,142,int,NULL,10,0,YES,NULL
dbo,GROUP_DATA,NETWORK_EFFECTIVE_8,143,datetime,NULL,NULL,NULL,YES,NULL
dbo,GROUP_DATA,NETWORK_TERM_8,144,datetime,NULL,NULL,NULL,YES,NULL
dbo,GROUP_DATA,NETWORK_9,145,int,NULL,10,0,YES,NULL
dbo,GROUP_DATA,NETWORK_EFFECTIVE_9,146,datetime,NULL,NULL,NULL,YES,NULL
dbo,GROUP_DATA,NETWORK_TERM_9,147,datetime,NULL,NULL,NULL,YES,NULL
dbo,GROUP_DATA,NETWORK_10,148,int,NULL,10,0,YES,NULL
dbo,GROUP_DATA,NETWORK_EFFECTIVE_10,149,datetime,NULL,NULL,NULL,YES,NULL
dbo,GROUP_DATA,NETWORK_TERM_10,150,datetime,NULL,NULL,NULL,YES,NULL
dbo,GROUP_DATA,BIRTH_MONTH_FLAG,151,char,2,NULL,NULL,YES,NULL
dbo,GROUP_DATA,MAIL_ORDER_NABP_1,152,int,NULL,10,0,YES,NULL
dbo,GROUP_DATA,MAIL_ORDER_EFF_1,153,datetime,NULL,NULL,NULL,YES,NULL
dbo,GROUP_DATA,MAIL_ORDER_NABP_2,154,int,NULL,10,0,YES,NULL
dbo,GROUP_DATA,MAIL_ORDER_EFF_2,155,datetime,NULL,NULL,NULL,YES,NULL
dbo,GROUP_DATA,MAIL_ORDER_NABP_3,156,int,NULL,10,0,YES,NULL
dbo,GROUP_DATA,MAIL_ORDER_EFF_3,157,datetime,NULL,NULL,NULL,YES,NULL
dbo,GROUP_DATA,DEDUCT_COPAY,158,int,NULL,10,0,YES,NULL
dbo,GROUP_DATA,MAX_COPAY,159,int,NULL,10,0,YES,NULL
dbo,GROUP_DATA,TROOP_COPAY,160,int,NULL,10,0,YES,NULL
dbo,GROUP_DATA,ROLLOVER_DATE_2,161,datetime,NULL,NULL,NULL,YES,NULL
dbo,GROUP_DATA,ROLLOVER_DATE_3,162,datetime,NULL,NULL,NULL,YES,NULL
dbo,GROUP_DATA,ROLLOVER_DATE_4,163,datetime,NULL,NULL,NULL,YES,NULL
dbo,GROUP_DATA,ROLLOVER_DATE_5,164,datetime,NULL,NULL,NULL,YES,NULL
dbo,GROUP_DATA,ROLLOVER_DATE_6,165,datetime,NULL,NULL,NULL,YES,NULL
dbo,GROUP_DATA,ROLLOVER_DATE_7,166,datetime,NULL,NULL,NULL,YES,NULL
dbo,GROUP_DATA,ROLLOVER_DATE_8,167,datetime,NULL,NULL,NULL,YES,NULL
dbo,GROUP_DATA,ROLLOVER_DATE_9,168,datetime,NULL,NULL,NULL,YES,NULL
dbo,GROUP_DATA,ROLLOVER_DATE_10,169,datetime,NULL,NULL,NULL,YES,NULL
dbo,GROUP_DATA,ROLLOVER_DATE_1,170,datetime,NULL,NULL,NULL,YES,NULL
dbo,GROUP_DATA,DISP_FEE_EFF_DATE_1,171,datetime,NULL,NULL,NULL,YES,NULL
dbo,GROUP_DATA,COPAY_EFF_DATE_1,172,datetime,NULL,NULL,NULL,YES,NULL
dbo,GROUP_DATA,COPAY_NUMBER_1,173,int,NULL,10,0,YES,NULL
dbo,GROUP_DATA,COPAY_NUMBER_2,174,int,NULL,10,0,YES,NULL
dbo,GROUP_DATA,PLAN_EFF_DATE_1,175,datetime,NULL,NULL,NULL,YES,NULL
dbo,GROUP_DATA,LIMIT_KIND_1,176,varchar,1,NULL,NULL,YES,NULL
dbo,GROUP_DATA,PLAN_NUMBER_2,177,varchar,8,NULL,NULL,YES,NULL
dbo,GROUP_DATA,LIMIT_KIND_2,178,varchar,1,NULL,NULL,YES,NULL
dbo,GROUP_DATA,PLAN_NAME,179,varchar,30,NULL,NULL,YES,NULL
dbo,GROUP_DATA,MAX_SINGLE,180,decimal,NULL,18,2,YES,NULL
dbo,GROUP_DATA,MAX_FAMILY,181,decimal,NULL,18,2,YES,NULL
dbo,GROUP_DATA,DEDUCT_SINGLE,182,decimal,NULL,18,2,YES,NULL
dbo,GROUP_DATA,DEDUCT_FAMILY,183,decimal,NULL,18,2,YES,NULL
dbo,GROUP_DATA,LIMIT_MONTHS,184,int,NULL,10,0,YES,NULL
dbo,GROUP_DATA,LIMIT_MEMBER,185,int,NULL,10,0,YES,NULL
dbo,GROUP_DATA,GROUP_STREET_2,186,varchar,40,NULL,NULL,YES,NULL
dbo,GROUP_DATA,DEPENDENT_ELIGIBILITY,187,varchar,1,NULL,NULL,YES,NULL
dbo,GROUP_DATA,DEDUCT_COPAY_2,188,int,NULL,10,0,YES,NULL
dbo,GROUP_DATA,MAX_COPAY_2,189,int,NULL,10,0,YES,NULL
dbo,GROUP_DATA,LIMIT_KIND_3,190,varchar,1,NULL,NULL,YES,NULL
dbo,GROUP_DATA,DEDUCT_COPAY_3,191,int,NULL,10,0,YES,NULL
dbo,GROUP_DATA,MAX_COPAY_3,192,int,NULL,10,0,YES,NULL
dbo,GROUP_DATA,LIMIT_KIND_4,193,varchar,1,NULL,NULL,YES,NULL
dbo,GROUP_DATA,DEDUCT_COPAY_4,194,int,NULL,10,0,YES,NULL
dbo,GROUP_DATA,MAX_COPAY_4,195,int,NULL,10,0,YES,NULL
dbo,GROUP_DATA,LIMIT_KIND_5,196,varchar,1,NULL,NULL,YES,NULL
dbo,GROUP_DATA,DEDUCT_COPAY_5,197,int,NULL,10,0,YES,NULL
dbo,GROUP_DATA,MAX_COPAY_5,198,int,NULL,10,0,YES,NULL
dbo,GROUP_DATA,LIMIT_KIND_6,199,varchar,1,NULL,NULL,YES,NULL
dbo,GROUP_DATA,DEDUCT_COPAY_6,200,int,NULL,10,0,YES,NULL
dbo,GROUP_DATA,MAX_COPAY_6,201,int,NULL,10,0,YES,NULL
dbo,GROUP_DATA,LIMIT_KIND_7,202,varchar,1,NULL,NULL,YES,NULL
dbo,GROUP_DATA,DEDUCT_COPAY_7,203,int,NULL,10,0,YES,NULL
dbo,GROUP_DATA,MAX_COPAY_7,204,int,NULL,10,0,YES,NULL
dbo,GROUP_DATA,LIMIT_KIND_8,205,varchar,1,NULL,NULL,YES,NULL
dbo,GROUP_DATA,DEDUCT_COPAY_8,206,int,NULL,10,0,YES,NULL
dbo,GROUP_DATA,MAX_COPAY_8,207,int,NULL,10,0,YES,NULL
dbo,GROUP_DATA,LIMIT_KIND_9,208,varchar,1,NULL,NULL,YES,NULL
dbo,GROUP_DATA,DEDUCT_COPAY_9,209,int,NULL,10,0,YES,NULL
dbo,GROUP_DATA,MAX_COPAY_9,210,int,NULL,10,0,YES,NULL
dbo,GROUP_DATA,LIMIT_KIND_10,211,varchar,1,NULL,NULL,YES,NULL
dbo,GROUP_DATA,DEDUCT_COPAY_10,212,int,NULL,10,0,YES,NULL
dbo,GROUP_DATA,MAX_COPAY_10,213,int,NULL,10,0,YES,NULL
dbo,GROUP_DATA,DEPENDENT_AGE_LIMT_1,214,int,NULL,10,0,YES,NULL
dbo,GROUP_DATA,COLLEGE_AGE_LIMIT_1,215,int,NULL,10,0,YES,NULL
dbo,GROUP_DATA,DISABILITY_AGE_LIMIT_1,216,int,NULL,10,0,YES,NULL
dbo,GROUP_DATA,SPECIAL_AGE_LIMIT_1,217,int,NULL,10,0,YES,NULL
dbo,GROUP_DATA,DEPENDENT_AGE_LIMIT_2,218,int,NULL,10,0,YES,NULL
dbo,GROUP_DATA,COLLEGE_AGE_LIMT_2,219,int,NULL,10,0,YES,NULL
dbo,GROUP_DATA,DISABILITY_AGE_LIMIT_2,220,int,NULL,10,0,YES,NULL
dbo,GROUP_DATA,SPECIAL_AGE_LIMIT_2,221,int,NULL,10,0,YES,NULL
dbo,GROUP_DATA,DEPENDENT_AGE_LIMIT_3,222,int,NULL,10,0,YES,NULL
dbo,GROUP_DATA,COLLEGE_AGE_LIMIT_3,223,int,NULL,10,0,YES,NULL
dbo,GROUP_DATA,DISABILITY_AGE_LIMIT_3,224,int,NULL,10,0,YES,NULL
dbo,GROUP_DATA,SPECIAL_AGE_LIMIT_3,225,int,NULL,10,0,YES,NULL
dbo,GROUP_DATA,NETWORK_NUMBER_90_DAY,226,int,NULL,10,0,YES,NULL
dbo,GROUP_DATA,OPTION_FLAG_90_DAY,227,char,1,NULL,NULL,YES,NULL
dbo,GROUP_DATA,SPONSOR_CHANGE,228,char,15,NULL,NULL,YES,NULL
dbo,GROUP_DATA,AGE_DATE_CYMD_1,229,datetime,NULL,NULL,NULL,YES,NULL
dbo,GROUP_DATA,AGE_DATE_CYMD_2,230,datetime,NULL,NULL,NULL,YES,NULL
dbo,GROUP_DATA,AGE_DATE_CYMD_3,231,datetime,NULL,NULL,NULL,YES,NULL
dbo,GROUP_DATA,AO_CYMD_1,232,datetime,NULL,NULL,NULL,YES,NULL
dbo,GROUP_DATA,AO_NUMBER_1,233,int,NULL,10,0,YES,NULL
dbo,GROUP_DATA,AO_CYMD_2,234,datetime,NULL,NULL,NULL,YES,NULL
dbo,GROUP_DATA,AO_NUMBER_2,235,int,NULL,10,0,YES,NULL
dbo,GROUP_DATA,AO_CYMD_3,236,datetime,NULL,NULL,NULL,YES,NULL
dbo,GROUP_DATA,AO_NUMBER_3,237,int,NULL,10,0,YES,NULL
dbo,GROUP_DATA,AO_CYMD_4,238,datetime,NULL,NULL,NULL,YES,NULL
dbo,GROUP_DATA,AO_NUMBER_4,239,int,NULL,10,0,YES,NULL
dbo,GROUP_DATA,AO_CYMD_5,240,datetime,NULL,NULL,NULL,YES,NULL
dbo,GROUP_DATA,AO_NUMBER_5,241,int,NULL,10,0,YES,NULL
dbo,GROUP_DATA,BACK_BILL_DATE,242,datetime,NULL,NULL,NULL,YES,NULL
dbo,GROUP_DATA,BACK_BILL_TYP_CODE,243,char,1,NULL,NULL,YES,NULL
dbo,GROUP_DATA,CARD_FLAG,244,char,8,NULL,NULL,YES,NULL
dbo,GROUP_DATA,CARDS_SINGLE,245,int,NULL,10,0,YES,NULL
dbo,GROUP_DATA,CARDS_FAMILY,246,int,NULL,10,0,YES,NULL
dbo,GROUP_DATA,DISP_FEE_EFF_DATE_2,247,datetime,NULL,NULL,NULL,YES,NULL
dbo,GROUP_DATA,DISP_FEE_EFF_DATE_3,248,datetime,NULL,NULL,NULL,YES,NULL
dbo,GROUP_DATA,DISP_SCHEDULE_NUMBER_1,249,int,NULL,10,0,YES,NULL
dbo,GROUP_DATA,DISP_SCHEDULE_NUMBER_2,250,int,NULL,10,0,YES,NULL
dbo,GROUP_DATA,DISP_SCHEDULE_NUMBER_3,251,int,NULL,10,0,YES,NULL
dbo,GROUP_DATA,DRUG_DETAIL_FLAG,252,char,1,NULL,NULL,YES,NULL
dbo,GROUP_DATA,PA_PHONE,253,char,21,NULL,NULL,YES,NULL
dbo,GROUP_DATA,PERIOD_ENDING_DATE,254,datetime,NULL,NULL,NULL,YES,NULL
dbo,GROUP_DATA,SUB_FLAG,255,char,1,NULL,NULL,YES,NULL
dbo,GROUP_DATA,TROOP_COPAY_2,256,int,NULL,10,0,YES,NULL
dbo,GROUP_DATA,TROOP_COPAY_3,257,int,NULL,10,0,YES,NULL
dbo,GROUP_DATA,TROOP_EFF_DATE_1,258,datetime,NULL,NULL,NULL,YES,NULL
dbo,GROUP_DATA,TROOP_EFF_DATE_2,259,datetime,NULL,NULL,NULL,YES,NULL
dbo,GROUP_DATA,TROOP_EFF_DATE_3,260,datetime,NULL,NULL,NULL,YES,NULL
dbo,GROUP_DATA,YEAR_ROLL_DATE_1,261,datetime,NULL,NULL,NULL,YES,NULL
dbo,GROUP_DATA,YEAR_ROLL_DATE_2,262,datetime,NULL,NULL,NULL,YES,NULL
dbo,GROUP_DATA,YEAR_ROLL_DATE_3,263,datetime,NULL,NULL,NULL,YES,NULL
dbo,GROUP_DATA,COPAY_EFF_2,264,datetime,NULL,NULL,NULL,YES,NULL
dbo,GROUP_DATA,COPAY_EFF_3,265,datetime,NULL,NULL,NULL,YES,NULL
dbo,GROUP_DATA,COPAY_EFF_4,266,datetime,NULL,NULL,NULL,YES,NULL
dbo,GROUP_DATA,COPAY_EFF_5,267,datetime,NULL,NULL,NULL,YES,NULL
dbo,GROUP_DATA,COPAY_EFF_6,268,datetime,NULL,NULL,NULL,YES,NULL
dbo,GROUP_DATA,COPAY_EFF_7,269,datetime,NULL,NULL,NULL,YES,NULL
dbo,GROUP_DATA,COPAY_EFF_8,270,datetime,NULL,NULL,NULL,YES,NULL
dbo,GROUP_DATA,COPAY_EFF_9,271,datetime,NULL,NULL,NULL,YES,NULL
dbo,GROUP_DATA,COPAY_EFF_10,272,datetime,NULL,NULL,NULL,YES,NULL
dbo,GROUP_DATA,COPAY_NUM_3,273,int,NULL,10,0,YES,NULL
dbo,GROUP_DATA,COPAY_NUM_4,274,int,NULL,10,0,YES,NULL
dbo,GROUP_DATA,COPAY_NUM_5,275,int,NULL,10,0,YES,NULL
dbo,GROUP_DATA,COPAY_NUM_6,276,int,NULL,10,0,YES,NULL
dbo,GROUP_DATA,COPAY_NUM_7,277,int,NULL,10,0,YES,NULL
dbo,GROUP_DATA,COPAY_NUM_8,278,int,NULL,10,0,YES,NULL
dbo,GROUP_DATA,COPAY_NUM_9,279,int,NULL,10,0,YES,NULL
dbo,GROUP_DATA,COPAY_NUM_10,280,int,NULL,10,0,YES,NULL
dbo,GROUP_DATA,POS_TIP,281,char,1,NULL,NULL,YES,NULL
dbo,GROUP_DATA,DS_TERM_LOGIC,282,char,1,NULL,NULL,YES,NULL
dbo,GROUP_DATA,ADM_EFF_DATE_1,283,datetime,NULL,NULL,NULL,YES,NULL
dbo,GROUP_DATA,ADM_SCHEDULE_NUMBER_1,284,int,NULL,10,0,YES,NULL
dbo,GROUP_DATA,ADM_EFF_DATE_2,285,datetime,NULL,NULL,NULL,YES,NULL
dbo,GROUP_DATA,ADM_SCHEDULE_NUMBER_2,286,int,NULL,10,0,YES,NULL
dbo,GROUP_DATA,ADM_EFF_DATE_3,287,datetime,NULL,NULL,NULL,YES,NULL
dbo,GROUP_DATA,ADM_SCHEDULE_NUMBER_3,288,int,NULL,10,0,YES,NULL
dbo,GROUP_DATA,ADM_EFF_DATE_4,289,datetime,NULL,NULL,NULL,YES,NULL
dbo,GROUP_DATA,ADM_SCHEDULE_NUMBER_4,290,int,NULL,10,0,YES,NULL
dbo,GROUP_DATA,ADM_EFF_DATE_5,291,datetime,NULL,NULL,NULL,YES,NULL
dbo,GROUP_DATA,ADM_SCHEDULE_NUMBER_5,292,int,NULL,10,0,YES,NULL
dbo,GROUP_DATA,TC_ZIP_FLAG,293,char,1,NULL,NULL,YES,NULL
dbo,GROUP_DATA,BROKER_NUMBER_1,294,varchar,4,NULL,NULL,YES,NULL
dbo,GROUP_DATA,BROKER_EFF_DATE_1,295,datetime,NULL,NULL,NULL,YES,NULL
dbo,GROUP_DATA,BROKER_NUMBER_2,296,varchar,4,NULL,NULL,YES,NULL
dbo,GROUP_DATA,BROKER_EFF_DATE_2,297,datetime,NULL,NULL,NULL,YES,NULL
dbo,GROUP_DATA,BROKER_NUMBER_3,298,varchar,4,NULL,NULL,YES,NULL
dbo,GROUP_DATA,BROKER_EFF_DATE_3,299,datetime,NULL,NULL,NULL,YES,NULL
dbo,GROUP_DATA,HOSPICE_FLAG,300,char,1,NULL,NULL,YES,NULL
dbo,GROUP_DATA,GOVT_REJECT,301,char,1,NULL,NULL,YES,NULL
dbo,GROUP_DATA,MEDICAL_INB_ACCUM_FLAG,302,char,1,NULL,NULL,YES,NULL
dbo,GROUP_DATA,OPTIMAL_MAC_FLAG,303,char,1,NULL,NULL,YES,NULL
dbo,GROUP_DATA,SPONSOR_TPA,304,char,4,NULL,NULL,YES,NULL
dbo,GROUP_DATA,WarehouseLoadDate,305,datetime,NULL,NULL,NULL,YES,NULL
dbo,GROUP_DATA,WarehouseChangeDate,306,datetime,NULL,NULL,NULL,YES,NULL
dbo,GROUP_DATA,PPAP_NONGUAR_FUND,307,char,1,NULL,NULL,YES,NULL
dbo,GROUP_DATA,MASTER_GROUP_NAME,308,varchar,30,NULL,NULL,YES,NULL
dbo,GROUP_DATA,SCTransDate,309,datetime,NULL,NULL,NULL,YES,NULL
dbo,GROUP_DATA,Zip4,310,int,NULL,10,0,YES,NULL
dbo,GROUP_DATA,PlanEffDate2,311,datetime,NULL,NULL,NULL,YES,NULL
dbo,GROUP_DATA,PlanEffDate3,312,datetime,NULL,NULL,NULL,YES,NULL
dbo,GROUP_DATA,PlanNumber3,313,varchar,8,NULL,NULL,YES,NULL
dbo,GROUP_DATA,PlanEffDate4,314,datetime,NULL,NULL,NULL,YES,NULL
dbo,GROUP_DATA,PlanNumber4,315,varchar,8,NULL,NULL,YES,NULL
dbo,GROUP_DATA,PlanEffDate5,316,datetime,NULL,NULL,NULL,YES,NULL
dbo,GROUP_DATA,PlanNumber5,317,varchar,8,NULL,NULL,YES,NULL
dbo,GROUP_DATA,PlanEffDate6,318,datetime,NULL,NULL,NULL,YES,NULL
dbo,GROUP_DATA,PlanNumber6,319,varchar,8,NULL,NULL,YES,NULL
dbo,GROUP_DATA,PlanEffDate7,320,datetime,NULL,NULL,NULL,YES,NULL
dbo,GROUP_DATA,PlanNumber7,321,varchar,8,NULL,NULL,YES,NULL
dbo,GROUP_DATA,PlanEffDate8,322,datetime,NULL,NULL,NULL,YES,NULL
dbo,GROUP_DATA,PlanNumber8,323,varchar,8,NULL,NULL,YES,NULL
dbo,GROUP_DATA,PlanEffDate9,324,datetime,NULL,NULL,NULL,YES,NULL
dbo,GROUP_DATA,PlanNumber9,325,varchar,8,NULL,NULL,YES,NULL
dbo,GROUP_DATA,PlanEffDate10,326,datetime,NULL,NULL,NULL,YES,NULL
dbo,GROUP_DATA,PlanNumber10,327,varchar,8,NULL,NULL,YES,NULL
dbo,GROUP_DATA,RolloverDate11,328,datetime,NULL,NULL,NULL,YES,NULL
dbo,GROUP_DATA,RolloverDate12,329,datetime,NULL,NULL,NULL,YES,NULL
dbo,GROUP_DATA,RolloverDate13,330,datetime,NULL,NULL,NULL,YES,NULL
dbo,GROUP_DATA,RolloverDate14,331,datetime,NULL,NULL,NULL,YES,NULL
dbo,GROUP_DATA,RolloverDate15,332,datetime,NULL,NULL,NULL,YES,NULL
dbo,GROUP_DATA,RolloverDate16,333,datetime,NULL,NULL,NULL,YES,NULL
dbo,GROUP_DATA,RolloverDate17,334,datetime,NULL,NULL,NULL,YES,NULL
dbo,GROUP_DATA,RolloverDate18,335,datetime,NULL,NULL,NULL,YES,NULL
dbo,GROUP_DATA,BenefitCode2,336,char,16,NULL,NULL,YES,NULL
dbo,GROUP_DATA,BenefitCode3,337,char,16,NULL,NULL,YES,NULL
dbo,GROUP_DATA,BenefitCode4,338,char,16,NULL,NULL,YES,NULL
dbo,GROUP_DATA,BenefitCode5,339,char,16,NULL,NULL,YES,NULL
dbo,GROUP_DATA,COBFeeFlag,340,char,1,NULL,NULL,YES,NULL
dbo,GROUP_DATA,AddID,341,varchar,15,NULL,NULL,YES,NULL
dbo,GROUP_DATA,ChangeID,342,varchar,15,NULL,NULL,YES,NULL
dbo,GROUP_DATA,Flag340B,343,char,1,NULL,NULL,YES,NULL
dbo,GROUP_DATA,LastNameCheck,344,char,1,NULL,NULL,YES,NULL
dbo,GROUP_DATA,PlanNumber1,345,varchar,8,NULL,NULL,YES,NULL
dbo,GROUP_DATA,StateCompSource,346,char,1,NULL,NULL,YES,NULL
dbo,GROUP_DATA,Reject260Flag,347,char,1,NULL,NULL,YES,NULL
dbo,GROUP_DATA,GrpToGrpXWalk,348,char,1,NULL,NULL,YES,NULL
dbo,GROUP_DATA_2009,GROUP_NUMBER,1,float,NULL,53,NULL,NO,NULL
dbo,GROUP_DATA_2009,GROUP_NAME,2,char,30,NULL,NULL,YES,NULL
dbo,GROUP_DATA_2009,ALT_GROUP_NUMBER,3,char,12,NULL,NULL,YES,NULL
dbo,GROUP_DATA_2009,SPONSOR_NUMBER,4,int,NULL,10,0,YES,NULL
dbo,GROUP_DATA_2009,SPONSOR_NAME,5,char,30,NULL,NULL,YES,NULL
dbo,GROUP_DATA_2009,SYSTEM_NUMBER,6,int,NULL,10,0,YES,NULL
dbo,GROUP_DATA_2009,SYSTEM_NAME,7,char,30,NULL,NULL,YES,NULL
dbo,GROUP_DATA_2009,SYSTEM_LINK,8,char,10,NULL,NULL,YES,NULL
dbo,GROUP_DATA_2009,GROUP_STREET,9,char,30,NULL,NULL,YES,NULL
dbo,GROUP_DATA_2009,GROUP_ZIP,10,int,NULL,10,0,YES,NULL
dbo,GROUP_DATA_2009,GROUP_EFF_DATE,11,datetime,NULL,NULL,NULL,YES,NULL
dbo,GROUP_DATA_2009,GROUP_TER_DATE,12,datetime,NULL,NULL,NULL,YES,NULL
dbo,GROUP_DATA_2009,DISP_FEE_DESCRIPTION,13,char,30,NULL,NULL,YES,NULL
dbo,GROUP_DATA_2009,COPAY_DESCRIPTION,14,char,30,NULL,NULL,YES,NULL
dbo,GROUP_DATA_2009,MASTER_GROUP,15,int,NULL,10,0,YES,NULL
dbo,GROUP_DATA_2009,GROUP_BENEFIT_CODE,16,char,16,NULL,NULL,YES,NULL
dbo,GROUP_DATA_2009,GROUP_MASTER_FLAG,17,char,1,NULL,NULL,YES,NULL
dbo,GROUP_DATA_2009,GROUP_BENEFIT_DESCRIPTION,18,char,30,NULL,NULL,YES,NULL
dbo,GROUP_DATA_2009,ODAW1_TC,19,int,NULL,10,0,YES,NULL
dbo,GROUP_DATA_2009,ODAW2_TC,20,int,NULL,10,0,YES,NULL
dbo,GROUP_DATA_2009,GEN_TC,21,int,NULL,10,0,YES,NULL
dbo,GROUP_DATA_2009,NP_TC,22,int,NULL,10,0,YES,NULL
dbo,GROUP_DATA_2009,SINGLE_TC,23,int,NULL,10,0,YES,NULL
dbo,GROUP_DATA_2009,BRAND_TC,24,int,NULL,10,0,YES,NULL
dbo,GROUP_DATA_2009,BC_TC,25,int,NULL,10,0,YES,NULL
dbo,GROUP_DATA_2009,COPAY_NUMBER,26,int,NULL,10,0,YES,NULL
dbo,GROUP_DATA_2009,FORMULARY,27,smallint,NULL,5,0,YES,NULL
dbo,GROUP_DATA_2009,PLAN_KEY,28,char,8,NULL,NULL,YES,NULL
dbo,GROUP_DATA_2009,SUB_GROUP,29,smallint,NULL,5,0,YES,NULL
dbo,GROUP_DATA_2009,FORMULARY_STRUCTURE,30,char,1,NULL,NULL,YES,NULL
dbo,GROUP_DATA_2009,ACTIVE_SYSTEM,31,char,1,NULL,NULL,YES,NULL
dbo,GROUP_DATA_2009,ODAW1_FIXED,32,decimal,NULL,6,2,YES,NULL
dbo,GROUP_DATA_2009,ODAW1_PCT,33,decimal,NULL,6,4,YES,NULL
dbo,GROUP_DATA_2009,ODAW2_FIXED,34,decimal,NULL,6,2,YES,NULL
dbo,GROUP_DATA_2009,ODAW2_PCT,35,decimal,NULL,6,4,YES,NULL
dbo,GROUP_DATA_2009,GEN_FIXED,36,decimal,NULL,6,2,YES,NULL
dbo,GROUP_DATA_2009,GEN_PCT,37,decimal,NULL,6,4,YES,NULL
dbo,GROUP_DATA_2009,NP_FIXED,38,decimal,NULL,6,2,YES,NULL
dbo,GROUP_DATA_2009,NP_PCT,39,decimal,NULL,6,4,YES,NULL
dbo,GROUP_DATA_2009,SINGLE_FIXED,40,decimal,NULL,6,2,YES,NULL
dbo,GROUP_DATA_2009,SINGLE_PCT,41,decimal,NULL,6,4,YES,NULL
dbo,GROUP_DATA_2009,BRAND_FIXED,42,decimal,NULL,6,2,YES,NULL
dbo,GROUP_DATA_2009,BRAND_PCT,43,decimal,NULL,6,4,YES,NULL
dbo,GROUP_DATA_2009,BC_FIXED,44,decimal,NULL,6,2,YES,NULL
dbo,GROUP_DATA_2009,BC_PCT,45,decimal,NULL,6,4,YES,NULL
dbo,GROUP_DATA_2009,DEPO_TC,46,int,NULL,10,0,YES,NULL
dbo,GROUP_DATA_2009,DEPO_FIXED,47,decimal,NULL,6,2,YES,NULL
dbo,GROUP_DATA_2009,DEPO_PCT,48,decimal,NULL,6,4,YES,NULL
dbo,GROUP_DATA_2009,INJ_TC,49,int,NULL,10,0,YES,NULL
dbo,GROUP_DATA_2009,INJ_FIXED,50,decimal,NULL,6,2,YES,NULL
dbo,GROUP_DATA_2009,INJ_PCT,51,decimal,NULL,6,4,YES,NULL
dbo,GROUP_DATA_2009,SPLIT_TC,52,int,NULL,10,0,YES,NULL
dbo,GROUP_DATA_2009,SPLIT_FIXED,53,decimal,NULL,6,2,YES,NULL
dbo,GROUP_DATA_2009,SPLIT_PCT,54,decimal,NULL,6,4,YES,NULL
dbo,GROUP_DATA_2009,SYS_LINK_DESCRIPTION,55,char,60,NULL,NULL,YES,NULL
dbo,GROUP_DATA_2009,COMP_TC,56,int,NULL,10,0,YES,NULL
dbo,GROUP_DATA_2009,COMP_FIXED,57,decimal,NULL,6,2,YES,NULL
dbo,GROUP_DATA_2009,COMP_PCT,58,decimal,NULL,6,4,YES,NULL
dbo,GROUP_DATA_2009,MULTI_TC,59,int,NULL,10,0,YES,NULL
dbo,GROUP_DATA_2009,MULTI_FIXED,60,decimal,NULL,6,2,YES,NULL
dbo,GROUP_DATA_2009,MULTI_PCT,61,decimal,NULL,6,4,YES,NULL
dbo,GROUP_DATA_2009,NPBC_TC,62,int,NULL,10,0,YES,NULL
dbo,GROUP_DATA_2009,NPBC_FIXED,63,decimal,NULL,6,2,YES,NULL
dbo,GROUP_DATA_2009,NPBC_PCT,64,decimal,NULL,6,4,YES,NULL
dbo,GROUP_DATA_2009,NPDAW1_TC,65,int,NULL,10,0,YES,NULL
dbo,GROUP_DATA_2009,NPDAW1_FIXED,66,decimal,NULL,6,2,YES,NULL
dbo,GROUP_DATA_2009,NPDAW1_PCT,67,decimal,NULL,6,4,YES,NULL
dbo,GROUP_DATA_2009,NPDAW2_TC,68,int,NULL,10,0,YES,NULL
dbo,GROUP_DATA_2009,NPDAW2_FIXED,69,decimal,NULL,6,2,YES,NULL
dbo,GROUP_DATA_2009,NPDAW2_PCT,70,decimal,NULL,6,4,YES,NULL
dbo,GROUP_DATA_2009,NPM_TC,71,int,NULL,10,0,YES,NULL
dbo,GROUP_DATA_2009,NPM_FIXED,72,decimal,NULL,6,2,YES,NULL
dbo,GROUP_DATA_2009,NPM_PCT,73,decimal,NULL,6,4,YES,NULL
dbo,GROUP_DATA_2009,NPN_TC,74,int,NULL,10,0,YES,NULL
dbo,GROUP_DATA_2009,NPN_FIXED,75,decimal,NULL,6,2,YES,NULL
dbo,GROUP_DATA_2009,NPN_PCT,76,decimal,NULL,6,4,YES,NULL
dbo,GROUP_DATA_2009,ODAW3_TC,77,int,NULL,10,0,YES,NULL
dbo,GROUP_DATA_2009,ODAW3_FIXED,78,decimal,NULL,6,2,YES,NULL
dbo,GROUP_DATA_2009,ODAW3_PCT,79,decimal,NULL,6,4,YES,NULL
dbo,GROUP_DATA_2009,DIFF_FLAG,80,char,1,NULL,NULL,YES,NULL
dbo,GROUP_DATA_2009,DIFF_TABLE_1,81,int,NULL,10,0,YES,NULL
dbo,GROUP_DATA_2009,DIFF_EFF_1,82,datetime,NULL,NULL,NULL,YES,NULL
dbo,GROUP_DATA_2009,DIFF_TER_1,83,datetime,NULL,NULL,NULL,YES,NULL
dbo,GROUP_DATA_2009,DIFF_TABLE_2,84,int,NULL,10,0,YES,NULL
dbo,GROUP_DATA_2009,DIFF_EFF_2,85,datetime,NULL,NULL,NULL,YES,NULL
dbo,GROUP_DATA_2009,DIFF_TER_2,86,datetime,NULL,NULL,NULL,YES,NULL
dbo,GROUP_DATA_2009,DIFF_TABLE_3,87,int,NULL,10,0,YES,NULL
dbo,GROUP_DATA_2009,DIFF_EFF_3,88,datetime,NULL,NULL,NULL,YES,NULL
dbo,GROUP_DATA_2009,DIFF_TER_3,89,datetime,NULL,NULL,NULL,YES,NULL
dbo,GROUP_DATA_2009,WAREHOUSE_GRP_POST_DATE,90,datetime,NULL,NULL,NULL,YES,NULL
dbo,GROUP_DATA_2009,SYS_STREET_1,91,varchar,30,NULL,NULL,YES,NULL
dbo,GROUP_DATA_2009,SYS_STREET_2,92,varchar,30,NULL,NULL,YES,NULL
dbo,GROUP_DATA_2009,SYS_CITY,93,varchar,18,NULL,NULL,YES,NULL
dbo,GROUP_DATA_2009,SYS_STATE,94,varchar,2,NULL,NULL,YES,NULL
dbo,GROUP_DATA_2009,SYS_ZIP,95,varchar,5,NULL,NULL,YES,NULL
dbo,GROUP_DATA_2009,SYS_ZIP_4,96,varchar,4,NULL,NULL,YES,NULL
dbo,GROUP_DATA_2009,SPO_STREET_1,97,varchar,24,NULL,NULL,YES,NULL
dbo,GROUP_DATA_2009,SPO_STREET_2,98,varchar,24,NULL,NULL,YES,NULL
dbo,GROUP_DATA_2009,SPO_CITY,99,varchar,18,NULL,NULL,YES,NULL
dbo,GROUP_DATA_2009,SPO_STATE,100,varchar,2,NULL,NULL,YES,NULL
dbo,GROUP_DATA_2009,SPO_ZIP_4,101,varchar,4,NULL,NULL,YES,NULL
dbo,GROUP_DATA_2009,SPO_NO_FINANCIAL,102,varchar,1,NULL,NULL,YES,NULL
dbo,GROUP_DATA_2009,SPO_MAIL_RETAIL_FLAG,103,varchar,1,NULL,NULL,YES,NULL
dbo,GROUP_DATA_2009,GROUP_CITY,104,varchar,18,NULL,NULL,YES,NULL
dbo,GROUP_DATA_2009,GROUP_STATE,105,varchar,2,NULL,NULL,YES,NULL
dbo,GROUP_DATA_2009,SPO_ZIP,106,varchar,5,NULL,NULL,YES,NULL
dbo,GROUP_DATA_2009,AcctType,107,varchar,50,NULL,NULL,YES,NULL
dbo,GROUP_DATA_2009,PURGE_STATUS,108,int,NULL,10,0,YES,NULL
dbo,GROUP_DATA_2009,SYSTEM_T_OFF_CYCLE,109,varchar,1,NULL,NULL,YES,NULL
dbo,GROUP_DATA_2009,PHYSICIAN_CODE_OPTION,110,varchar,1,NULL,NULL,YES,NULL
dbo,GROUP_DATA_2009,DEPENDENT_ELIG_OPTION,111,varchar,1,NULL,NULL,YES,NULL
dbo,GROUP_DATA_2009,VALID_BIRTH_OPTION,112,varchar,1,NULL,NULL,YES,NULL
dbo,GROUP_DATA_2009,CARDHOLDER_NUMBER_FLAG,113,varchar,1,NULL,NULL,YES,NULL
dbo,GROUP_DATA_2009,ACCUM_PROCESS,114,varchar,1,NULL,NULL,YES,NULL
dbo,GROUP_DATA_2009,BROKER,115,varchar,12,NULL,NULL,YES,NULL
dbo,GROUP_DATA_2009,SYSTEM_CLIENT_TYPE,116,varchar,5,NULL,NULL,YES,NULL
dbo,GROUP_DATA_2009,SPONSOR_ACCOUNT_TYPE,117,varchar,10,NULL,NULL,YES,NULL
dbo,GROUP_DATA_2009,IN_PATCH,118,char,1,NULL,NULL,YES,NULL
dbo,GROUP_DATA_2009,ENTRY_DATE,119,datetime,NULL,NULL,NULL,YES,NULL
dbo,GROUP_DATA_2009,CHANGE_DATE,120,datetime,NULL,NULL,NULL,YES,NULL
dbo,GROUP_DATA_2010,GROUP_NUMBER,1,float,NULL,53,NULL,NO,NULL
dbo,GROUP_DATA_2010,GROUP_NAME,2,char,30,NULL,NULL,YES,NULL
dbo,GROUP_DATA_2010,ALT_GROUP_NUMBER,3,char,12,NULL,NULL,YES,NULL
dbo,GROUP_DATA_2010,SPONSOR_NUMBER,4,int,NULL,10,0,YES,NULL
dbo,GROUP_DATA_2010,SPONSOR_NAME,5,char,30,NULL,NULL,YES,NULL
dbo,GROUP_DATA_2010,SYSTEM_NUMBER,6,int,NULL,10,0,YES,NULL
dbo,GROUP_DATA_2010,SYSTEM_NAME,7,char,30,NULL,NULL,YES,NULL
dbo,GROUP_DATA_2010,SYSTEM_LINK,8,char,10,NULL,NULL,YES,NULL
dbo,GROUP_DATA_2010,GROUP_STREET,9,char,30,NULL,NULL,YES,NULL
dbo,GROUP_DATA_2010,GROUP_ZIP,10,int,NULL,10,0,YES,NULL
dbo,GROUP_DATA_2010,GROUP_EFF_DATE,11,datetime,NULL,NULL,NULL,YES,NULL
dbo,GROUP_DATA_2010,GROUP_TER_DATE,12,datetime,NULL,NULL,NULL,YES,NULL
dbo,GROUP_DATA_2010,DISP_FEE_DESCRIPTION,13,char,30,NULL,NULL,YES,NULL
dbo,GROUP_DATA_2010,COPAY_DESCRIPTION,14,char,30,NULL,NULL,YES,NULL
dbo,GROUP_DATA_2010,MASTER_GROUP,15,int,NULL,10,0,YES,NULL
dbo,GROUP_DATA_2010,GROUP_BENEFIT_CODE,16,char,16,NULL,NULL,YES,NULL
dbo,GROUP_DATA_2010,GROUP_MASTER_FLAG,17,char,1,NULL,NULL,YES,NULL
dbo,GROUP_DATA_2010,GROUP_BENEFIT_DESCRIPTION,18,char,30,NULL,NULL,YES,NULL
dbo,GROUP_DATA_2010,ODAW1_TC,19,int,NULL,10,0,YES,NULL
dbo,GROUP_DATA_2010,ODAW2_TC,20,int,NULL,10,0,YES,NULL
dbo,GROUP_DATA_2010,GEN_TC,21,int,NULL,10,0,YES,NULL
dbo,GROUP_DATA_2010,NP_TC,22,int,NULL,10,0,YES,NULL
dbo,GROUP_DATA_2010,SINGLE_TC,23,int,NULL,10,0,YES,NULL
dbo,GROUP_DATA_2010,BRAND_TC,24,int,NULL,10,0,YES,NULL
dbo,GROUP_DATA_2010,BC_TC,25,int,NULL,10,0,YES,NULL
dbo,GROUP_DATA_2010,COPAY_NUMBER,26,int,NULL,10,0,YES,NULL
dbo,GROUP_DATA_2010,FORMULARY,27,smallint,NULL,5,0,YES,NULL
dbo,GROUP_DATA_2010,PLAN_KEY,28,char,8,NULL,NULL,YES,NULL
dbo,GROUP_DATA_2010,SUB_GROUP,29,smallint,NULL,5,0,YES,NULL
dbo,GROUP_DATA_2010,FORMULARY_STRUCTURE,30,char,1,NULL,NULL,YES,NULL
dbo,GROUP_DATA_2010,ACTIVE_SYSTEM,31,char,1,NULL,NULL,YES,NULL
dbo,GROUP_DATA_2010,ODAW1_FIXED,32,decimal,NULL,6,2,YES,NULL
dbo,GROUP_DATA_2010,ODAW1_PCT,33,decimal,NULL,6,4,YES,NULL
dbo,GROUP_DATA_2010,ODAW2_FIXED,34,decimal,NULL,6,2,YES,NULL
dbo,GROUP_DATA_2010,ODAW2_PCT,35,decimal,NULL,6,4,YES,NULL
dbo,GROUP_DATA_2010,GEN_FIXED,36,decimal,NULL,6,2,YES,NULL
dbo,GROUP_DATA_2010,GEN_PCT,37,decimal,NULL,6,4,YES,NULL
dbo,GROUP_DATA_2010,NP_FIXED,38,decimal,NULL,6,2,YES,NULL
dbo,GROUP_DATA_2010,NP_PCT,39,decimal,NULL,6,4,YES,NULL
dbo,GROUP_DATA_2010,SINGLE_FIXED,40,decimal,NULL,6,2,YES,NULL
dbo,GROUP_DATA_2010,SINGLE_PCT,41,decimal,NULL,6,4,YES,NULL
dbo,GROUP_DATA_2010,BRAND_FIXED,42,decimal,NULL,6,2,YES,NULL
dbo,GROUP_DATA_2010,BRAND_PCT,43,decimal,NULL,6,4,YES,NULL
dbo,GROUP_DATA_2010,BC_FIXED,44,decimal,NULL,6,2,YES,NULL
dbo,GROUP_DATA_2010,BC_PCT,45,decimal,NULL,6,4,YES,NULL
dbo,GROUP_DATA_2010,DEPO_TC,46,int,NULL,10,0,YES,NULL
dbo,GROUP_DATA_2010,DEPO_FIXED,47,decimal,NULL,6,2,YES,NULL
dbo,GROUP_DATA_2010,DEPO_PCT,48,decimal,NULL,6,4,YES,NULL
dbo,GROUP_DATA_2010,INJ_TC,49,int,NULL,10,0,YES,NULL
dbo,GROUP_DATA_2010,INJ_FIXED,50,decimal,NULL,6,2,YES,NULL
dbo,GROUP_DATA_2010,INJ_PCT,51,decimal,NULL,6,4,YES,NULL
dbo,GROUP_DATA_2010,SPLIT_TC,52,int,NULL,10,0,YES,NULL
dbo,GROUP_DATA_2010,SPLIT_FIXED,53,decimal,NULL,6,2,YES,NULL
dbo,GROUP_DATA_2010,SPLIT_PCT,54,decimal,NULL,6,4,YES,NULL
dbo,GROUP_DATA_2010,SYS_LINK_DESCRIPTION,55,char,60,NULL,NULL,YES,NULL
dbo,GROUP_DATA_2010,COMP_TC,56,int,NULL,10,0,YES,NULL
dbo,GROUP_DATA_2010,COMP_FIXED,57,decimal,NULL,6,2,YES,NULL
dbo,GROUP_DATA_2010,COMP_PCT,58,decimal,NULL,6,4,YES,NULL
dbo,GROUP_DATA_2010,MULTI_TC,59,int,NULL,10,0,YES,NULL
dbo,GROUP_DATA_2010,MULTI_FIXED,60,decimal,NULL,6,2,YES,NULL
dbo,GROUP_DATA_2010,MULTI_PCT,61,decimal,NULL,6,4,YES,NULL
dbo,GROUP_DATA_2010,NPBC_TC,62,int,NULL,10,0,YES,NULL
dbo,GROUP_DATA_2010,NPBC_FIXED,63,decimal,NULL,6,2,YES,NULL
dbo,GROUP_DATA_2010,NPBC_PCT,64,decimal,NULL,6,4,YES,NULL
dbo,GROUP_DATA_2010,NPDAW1_TC,65,int,NULL,10,0,YES,NULL
dbo,GROUP_DATA_2010,NPDAW1_FIXED,66,decimal,NULL,6,2,YES,NULL
dbo,GROUP_DATA_2010,NPDAW1_PCT,67,decimal,NULL,6,4,YES,NULL
dbo,GROUP_DATA_2010,NPDAW2_TC,68,int,NULL,10,0,YES,NULL
dbo,GROUP_DATA_2010,NPDAW2_FIXED,69,decimal,NULL,6,2,YES,NULL
dbo,GROUP_DATA_2010,NPDAW2_PCT,70,decimal,NULL,6,4,YES,NULL
dbo,GROUP_DATA_2010,NPM_TC,71,int,NULL,10,0,YES,NULL
dbo,GROUP_DATA_2010,NPM_FIXED,72,decimal,NULL,6,2,YES,NULL
dbo,GROUP_DATA_2010,NPM_PCT,73,decimal,NULL,6,4,YES,NULL
dbo,GROUP_DATA_2010,NPN_TC,74,int,NULL,10,0,YES,NULL
dbo,GROUP_DATA_2010,NPN_FIXED,75,decimal,NULL,6,2,YES,NULL
dbo,GROUP_DATA_2010,NPN_PCT,76,decimal,NULL,6,4,YES,NULL
dbo,GROUP_DATA_2010,ODAW3_TC,77,int,NULL,10,0,YES,NULL
dbo,GROUP_DATA_2010,ODAW3_FIXED,78,decimal,NULL,6,2,YES,NULL
dbo,GROUP_DATA_2010,ODAW3_PCT,79,decimal,NULL,6,4,YES,NULL
dbo,GROUP_DATA_2010,DIFF_FLAG,80,char,1,NULL,NULL,YES,NULL
dbo,GROUP_DATA_2010,DIFF_TABLE_1,81,int,NULL,10,0,YES,NULL
dbo,GROUP_DATA_2010,DIFF_EFF_1,82,datetime,NULL,NULL,NULL,YES,NULL
dbo,GROUP_DATA_2010,DIFF_TER_1,83,datetime,NULL,NULL,NULL,YES,NULL
dbo,GROUP_DATA_2010,DIFF_TABLE_2,84,int,NULL,10,0,YES,NULL
dbo,GROUP_DATA_2010,DIFF_EFF_2,85,datetime,NULL,NULL,NULL,YES,NULL
dbo,GROUP_DATA_2010,DIFF_TER_2,86,datetime,NULL,NULL,NULL,YES,NULL
dbo,GROUP_DATA_2010,DIFF_TABLE_3,87,int,NULL,10,0,YES,NULL
dbo,GROUP_DATA_2010,DIFF_EFF_3,88,datetime,NULL,NULL,NULL,YES,NULL
dbo,GROUP_DATA_2010,DIFF_TER_3,89,datetime,NULL,NULL,NULL,YES,NULL
dbo,GROUP_DATA_2010,WAREHOUSE_GRP_POST_DATE,90,datetime,NULL,NULL,NULL,YES,NULL
dbo,GROUP_DATA_2010,SYS_STREET_1,91,varchar,30,NULL,NULL,YES,NULL
dbo,GROUP_DATA_2010,SYS_STREET_2,92,varchar,30,NULL,NULL,YES,NULL
dbo,GROUP_DATA_2010,SYS_CITY,93,varchar,18,NULL,NULL,YES,NULL
dbo,GROUP_DATA_2010,SYS_STATE,94,varchar,2,NULL,NULL,YES,NULL
dbo,GROUP_DATA_2010,SYS_ZIP,95,varchar,5,NULL,NULL,YES,NULL
dbo,GROUP_DATA_2010,SYS_ZIP_4,96,varchar,4,NULL,NULL,YES,NULL
dbo,GROUP_DATA_2010,SPO_STREET_1,97,varchar,24,NULL,NULL,YES,NULL
dbo,GROUP_DATA_2010,SPO_STREET_2,98,varchar,24,NULL,NULL,YES,NULL
dbo,GROUP_DATA_2010,SPO_CITY,99,varchar,18,NULL,NULL,YES,NULL
dbo,GROUP_DATA_2010,SPO_STATE,100,varchar,2,NULL,NULL,YES,NULL
dbo,GROUP_DATA_2010,SPO_ZIP_4,101,varchar,4,NULL,NULL,YES,NULL
dbo,GROUP_DATA_2010,SPO_NO_FINANCIAL,102,varchar,1,NULL,NULL,YES,NULL
dbo,GROUP_DATA_2010,SPO_MAIL_RETAIL_FLAG,103,varchar,1,NULL,NULL,YES,NULL
dbo,GROUP_DATA_2010,GROUP_CITY,104,varchar,18,NULL,NULL,YES,NULL
dbo,GROUP_DATA_2010,GROUP_STATE,105,varchar,2,NULL,NULL,YES,NULL
dbo,GROUP_DATA_2010,SPO_ZIP,106,varchar,5,NULL,NULL,YES,NULL
dbo,GROUP_DATA_2010,AcctType,107,varchar,50,NULL,NULL,YES,NULL
dbo,GROUP_DATA_2010,PURGE_STATUS,108,int,NULL,10,0,YES,NULL
dbo,GROUP_DATA_2010,SYSTEM_T_OFF_CYCLE,109,varchar,1,NULL,NULL,YES,NULL
dbo,GROUP_DATA_2010,PHYSICIAN_CODE_OPTION,110,varchar,1,NULL,NULL,YES,NULL
dbo,GROUP_DATA_2010,DEPENDENT_ELIG_OPTION,111,varchar,1,NULL,NULL,YES,NULL
dbo,GROUP_DATA_2010,VALID_BIRTH_OPTION,112,varchar,1,NULL,NULL,YES,NULL
dbo,GROUP_DATA_2010,CARDHOLDER_NUMBER_FLAG,113,varchar,1,NULL,NULL,YES,NULL
dbo,GROUP_DATA_2010,ACCUM_PROCESS,114,varchar,1,NULL,NULL,YES,NULL
dbo,GROUP_DATA_2010,BROKER,115,varchar,12,NULL,NULL,YES,NULL
dbo,GROUP_DATA_2010,SYSTEM_CLIENT_TYPE,116,varchar,5,NULL,NULL,YES,NULL
dbo,GROUP_DATA_2010,SPONSOR_ACCOUNT_TYPE,117,varchar,10,NULL,NULL,YES,NULL
dbo,GROUP_DATA_2010,IN_PATCH,118,char,1,NULL,NULL,YES,NULL
dbo,GROUP_DATA_2010,ENTRY_DATE,119,datetime,NULL,NULL,NULL,YES,NULL
dbo,GROUP_DATA_2010,CHANGE_DATE,120,datetime,NULL,NULL,NULL,YES,NULL
dbo,GROUP_DATA_2010,NETWORK_1,121,int,NULL,10,0,YES,NULL
dbo,GROUP_DATA_2010,NETWORK_EFFECTIVE_1,122,datetime,NULL,NULL,NULL,YES,NULL
dbo,GROUP_DATA_2010,NETWORK_TERM_1,123,datetime,NULL,NULL,NULL,YES,NULL
dbo,GROUP_DATA_2010,NETWORK_2,124,int,NULL,10,0,YES,NULL
dbo,GROUP_DATA_2010,NETWORK_EFFECTIVE_2,125,datetime,NULL,NULL,NULL,YES,NULL
dbo,GROUP_DATA_2010,NETWORK_TERM_2,126,datetime,NULL,NULL,NULL,YES,NULL
dbo,GROUP_DATA_2010,NETWORK_3,127,int,NULL,10,0,YES,NULL
dbo,GROUP_DATA_2010,NETWORK_EFFECTIVE_3,128,datetime,NULL,NULL,NULL,YES,NULL
dbo,GROUP_DATA_2010,NETWORK_TERM_3,129,datetime,NULL,NULL,NULL,YES,NULL
dbo,GROUP_DATA_2010,NETWORK_4,130,int,NULL,10,0,YES,NULL
dbo,GROUP_DATA_2010,NETWORK_EFFECTIVE_4,131,datetime,NULL,NULL,NULL,YES,NULL
dbo,GROUP_DATA_2010,NETWORK_TERM_4,132,datetime,NULL,NULL,NULL,YES,NULL
dbo,GROUP_DATA_2010,NETWORK_5,133,int,NULL,10,0,YES,NULL
dbo,GROUP_DATA_2010,NETWORK_EFFECTIVE_5,134,datetime,NULL,NULL,NULL,YES,NULL
dbo,GROUP_DATA_2010,NETWORK_TERM_5,135,datetime,NULL,NULL,NULL,YES,NULL
dbo,GROUP_DATA_2010,NETWORK_6,136,int,NULL,10,0,YES,NULL
dbo,GROUP_DATA_2010,NETWORK_EFFECTIVE_6,137,datetime,NULL,NULL,NULL,YES,NULL
dbo,GROUP_DATA_2010,NETWORK_TERM_6,138,datetime,NULL,NULL,NULL,YES,NULL
dbo,GROUP_DATA_2010,NETWORK_7,139,int,NULL,10,0,YES,NULL
dbo,GROUP_DATA_2010,NETWORK_EFFECTIVE_7,140,datetime,NULL,NULL,NULL,YES,NULL
dbo,GROUP_DATA_2010,NETWORK_TERM_7,141,datetime,NULL,NULL,NULL,YES,NULL
dbo,GROUP_DATA_2010,NETWORK_8,142,int,NULL,10,0,YES,NULL
dbo,GROUP_DATA_2010,NETWORK_EFFECTIVE_8,143,datetime,NULL,NULL,NULL,YES,NULL
dbo,GROUP_DATA_2010,NETWORK_TERM_8,144,datetime,NULL,NULL,NULL,YES,NULL
dbo,GROUP_DATA_2010,NETWORK_9,145,int,NULL,10,0,YES,NULL
dbo,GROUP_DATA_2010,NETWORK_EFFECTIVE_9,146,datetime,NULL,NULL,NULL,YES,NULL
dbo,GROUP_DATA_2010,NETWORK_TERM_9,147,datetime,NULL,NULL,NULL,YES,NULL
dbo,GROUP_DATA_2010,NETWORK_10,148,int,NULL,10,0,YES,NULL
dbo,GROUP_DATA_2010,NETWORK_EFFECTIVE_10,149,datetime,NULL,NULL,NULL,YES,NULL
dbo,GROUP_DATA_2010,NETWORK_TERM_10,150,datetime,NULL,NULL,NULL,YES,NULL
dbo,GROUP_DATA_2010,BIRTH_MONTH_FLAG,151,char,2,NULL,NULL,YES,NULL
dbo,GROUP_DATA_2010,MAIL_ORDER_NABP_1,152,int,NULL,10,0,YES,NULL
dbo,GROUP_DATA_2010,MAIL_ORDER_EFF_1,153,datetime,NULL,NULL,NULL,YES,NULL
dbo,GROUP_DATA_2010,MAIL_ORDER_NABP_2,154,int,NULL,10,0,YES,NULL
dbo,GROUP_DATA_2010,MAIL_ORDER_EFF_2,155,datetime,NULL,NULL,NULL,YES,NULL
dbo,GROUP_DATA_2010,MAIL_ORDER_NABP_3,156,int,NULL,10,0,YES,NULL
dbo,GROUP_DATA_2010,MAIL_ORDER_EFF_3,157,datetime,NULL,NULL,NULL,YES,NULL
dbo,GROUP_DATA_2010,DEDUCT_COPAY,158,int,NULL,10,0,YES,NULL
dbo,GROUP_DATA_2010,MAX_COPAY,159,int,NULL,10,0,YES,NULL
dbo,GROUP_DATA_2010,TROOP_COPAY,160,int,NULL,10,0,YES,NULL
dbo,GROUP_DATA_2010,ROLLOVER_DATE_2,161,datetime,NULL,NULL,NULL,YES,NULL
dbo,GROUP_DATA_2010,ROLLOVER_DATE_3,162,datetime,NULL,NULL,NULL,YES,NULL
dbo,GROUP_DATA_2010,ROLLOVER_DATE_4,163,datetime,NULL,NULL,NULL,YES,NULL
dbo,GROUP_DATA_2010,ROLLOVER_DATE_5,164,datetime,NULL,NULL,NULL,YES,NULL
dbo,GROUP_DATA_2010,ROLLOVER_DATE_6,165,datetime,NULL,NULL,NULL,YES,NULL
dbo,GROUP_DATA_2010,ROLLOVER_DATE_7,166,datetime,NULL,NULL,NULL,YES,NULL
dbo,GROUP_DATA_2010,ROLLOVER_DATE_8,167,datetime,NULL,NULL,NULL,YES,NULL
dbo,GROUP_DATA_2010,ROLLOVER_DATE_9,168,datetime,NULL,NULL,NULL,YES,NULL
dbo,GROUP_DATA_2010,ROLLOVER_DATE_10,169,datetime,NULL,NULL,NULL,YES,NULL
dbo,GROUP_DATA_2010,ROLLOVER_DATE_1,170,datetime,NULL,NULL,NULL,YES,NULL
dbo,GROUP_DATA_2010,DISP_FEE_EFF_DATE_1,171,datetime,NULL,NULL,NULL,YES,NULL
dbo,GROUP_DATA_2010,COPAY_EFF_DATE_1,172,datetime,NULL,NULL,NULL,YES,NULL
dbo,GROUP_DATA_2010,COPAY_NUMBER_1,173,int,NULL,10,0,YES,NULL
dbo,GROUP_DATA_2010,COPAY_NUMBER_2,174,int,NULL,10,0,YES,NULL
dbo,GROUP_DATA_2010,PLAN_EFF_DATE_1,175,datetime,NULL,NULL,NULL,YES,NULL
dbo,GROUP_DATA_2010,LIMIT_KIND_1,176,varchar,1,NULL,NULL,YES,NULL
dbo,GROUP_DATA_2010,PLAN_NUMBER_2,177,varchar,4,NULL,NULL,YES,NULL
dbo,GROUP_DATA_2010,LIMIT_KIND_2,178,varchar,1,NULL,NULL,YES,NULL
dbo,GROUP_DATA_2010,PLAN_NAME,179,varchar,30,NULL,NULL,YES,NULL
dbo,GROUP_DATA_2010,MAX_SINGLE,180,int,NULL,10,0,YES,NULL
dbo,GROUP_DATA_2010,MAX_FAMILY,181,int,NULL,10,0,YES,NULL
dbo,GROUP_DATA_2010,DEDUCT_SINGLE,182,int,NULL,10,0,YES,NULL
dbo,GROUP_DATA_2010,DEDUCT_FAMILY,183,int,NULL,10,0,YES,NULL
dbo,GROUP_DATA_2010,LIMIT_MONTHS,184,int,NULL,10,0,YES,NULL
dbo,GROUP_DATA_2010,LIMIT_MEMBER,185,int,NULL,10,0,YES,NULL
dbo,GROUP_DATA_2010,GROUP_STREET_2,186,varchar,40,NULL,NULL,YES,NULL
dbo,GROUP_DATA_2010,DEPENDENT_ELIGIBILITY,187,varchar,1,NULL,NULL,YES,NULL
dbo,GROUP_DATA_2010,DEDUCT_COPAY_2,188,int,NULL,10,0,YES,NULL
dbo,GROUP_DATA_2010,MAX_COPAY_2,189,int,NULL,10,0,YES,NULL
dbo,GROUP_DATA_2010,LIMIT_KIND_3,190,varchar,1,NULL,NULL,YES,NULL
dbo,GROUP_DATA_2010,DEDUCT_COPAY_3,191,int,NULL,10,0,YES,NULL
dbo,GROUP_DATA_2010,MAX_COPAY_3,192,int,NULL,10,0,YES,NULL
dbo,GROUP_DATA_2010,LIMIT_KIND_4,193,varchar,1,NULL,NULL,YES,NULL
dbo,GROUP_DATA_2010,DEDUCT_COPAY_4,194,int,NULL,10,0,YES,NULL
dbo,GROUP_DATA_2010,MAX_COPAY_4,195,int,NULL,10,0,YES,NULL
dbo,GROUP_DATA_2010,LIMIT_KIND_5,196,varchar,1,NULL,NULL,YES,NULL
dbo,GROUP_DATA_2010,DEDUCT_COPAY_5,197,int,NULL,10,0,YES,NULL
dbo,GROUP_DATA_2010,MAX_COPAY_5,198,int,NULL,10,0,YES,NULL
dbo,GROUP_DATA_2010,LIMIT_KIND_6,199,varchar,1,NULL,NULL,YES,NULL
dbo,GROUP_DATA_2010,DEDUCT_COPAY_6,200,int,NULL,10,0,YES,NULL
dbo,GROUP_DATA_2010,MAX_COPAY_6,201,int,NULL,10,0,YES,NULL
dbo,GROUP_DATA_2010,LIMIT_KIND_7,202,varchar,1,NULL,NULL,YES,NULL
dbo,GROUP_DATA_2010,DEDUCT_COPAY_7,203,int,NULL,10,0,YES,NULL
dbo,GROUP_DATA_2010,MAX_COPAY_7,204,int,NULL,10,0,YES,NULL
dbo,GROUP_DATA_2010,LIMIT_KIND_8,205,varchar,1,NULL,NULL,YES,NULL
dbo,GROUP_DATA_2010,DEDUCT_COPAY_8,206,int,NULL,10,0,YES,NULL
dbo,GROUP_DATA_2010,MAX_COPAY_8,207,int,NULL,10,0,YES,NULL
dbo,GROUP_DATA_2010,LIMIT_KIND_9,208,varchar,1,NULL,NULL,YES,NULL
dbo,GROUP_DATA_2010,DEDUCT_COPAY_9,209,int,NULL,10,0,YES,NULL
dbo,GROUP_DATA_2010,MAX_COPAY_9,210,int,NULL,10,0,YES,NULL
dbo,GROUP_DATA_2010,LIMIT_KIND_10,211,varchar,1,NULL,NULL,YES,NULL
dbo,GROUP_DATA_2010,DEDUCT_COPAY_10,212,int,NULL,10,0,YES,NULL
dbo,GROUP_DATA_2010,MAX_COPAY_10,213,int,NULL,10,0,YES,NULL
dbo,GROUP_DATA_2010,DEPENDENT_AGE_LIMT_1,214,int,NULL,10,0,YES,NULL
dbo,GROUP_DATA_2010,COLLEGE_AGE_LIMIT_1,215,int,NULL,10,0,YES,NULL
dbo,GROUP_DATA_2010,DISABILITY_AGE_LIMIT_1,216,int,NULL,10,0,YES,NULL
dbo,GROUP_DATA_2010,SPECIAL_AGE_LIMIT_1,217,int,NULL,10,0,YES,NULL
dbo,GROUP_DATA_2010,DEPENDENT_AGE_LIMIT_2,218,int,NULL,10,0,YES,NULL
dbo,GROUP_DATA_2010,COLLEGE_AGE_LIMT_2,219,int,NULL,10,0,YES,NULL
dbo,GROUP_DATA_2010,DISABILITY_AGE_LIMIT_2,220,int,NULL,10,0,YES,NULL
dbo,GROUP_DATA_2010,SPECIAL_AGE_LIMIT_2,221,int,NULL,10,0,YES,NULL
dbo,GROUP_DATA_2010,DEPENDENT_AGE_LIMIT_3,222,int,NULL,10,0,YES,NULL
dbo,GROUP_DATA_2010,COLLEGE_AGE_LIMIT_3,223,int,NULL,10,0,YES,NULL
dbo,GROUP_DATA_2010,DISABILITY_AGE_LIMIT_3,224,int,NULL,10,0,YES,NULL
dbo,GROUP_DATA_2010,SPECIAL_AGE_LIMIT_3,225,int,NULL,10,0,YES,NULL
dbo,GROUP_DATA_2010,NETWORK_NUMBER_90_DAY,226,int,NULL,10,0,YES,NULL
dbo,GROUP_DATA_2010,OPTION_FLAG_90_DAY,227,char,1,NULL,NULL,YES,NULL
dbo,GROUP_DATA_2011,GROUP_NUMBER,1,float,NULL,53,NULL,NO,NULL
dbo,GROUP_DATA_2011,GROUP_NAME,2,char,30,NULL,NULL,YES,NULL
dbo,GROUP_DATA_2011,ALT_GROUP_NUMBER,3,char,12,NULL,NULL,YES,NULL
dbo,GROUP_DATA_2011,SPONSOR_NUMBER,4,int,NULL,10,0,YES,NULL
dbo,GROUP_DATA_2011,SPONSOR_NAME,5,char,30,NULL,NULL,YES,NULL
dbo,GROUP_DATA_2011,SYSTEM_NUMBER,6,int,NULL,10,0,YES,NULL
dbo,GROUP_DATA_2011,SYSTEM_NAME,7,char,30,NULL,NULL,YES,NULL
dbo,GROUP_DATA_2011,SYSTEM_LINK,8,char,10,NULL,NULL,YES,NULL
dbo,GROUP_DATA_2011,GROUP_STREET,9,char,30,NULL,NULL,YES,NULL
dbo,GROUP_DATA_2011,GROUP_ZIP,10,int,NULL,10,0,YES,NULL
dbo,GROUP_DATA_2011,GROUP_EFF_DATE,11,datetime,NULL,NULL,NULL,YES,NULL
dbo,GROUP_DATA_2011,GROUP_TER_DATE,12,datetime,NULL,NULL,NULL,YES,NULL
dbo,GROUP_DATA_2011,DISP_FEE_DESCRIPTION,13,char,30,NULL,NULL,YES,NULL
dbo,GROUP_DATA_2011,COPAY_DESCRIPTION,14,char,30,NULL,NULL,YES,NULL
dbo,GROUP_DATA_2011,MASTER_GROUP,15,int,NULL,10,0,YES,NULL
dbo,GROUP_DATA_2011,GROUP_BENEFIT_CODE,16,char,16,NULL,NULL,YES,NULL
dbo,GROUP_DATA_2011,GROUP_MASTER_FLAG,17,char,1,NULL,NULL,YES,NULL
dbo,GROUP_DATA_2011,GROUP_BENEFIT_DESCRIPTION,18,char,30,NULL,NULL,YES,NULL
dbo,GROUP_DATA_2011,ODAW1_TC,19,int,NULL,10,0,YES,NULL
dbo,GROUP_DATA_2011,ODAW2_TC,20,int,NULL,10,0,YES,NULL
dbo,GROUP_DATA_2011,GEN_TC,21,int,NULL,10,0,YES,NULL
dbo,GROUP_DATA_2011,NP_TC,22,int,NULL,10,0,YES,NULL
dbo,GROUP_DATA_2011,SINGLE_TC,23,int,NULL,10,0,YES,NULL
dbo,GROUP_DATA_2011,BRAND_TC,24,int,NULL,10,0,YES,NULL
dbo,GROUP_DATA_2011,BC_TC,25,int,NULL,10,0,YES,NULL
dbo,GROUP_DATA_2011,COPAY_NUMBER,26,int,NULL,10,0,YES,NULL
dbo,GROUP_DATA_2011,FORMULARY,27,smallint,NULL,5,0,YES,NULL
dbo,GROUP_DATA_2011,PLAN_KEY,28,char,12,NULL,NULL,YES,NULL
dbo,GROUP_DATA_2011,SUB_GROUP,29,smallint,NULL,5,0,YES,NULL
dbo,GROUP_DATA_2011,FORMULARY_STRUCTURE,30,char,1,NULL,NULL,YES,NULL
dbo,GROUP_DATA_2011,ACTIVE_SYSTEM,31,char,1,NULL,NULL,YES,NULL
dbo,GROUP_DATA_2011,ODAW1_FIXED,32,decimal,NULL,6,2,YES,NULL
dbo,GROUP_DATA_2011,ODAW1_PCT,33,decimal,NULL,6,4,YES,NULL
dbo,GROUP_DATA_2011,ODAW2_FIXED,34,decimal,NULL,6,2,YES,NULL
dbo,GROUP_DATA_2011,ODAW2_PCT,35,decimal,NULL,6,4,YES,NULL
dbo,GROUP_DATA_2011,GEN_FIXED,36,decimal,NULL,6,2,YES,NULL
dbo,GROUP_DATA_2011,GEN_PCT,37,decimal,NULL,6,4,YES,NULL
dbo,GROUP_DATA_2011,NP_FIXED,38,decimal,NULL,6,2,YES,NULL
dbo,GROUP_DATA_2011,NP_PCT,39,decimal,NULL,6,4,YES,NULL
dbo,GROUP_DATA_2011,SINGLE_FIXED,40,decimal,NULL,6,2,YES,NULL
dbo,GROUP_DATA_2011,SINGLE_PCT,41,decimal,NULL,6,4,YES,NULL
dbo,GROUP_DATA_2011,BRAND_FIXED,42,decimal,NULL,6,2,YES,NULL
dbo,GROUP_DATA_2011,BRAND_PCT,43,decimal,NULL,6,4,YES,NULL
dbo,GROUP_DATA_2011,BC_FIXED,44,decimal,NULL,6,2,YES,NULL
dbo,GROUP_DATA_2011,BC_PCT,45,decimal,NULL,6,4,YES,NULL
dbo,GROUP_DATA_2011,DEPO_TC,46,int,NULL,10,0,YES,NULL
dbo,GROUP_DATA_2011,DEPO_FIXED,47,decimal,NULL,6,2,YES,NULL
dbo,GROUP_DATA_2011,DEPO_PCT,48,decimal,NULL,6,4,YES,NULL
dbo,GROUP_DATA_2011,INJ_TC,49,int,NULL,10,0,YES,NULL
dbo,GROUP_DATA_2011,INJ_FIXED,50,decimal,NULL,6,2,YES,NULL
dbo,GROUP_DATA_2011,INJ_PCT,51,decimal,NULL,6,4,YES,NULL
dbo,GROUP_DATA_2011,SPLIT_TC,52,int,NULL,10,0,YES,NULL
dbo,GROUP_DATA_2011,SPLIT_FIXED,53,decimal,NULL,6,2,YES,NULL
dbo,GROUP_DATA_2011,SPLIT_PCT,54,decimal,NULL,6,4,YES,NULL
dbo,GROUP_DATA_2011,SYS_LINK_DESCRIPTION,55,char,60,NULL,NULL,YES,NULL
dbo,GROUP_DATA_2011,COMP_TC,56,int,NULL,10,0,YES,NULL
dbo,GROUP_DATA_2011,COMP_FIXED,57,decimal,NULL,6,2,YES,NULL
dbo,GROUP_DATA_2011,COMP_PCT,58,decimal,NULL,6,4,YES,NULL
dbo,GROUP_DATA_2011,MULTI_TC,59,int,NULL,10,0,YES,NULL
dbo,GROUP_DATA_2011,MULTI_FIXED,60,decimal,NULL,6,2,YES,NULL
dbo,GROUP_DATA_2011,MULTI_PCT,61,decimal,NULL,6,4,YES,NULL
dbo,GROUP_DATA_2011,NPBC_TC,62,int,NULL,10,0,YES,NULL
dbo,GROUP_DATA_2011,NPBC_FIXED,63,decimal,NULL,6,2,YES,NULL
dbo,GROUP_DATA_2011,NPBC_PCT,64,decimal,NULL,6,4,YES,NULL
dbo,GROUP_DATA_2011,NPDAW1_TC,65,int,NULL,10,0,YES,NULL
dbo,GROUP_DATA_2011,NPDAW1_FIXED,66,decimal,NULL,6,2,YES,NULL
dbo,GROUP_DATA_2011,NPDAW1_PCT,67,decimal,NULL,6,4,YES,NULL
dbo,GROUP_DATA_2011,NPDAW2_TC,68,int,NULL,10,0,YES,NULL
dbo,GROUP_DATA_2011,NPDAW2_FIXED,69,decimal,NULL,6,2,YES,NULL
dbo,GROUP_DATA_2011,NPDAW2_PCT,70,decimal,NULL,6,4,YES,NULL
dbo,GROUP_DATA_2011,NPM_TC,71,int,NULL,10,0,YES,NULL
dbo,GROUP_DATA_2011,NPM_FIXED,72,decimal,NULL,6,2,YES,NULL
dbo,GROUP_DATA_2011,NPM_PCT,73,decimal,NULL,6,4,YES,NULL
dbo,GROUP_DATA_2011,NPN_TC,74,int,NULL,10,0,YES,NULL
dbo,GROUP_DATA_2011,NPN_FIXED,75,decimal,NULL,6,2,YES,NULL
dbo,GROUP_DATA_2011,NPN_PCT,76,decimal,NULL,6,4,YES,NULL
dbo,GROUP_DATA_2011,ODAW3_TC,77,int,NULL,10,0,YES,NULL
dbo,GROUP_DATA_2011,ODAW3_FIXED,78,decimal,NULL,6,2,YES,NULL
dbo,GROUP_DATA_2011,ODAW3_PCT,79,decimal,NULL,6,4,YES,NULL
dbo,GROUP_DATA_2011,DIFF_FLAG,80,char,1,NULL,NULL,YES,NULL
dbo,GROUP_DATA_2011,DIFF_TABLE_1,81,int,NULL,10,0,YES,NULL
dbo,GROUP_DATA_2011,DIFF_EFF_1,82,datetime,NULL,NULL,NULL,YES,NULL
dbo,GROUP_DATA_2011,DIFF_TER_1,83,datetime,NULL,NULL,NULL,YES,NULL
dbo,GROUP_DATA_2011,DIFF_TABLE_2,84,int,NULL,10,0,YES,NULL
dbo,GROUP_DATA_2011,DIFF_EFF_2,85,datetime,NULL,NULL,NULL,YES,NULL
dbo,GROUP_DATA_2011,DIFF_TER_2,86,datetime,NULL,NULL,NULL,YES,NULL
dbo,GROUP_DATA_2011,DIFF_TABLE_3,87,int,NULL,10,0,YES,NULL
dbo,GROUP_DATA_2011,DIFF_EFF_3,88,datetime,NULL,NULL,NULL,YES,NULL
dbo,GROUP_DATA_2011,DIFF_TER_3,89,datetime,NULL,NULL,NULL,YES,NULL
dbo,GROUP_DATA_2011,WAREHOUSE_GRP_POST_DATE,90,datetime,NULL,NULL,NULL,YES,NULL
dbo,GROUP_DATA_2011,SYS_STREET_1,91,varchar,30,NULL,NULL,YES,NULL
dbo,GROUP_DATA_2011,SYS_STREET_2,92,varchar,30,NULL,NULL,YES,NULL
dbo,GROUP_DATA_2011,SYS_CITY,93,varchar,18,NULL,NULL,YES,NULL
dbo,GROUP_DATA_2011,SYS_STATE,94,varchar,2,NULL,NULL,YES,NULL
dbo,GROUP_DATA_2011,SYS_ZIP,95,varchar,5,NULL,NULL,YES,NULL
dbo,GROUP_DATA_2011,SYS_ZIP_4,96,varchar,4,NULL,NULL,YES,NULL
dbo,GROUP_DATA_2011,SPO_STREET_1,97,varchar,24,NULL,NULL,YES,NULL
dbo,GROUP_DATA_2011,SPO_STREET_2,98,varchar,24,NULL,NULL,YES,NULL
dbo,GROUP_DATA_2011,SPO_CITY,99,varchar,18,NULL,NULL,YES,NULL
dbo,GROUP_DATA_2011,SPO_STATE,100,varchar,2,NULL,NULL,YES,NULL
dbo,GROUP_DATA_2011,SPO_ZIP_4,101,varchar,4,NULL,NULL,YES,NULL
dbo,GROUP_DATA_2011,SPO_NO_FINANCIAL,102,varchar,1,NULL,NULL,YES,NULL
dbo,GROUP_DATA_2011,SPO_MAIL_RETAIL_FLAG,103,varchar,1,NULL,NULL,YES,NULL
dbo,GROUP_DATA_2011,GROUP_CITY,104,varchar,18,NULL,NULL,YES,NULL
dbo,GROUP_DATA_2011,GROUP_STATE,105,varchar,2,NULL,NULL,YES,NULL
dbo,GROUP_DATA_2011,SPO_ZIP,106,varchar,5,NULL,NULL,YES,NULL
dbo,GROUP_DATA_2011,AcctType,107,varchar,50,NULL,NULL,YES,NULL
dbo,GROUP_DATA_2011,PURGE_STATUS,108,int,NULL,10,0,YES,NULL
dbo,GROUP_DATA_2011,SYSTEM_T_OFF_CYCLE,109,varchar,1,NULL,NULL,YES,NULL
dbo,GROUP_DATA_2011,PHYSICIAN_CODE_OPTION,110,varchar,1,NULL,NULL,YES,NULL
dbo,GROUP_DATA_2011,DEPENDENT_ELIG_OPTION,111,varchar,1,NULL,NULL,YES,NULL
dbo,GROUP_DATA_2011,VALID_BIRTH_OPTION,112,varchar,1,NULL,NULL,YES,NULL
dbo,GROUP_DATA_2011,CARDHOLDER_NUMBER_FLAG,113,varchar,1,NULL,NULL,YES,NULL
dbo,GROUP_DATA_2011,ACCUM_PROCESS,114,varchar,1,NULL,NULL,YES,NULL
dbo,GROUP_DATA_2011,BROKER,115,varchar,12,NULL,NULL,YES,NULL
dbo,GROUP_DATA_2011,SYSTEM_CLIENT_TYPE,116,varchar,5,NULL,NULL,YES,NULL
dbo,GROUP_DATA_2011,SPONSOR_ACCOUNT_TYPE,117,varchar,10,NULL,NULL,YES,NULL
dbo,GROUP_DATA_2011,IN_PATCH,118,char,1,NULL,NULL,YES,NULL
dbo,GROUP_DATA_2011,ENTRY_DATE,119,datetime,NULL,NULL,NULL,YES,NULL
dbo,GROUP_DATA_2011,CHANGE_DATE,120,datetime,NULL,NULL,NULL,YES,NULL
dbo,GROUP_DATA_2011,NETWORK_1,121,int,NULL,10,0,YES,NULL
dbo,GROUP_DATA_2011,NETWORK_EFFECTIVE_1,122,datetime,NULL,NULL,NULL,YES,NULL
dbo,GROUP_DATA_2011,NETWORK_TERM_1,123,datetime,NULL,NULL,NULL,YES,NULL
dbo,GROUP_DATA_2011,NETWORK_2,124,int,NULL,10,0,YES,NULL
dbo,GROUP_DATA_2011,NETWORK_EFFECTIVE_2,125,datetime,NULL,NULL,NULL,YES,NULL
dbo,GROUP_DATA_2011,NETWORK_TERM_2,126,datetime,NULL,NULL,NULL,YES,NULL
dbo,GROUP_DATA_2011,NETWORK_3,127,int,NULL,10,0,YES,NULL
dbo,GROUP_DATA_2011,NETWORK_EFFECTIVE_3,128,datetime,NULL,NULL,NULL,YES,NULL
dbo,GROUP_DATA_2011,NETWORK_TERM_3,129,datetime,NULL,NULL,NULL,YES,NULL
dbo,GROUP_DATA_2011,NETWORK_4,130,int,NULL,10,0,YES,NULL
dbo,GROUP_DATA_2011,NETWORK_EFFECTIVE_4,131,datetime,NULL,NULL,NULL,YES,NULL
dbo,GROUP_DATA_2011,NETWORK_TERM_4,132,datetime,NULL,NULL,NULL,YES,NULL
dbo,GROUP_DATA_2011,NETWORK_5,133,int,NULL,10,0,YES,NULL
dbo,GROUP_DATA_2011,NETWORK_EFFECTIVE_5,134,datetime,NULL,NULL,NULL,YES,NULL
dbo,GROUP_DATA_2011,NETWORK_TERM_5,135,datetime,NULL,NULL,NULL,YES,NULL
dbo,GROUP_DATA_2011,NETWORK_6,136,int,NULL,10,0,YES,NULL
dbo,GROUP_DATA_2011,NETWORK_EFFECTIVE_6,137,datetime,NULL,NULL,NULL,YES,NULL
dbo,GROUP_DATA_2011,NETWORK_TERM_6,138,datetime,NULL,NULL,NULL,YES,NULL
dbo,GROUP_DATA_2011,NETWORK_7,139,int,NULL,10,0,YES,NULL
dbo,GROUP_DATA_2011,NETWORK_EFFECTIVE_7,140,datetime,NULL,NULL,NULL,YES,NULL
dbo,GROUP_DATA_2011,NETWORK_TERM_7,141,datetime,NULL,NULL,NULL,YES,NULL
dbo,GROUP_DATA_2011,NETWORK_8,142,int,NULL,10,0,YES,NULL
dbo,GROUP_DATA_2011,NETWORK_EFFECTIVE_8,143,datetime,NULL,NULL,NULL,YES,NULL
dbo,GROUP_DATA_2011,NETWORK_TERM_8,144,datetime,NULL,NULL,NULL,YES,NULL
dbo,GROUP_DATA_2011,NETWORK_9,145,int,NULL,10,0,YES,NULL
dbo,GROUP_DATA_2011,NETWORK_EFFECTIVE_9,146,datetime,NULL,NULL,NULL,YES,NULL
dbo,GROUP_DATA_2011,NETWORK_TERM_9,147,datetime,NULL,NULL,NULL,YES,NULL
dbo,GROUP_DATA_2011,NETWORK_10,148,int,NULL,10,0,YES,NULL
dbo,GROUP_DATA_2011,NETWORK_EFFECTIVE_10,149,datetime,NULL,NULL,NULL,YES,NULL
dbo,GROUP_DATA_2011,NETWORK_TERM_10,150,datetime,NULL,NULL,NULL,YES,NULL
dbo,GROUP_DATA_2011,BIRTH_MONTH_FLAG,151,char,2,NULL,NULL,YES,NULL
dbo,GROUP_DATA_2011,MAIL_ORDER_NABP_1,152,int,NULL,10,0,YES,NULL
dbo,GROUP_DATA_2011,MAIL_ORDER_EFF_1,153,datetime,NULL,NULL,NULL,YES,NULL
dbo,GROUP_DATA_2011,MAIL_ORDER_NABP_2,154,int,NULL,10,0,YES,NULL
dbo,GROUP_DATA_2011,MAIL_ORDER_EFF_2,155,datetime,NULL,NULL,NULL,YES,NULL
dbo,GROUP_DATA_2011,MAIL_ORDER_NABP_3,156,int,NULL,10,0,YES,NULL
dbo,GROUP_DATA_2011,MAIL_ORDER_EFF_3,157,datetime,NULL,NULL,NULL,YES,NULL
dbo,GROUP_DATA_2011,DEDUCT_COPAY,158,int,NULL,10,0,YES,NULL
dbo,GROUP_DATA_2011,MAX_COPAY,159,int,NULL,10,0,YES,NULL
dbo,GROUP_DATA_2011,TROOP_COPAY,160,int,NULL,10,0,YES,NULL
dbo,GROUP_DATA_2011,ROLLOVER_DATE_2,161,datetime,NULL,NULL,NULL,YES,NULL
dbo,GROUP_DATA_2011,ROLLOVER_DATE_3,162,datetime,NULL,NULL,NULL,YES,NULL
dbo,GROUP_DATA_2011,ROLLOVER_DATE_4,163,datetime,NULL,NULL,NULL,YES,NULL
dbo,GROUP_DATA_2011,ROLLOVER_DATE_5,164,datetime,NULL,NULL,NULL,YES,NULL
dbo,GROUP_DATA_2011,ROLLOVER_DATE_6,165,datetime,NULL,NULL,NULL,YES,NULL
dbo,GROUP_DATA_2011,ROLLOVER_DATE_7,166,datetime,NULL,NULL,NULL,YES,NULL
dbo,GROUP_DATA_2011,ROLLOVER_DATE_8,167,datetime,NULL,NULL,NULL,YES,NULL
dbo,GROUP_DATA_2011,ROLLOVER_DATE_9,168,datetime,NULL,NULL,NULL,YES,NULL
dbo,GROUP_DATA_2011,ROLLOVER_DATE_10,169,datetime,NULL,NULL,NULL,YES,NULL
dbo,GROUP_DATA_2011,ROLLOVER_DATE_1,170,datetime,NULL,NULL,NULL,YES,NULL
dbo,GROUP_DATA_2011,DISP_FEE_EFF_DATE_1,171,datetime,NULL,NULL,NULL,YES,NULL
dbo,GROUP_DATA_2011,COPAY_EFF_DATE_1,172,datetime,NULL,NULL,NULL,YES,NULL
dbo,GROUP_DATA_2011,COPAY_NUMBER_1,173,int,NULL,10,0,YES,NULL
dbo,GROUP_DATA_2011,COPAY_NUMBER_2,174,int,NULL,10,0,YES,NULL
dbo,GROUP_DATA_2011,PLAN_EFF_DATE_1,175,datetime,NULL,NULL,NULL,YES,NULL
dbo,GROUP_DATA_2011,LIMIT_KIND_1,176,varchar,1,NULL,NULL,YES,NULL
dbo,GROUP_DATA_2011,PLAN_NUMBER_2,177,varchar,4,NULL,NULL,YES,NULL
dbo,GROUP_DATA_2011,LIMIT_KIND_2,178,varchar,1,NULL,NULL,YES,NULL
dbo,GROUP_DATA_2011,PLAN_NAME,179,varchar,30,NULL,NULL,YES,NULL
dbo,GROUP_DATA_2011,MAX_SINGLE,180,int,NULL,10,0,YES,NULL
dbo,GROUP_DATA_2011,MAX_FAMILY,181,int,NULL,10,0,YES,NULL
dbo,GROUP_DATA_2011,DEDUCT_SINGLE,182,int,NULL,10,0,YES,NULL
dbo,GROUP_DATA_2011,DEDUCT_FAMILY,183,int,NULL,10,0,YES,NULL
dbo,GROUP_DATA_2011,LIMIT_MONTHS,184,int,NULL,10,0,YES,NULL
dbo,GROUP_DATA_2011,LIMIT_MEMBER,185,int,NULL,10,0,YES,NULL
dbo,GROUP_DATA_2011,GROUP_STREET_2,186,varchar,40,NULL,NULL,YES,NULL
dbo,GROUP_DATA_2011,DEPENDENT_ELIGIBILITY,187,varchar,1,NULL,NULL,YES,NULL
dbo,GROUP_DATA_2011,DEDUCT_COPAY_2,188,int,NULL,10,0,YES,NULL
dbo,GROUP_DATA_2011,MAX_COPAY_2,189,int,NULL,10,0,YES,NULL
dbo,GROUP_DATA_2011,LIMIT_KIND_3,190,varchar,1,NULL,NULL,YES,NULL
dbo,GROUP_DATA_2011,DEDUCT_COPAY_3,191,int,NULL,10,0,YES,NULL
dbo,GROUP_DATA_2011,MAX_COPAY_3,192,int,NULL,10,0,YES,NULL
dbo,GROUP_DATA_2011,LIMIT_KIND_4,193,varchar,1,NULL,NULL,YES,NULL
dbo,GROUP_DATA_2011,DEDUCT_COPAY_4,194,int,NULL,10,0,YES,NULL
dbo,GROUP_DATA_2011,MAX_COPAY_4,195,int,NULL,10,0,YES,NULL
dbo,GROUP_DATA_2011,LIMIT_KIND_5,196,varchar,1,NULL,NULL,YES,NULL
dbo,GROUP_DATA_2011,DEDUCT_COPAY_5,197,int,NULL,10,0,YES,NULL
dbo,GROUP_DATA_2011,MAX_COPAY_5,198,int,NULL,10,0,YES,NULL
dbo,GROUP_DATA_2011,LIMIT_KIND_6,199,varchar,1,NULL,NULL,YES,NULL
dbo,GROUP_DATA_2011,DEDUCT_COPAY_6,200,int,NULL,10,0,YES,NULL
dbo,GROUP_DATA_2011,MAX_COPAY_6,201,int,NULL,10,0,YES,NULL
dbo,GROUP_DATA_2011,LIMIT_KIND_7,202,varchar,1,NULL,NULL,YES,NULL
dbo,GROUP_DATA_2011,DEDUCT_COPAY_7,203,int,NULL,10,0,YES,NULL
dbo,GROUP_DATA_2011,MAX_COPAY_7,204,int,NULL,10,0,YES,NULL
dbo,GROUP_DATA_2011,LIMIT_KIND_8,205,varchar,1,NULL,NULL,YES,NULL
dbo,GROUP_DATA_2011,DEDUCT_COPAY_8,206,int,NULL,10,0,YES,NULL
dbo,GROUP_DATA_2011,MAX_COPAY_8,207,int,NULL,10,0,YES,NULL
dbo,GROUP_DATA_2011,LIMIT_KIND_9,208,varchar,1,NULL,NULL,YES,NULL
dbo,GROUP_DATA_2011,DEDUCT_COPAY_9,209,int,NULL,10,0,YES,NULL
dbo,GROUP_DATA_2011,MAX_COPAY_9,210,int,NULL,10,0,YES,NULL
dbo,GROUP_DATA_2011,LIMIT_KIND_10,211,varchar,1,NULL,NULL,YES,NULL
dbo,GROUP_DATA_2011,DEDUCT_COPAY_10,212,int,NULL,10,0,YES,NULL
dbo,GROUP_DATA_2011,MAX_COPAY_10,213,int,NULL,10,0,YES,NULL
dbo,GROUP_DATA_2011,DEPENDENT_AGE_LIMT_1,214,int,NULL,10,0,YES,NULL
dbo,GROUP_DATA_2011,COLLEGE_AGE_LIMIT_1,215,int,NULL,10,0,YES,NULL
dbo,GROUP_DATA_2011,DISABILITY_AGE_LIMIT_1,216,int,NULL,10,0,YES,NULL
dbo,GROUP_DATA_2011,SPECIAL_AGE_LIMIT_1,217,int,NULL,10,0,YES,NULL
dbo,GROUP_DATA_2011,DEPENDENT_AGE_LIMIT_2,218,int,NULL,10,0,YES,NULL
dbo,GROUP_DATA_2011,COLLEGE_AGE_LIMT_2,219,int,NULL,10,0,YES,NULL
dbo,GROUP_DATA_2011,DISABILITY_AGE_LIMIT_2,220,int,NULL,10,0,YES,NULL
dbo,GROUP_DATA_2011,SPECIAL_AGE_LIMIT_2,221,int,NULL,10,0,YES,NULL
dbo,GROUP_DATA_2011,DEPENDENT_AGE_LIMIT_3,222,int,NULL,10,0,YES,NULL
dbo,GROUP_DATA_2011,COLLEGE_AGE_LIMIT_3,223,int,NULL,10,0,YES,NULL
dbo,GROUP_DATA_2011,DISABILITY_AGE_LIMIT_3,224,int,NULL,10,0,YES,NULL
dbo,GROUP_DATA_2011,SPECIAL_AGE_LIMIT_3,225,int,NULL,10,0,YES,NULL
dbo,GROUP_DATA_2011,NETWORK_NUMBER_90_DAY,226,int,NULL,10,0,YES,NULL
dbo,GROUP_DATA_2011,OPTION_FLAG_90_DAY,227,char,1,NULL,NULL,YES,NULL
dbo,GROUP_DATA_2011,SPONSOR_CHANGE,228,char,15,NULL,NULL,YES,NULL
dbo,GROUP_DATA_2012,GROUP_NUMBER,1,float,NULL,53,NULL,NO,NULL
dbo,GROUP_DATA_2012,GROUP_NAME,2,char,30,NULL,NULL,YES,NULL
dbo,GROUP_DATA_2012,ALT_GROUP_NUMBER,3,char,20,NULL,NULL,YES,NULL
dbo,GROUP_DATA_2012,SPONSOR_NUMBER,4,int,NULL,10,0,YES,NULL
dbo,GROUP_DATA_2012,SPONSOR_NAME,5,char,30,NULL,NULL,YES,NULL
dbo,GROUP_DATA_2012,SYSTEM_NUMBER,6,int,NULL,10,0,YES,NULL
dbo,GROUP_DATA_2012,SYSTEM_NAME,7,char,30,NULL,NULL,YES,NULL
dbo,GROUP_DATA_2012,SYSTEM_LINK,8,char,10,NULL,NULL,YES,NULL
dbo,GROUP_DATA_2012,GROUP_STREET,9,char,30,NULL,NULL,YES,NULL
dbo,GROUP_DATA_2012,GROUP_ZIP,10,int,NULL,10,0,YES,NULL
dbo,GROUP_DATA_2012,GROUP_EFF_DATE,11,datetime,NULL,NULL,NULL,YES,NULL
dbo,GROUP_DATA_2012,GROUP_TER_DATE,12,datetime,NULL,NULL,NULL,YES,NULL
dbo,GROUP_DATA_2012,DISP_FEE_DESCRIPTION,13,char,30,NULL,NULL,YES,NULL
dbo,GROUP_DATA_2012,COPAY_DESCRIPTION,14,char,30,NULL,NULL,YES,NULL
dbo,GROUP_DATA_2012,MASTER_GROUP,15,int,NULL,10,0,YES,NULL
dbo,GROUP_DATA_2012,GROUP_BENEFIT_CODE,16,char,16,NULL,NULL,YES,NULL
dbo,GROUP_DATA_2012,GROUP_MASTER_FLAG,17,char,1,NULL,NULL,YES,NULL
dbo,GROUP_DATA_2012,GROUP_BENEFIT_DESCRIPTION,18,char,30,NULL,NULL,YES,NULL
dbo,GROUP_DATA_2012,ODAW1_TC,19,int,NULL,10,0,YES,NULL
dbo,GROUP_DATA_2012,ODAW2_TC,20,int,NULL,10,0,YES,NULL
dbo,GROUP_DATA_2012,GEN_TC,21,int,NULL,10,0,YES,NULL
dbo,GROUP_DATA_2012,NP_TC,22,int,NULL,10,0,YES,NULL
dbo,GROUP_DATA_2012,SINGLE_TC,23,int,NULL,10,0,YES,NULL
dbo,GROUP_DATA_2012,BRAND_TC,24,int,NULL,10,0,YES,NULL
dbo,GROUP_DATA_2012,BC_TC,25,int,NULL,10,0,YES,NULL
dbo,GROUP_DATA_2012,COPAY_NUMBER,26,int,NULL,10,0,YES,NULL
dbo,GROUP_DATA_2012,FORMULARY,27,smallint,NULL,5,0,YES,NULL
dbo,GROUP_DATA_2012,PLAN_KEY,28,char,12,NULL,NULL,YES,NULL
dbo,GROUP_DATA_2012,SUB_GROUP,29,smallint,NULL,5,0,YES,NULL
dbo,GROUP_DATA_2012,FORMULARY_STRUCTURE,30,char,1,NULL,NULL,YES,NULL
dbo,GROUP_DATA_2012,ACTIVE_SYSTEM,31,char,1,NULL,NULL,YES,NULL
dbo,GROUP_DATA_2012,ODAW1_FIXED,32,decimal,NULL,6,2,YES,NULL
dbo,GROUP_DATA_2012,ODAW1_PCT,33,decimal,NULL,6,4,YES,NULL
dbo,GROUP_DATA_2012,ODAW2_FIXED,34,decimal,NULL,6,2,YES,NULL
dbo,GROUP_DATA_2012,ODAW2_PCT,35,decimal,NULL,6,4,YES,NULL
dbo,GROUP_DATA_2012,GEN_FIXED,36,decimal,NULL,6,2,YES,NULL
dbo,GROUP_DATA_2012,GEN_PCT,37,decimal,NULL,6,4,YES,NULL
dbo,GROUP_DATA_2012,NP_FIXED,38,decimal,NULL,6,2,YES,NULL
dbo,GROUP_DATA_2012,NP_PCT,39,decimal,NULL,6,4,YES,NULL
dbo,GROUP_DATA_2012,SINGLE_FIXED,40,decimal,NULL,6,2,YES,NULL
dbo,GROUP_DATA_2012,SINGLE_PCT,41,decimal,NULL,6,4,YES,NULL
dbo,GROUP_DATA_2012,BRAND_FIXED,42,decimal,NULL,6,2,YES,NULL
dbo,GROUP_DATA_2012,BRAND_PCT,43,decimal,NULL,6,4,YES,NULL
dbo,GROUP_DATA_2012,BC_FIXED,44,decimal,NULL,6,2,YES,NULL
dbo,GROUP_DATA_2012,BC_PCT,45,decimal,NULL,6,4,YES,NULL
dbo,GROUP_DATA_2012,DEPO_TC,46,int,NULL,10,0,YES,NULL
dbo,GROUP_DATA_2012,DEPO_FIXED,47,decimal,NULL,6,2,YES,NULL
dbo,GROUP_DATA_2012,DEPO_PCT,48,decimal,NULL,6,4,YES,NULL
dbo,GROUP_DATA_2012,INJ_TC,49,int,NULL,10,0,YES,NULL
dbo,GROUP_DATA_2012,INJ_FIXED,50,decimal,NULL,6,2,YES,NULL
dbo,GROUP_DATA_2012,INJ_PCT,51,decimal,NULL,6,4,YES,NULL
dbo,GROUP_DATA_2012,SPLIT_TC,52,int,NULL,10,0,YES,NULL
dbo,GROUP_DATA_2012,SPLIT_FIXED,53,decimal,NULL,6,2,YES,NULL
dbo,GROUP_DATA_2012,SPLIT_PCT,54,decimal,NULL,6,4,YES,NULL
dbo,GROUP_DATA_2012,SYS_LINK_DESCRIPTION,55,char,60,NULL,NULL,YES,NULL
dbo,GROUP_DATA_2012,COMP_TC,56,int,NULL,10,0,YES,NULL
dbo,GROUP_DATA_2012,COMP_FIXED,57,decimal,NULL,6,2,YES,NULL
dbo,GROUP_DATA_2012,COMP_PCT,58,decimal,NULL,6,4,YES,NULL
dbo,GROUP_DATA_2012,MULTI_TC,59,int,NULL,10,0,YES,NULL
dbo,GROUP_DATA_2012,MULTI_FIXED,60,decimal,NULL,6,2,YES,NULL
dbo,GROUP_DATA_2012,MULTI_PCT,61,decimal,NULL,6,4,YES,NULL
dbo,GROUP_DATA_2012,NPBC_TC,62,int,NULL,10,0,YES,NULL
dbo,GROUP_DATA_2012,NPBC_FIXED,63,decimal,NULL,6,2,YES,NULL
dbo,GROUP_DATA_2012,NPBC_PCT,64,decimal,NULL,6,4,YES,NULL
dbo,GROUP_DATA_2012,NPDAW1_TC,65,int,NULL,10,0,YES,NULL
dbo,GROUP_DATA_2012,NPDAW1_FIXED,66,decimal,NULL,6,2,YES,NULL
dbo,GROUP_DATA_2012,NPDAW1_PCT,67,decimal,NULL,6,4,YES,NULL
dbo,GROUP_DATA_2012,NPDAW2_TC,68,int,NULL,10,0,YES,NULL
dbo,GROUP_DATA_2012,NPDAW2_FIXED,69,decimal,NULL,6,2,YES,NULL
dbo,GROUP_DATA_2012,NPDAW2_PCT,70,decimal,NULL,6,4,YES,NULL
dbo,GROUP_DATA_2012,NPM_TC,71,int,NULL,10,0,YES,NULL
dbo,GROUP_DATA_2012,NPM_FIXED,72,decimal,NULL,6,2,YES,NULL
dbo,GROUP_DATA_2012,NPM_PCT,73,decimal,NULL,6,4,YES,NULL
dbo,GROUP_DATA_2012,NPN_TC,74,int,NULL,10,0,YES,NULL
dbo,GROUP_DATA_2012,NPN_FIXED,75,decimal,NULL,6,2,YES,NULL
dbo,GROUP_DATA_2012,NPN_PCT,76,decimal,NULL,6,4,YES,NULL
dbo,GROUP_DATA_2012,ODAW3_TC,77,int,NULL,10,0,YES,NULL
dbo,GROUP_DATA_2012,ODAW3_FIXED,78,decimal,NULL,6,2,YES,NULL
dbo,GROUP_DATA_2012,ODAW3_PCT,79,decimal,NULL,6,4,YES,NULL
dbo,GROUP_DATA_2012,DIFF_FLAG,80,char,1,NULL,NULL,YES,NULL
dbo,GROUP_DATA_2012,DIFF_TABLE_1,81,int,NULL,10,0,YES,NULL
dbo,GROUP_DATA_2012,DIFF_EFF_1,82,datetime,NULL,NULL,NULL,YES,NULL
dbo,GROUP_DATA_2012,DIFF_TER_1,83,datetime,NULL,NULL,NULL,YES,NULL
dbo,GROUP_DATA_2012,DIFF_TABLE_2,84,int,NULL,10,0,YES,NULL
dbo,GROUP_DATA_2012,DIFF_EFF_2,85,datetime,NULL,NULL,NULL,YES,NULL
dbo,GROUP_DATA_2012,DIFF_TER_2,86,datetime,NULL,NULL,NULL,YES,NULL
dbo,GROUP_DATA_2012,DIFF_TABLE_3,87,int,NULL,10,0,YES,NULL
dbo,GROUP_DATA_2012,DIFF_EFF_3,88,datetime,NULL,NULL,NULL,YES,NULL
dbo,GROUP_DATA_2012,DIFF_TER_3,89,datetime,NULL,NULL,NULL,YES,NULL
dbo,GROUP_DATA_2012,WAREHOUSE_GRP_POST_DATE,90,datetime,NULL,NULL,NULL,YES,NULL
dbo,GROUP_DATA_2012,SYS_STREET_1,91,varchar,30,NULL,NULL,YES,NULL
dbo,GROUP_DATA_2012,SYS_STREET_2,92,varchar,30,NULL,NULL,YES,NULL
dbo,GROUP_DATA_2012,SYS_CITY,93,varchar,18,NULL,NULL,YES,NULL
dbo,GROUP_DATA_2012,SYS_STATE,94,varchar,2,NULL,NULL,YES,NULL
dbo,GROUP_DATA_2012,SYS_ZIP,95,varchar,5,NULL,NULL,YES,NULL
dbo,GROUP_DATA_2012,SYS_ZIP_4,96,varchar,4,NULL,NULL,YES,NULL
dbo,GROUP_DATA_2012,SPO_STREET_1,97,varchar,24,NULL,NULL,YES,NULL
dbo,GROUP_DATA_2012,SPO_STREET_2,98,varchar,24,NULL,NULL,YES,NULL
dbo,GROUP_DATA_2012,SPO_CITY,99,varchar,18,NULL,NULL,YES,NULL
dbo,GROUP_DATA_2012,SPO_STATE,100,varchar,2,NULL,NULL,YES,NULL
dbo,GROUP_DATA_2012,SPO_ZIP_4,101,varchar,4,NULL,NULL,YES,NULL
dbo,GROUP_DATA_2012,SPO_NO_FINANCIAL,102,varchar,1,NULL,NULL,YES,NULL
dbo,GROUP_DATA_2012,SPO_MAIL_RETAIL_FLAG,103,varchar,1,NULL,NULL,YES,NULL
dbo,GROUP_DATA_2012,GROUP_CITY,104,varchar,18,NULL,NULL,YES,NULL
dbo,GROUP_DATA_2012,GROUP_STATE,105,varchar,2,NULL,NULL,YES,NULL
dbo,GROUP_DATA_2012,SPO_ZIP,106,varchar,5,NULL,NULL,YES,NULL
dbo,GROUP_DATA_2012,AcctType,107,varchar,50,NULL,NULL,YES,NULL
dbo,GROUP_DATA_2012,PURGE_STATUS,108,int,NULL,10,0,YES,NULL
dbo,GROUP_DATA_2012,SYSTEM_T_OFF_CYCLE,109,varchar,1,NULL,NULL,YES,NULL
dbo,GROUP_DATA_2012,PHYSICIAN_CODE_OPTION,110,varchar,1,NULL,NULL,YES,NULL
dbo,GROUP_DATA_2012,DEPENDENT_ELIG_OPTION,111,varchar,1,NULL,NULL,YES,NULL
dbo,GROUP_DATA_2012,VALID_BIRTH_OPTION,112,varchar,1,NULL,NULL,YES,NULL
dbo,GROUP_DATA_2012,CARDHOLDER_NUMBER_FLAG,113,varchar,1,NULL,NULL,YES,NULL
dbo,GROUP_DATA_2012,ACCUM_PROCESS,114,varchar,1,NULL,NULL,YES,NULL
dbo,GROUP_DATA_2012,BROKER,115,varchar,12,NULL,NULL,YES,NULL
dbo,GROUP_DATA_2012,SYSTEM_CLIENT_TYPE,116,varchar,5,NULL,NULL,YES,NULL
dbo,GROUP_DATA_2012,SPONSOR_ACCOUNT_TYPE,117,varchar,10,NULL,NULL,YES,NULL
dbo,GROUP_DATA_2012,IN_PATCH,118,char,1,NULL,NULL,YES,NULL
dbo,GROUP_DATA_2012,ENTRY_DATE,119,datetime,NULL,NULL,NULL,YES,NULL
dbo,GROUP_DATA_2012,CHANGE_DATE,120,datetime,NULL,NULL,NULL,YES,NULL
dbo,GROUP_DATA_2012,NETWORK_1,121,int,NULL,10,0,YES,NULL
dbo,GROUP_DATA_2012,NETWORK_EFFECTIVE_1,122,datetime,NULL,NULL,NULL,YES,NULL
dbo,GROUP_DATA_2012,NETWORK_TERM_1,123,datetime,NULL,NULL,NULL,YES,NULL
dbo,GROUP_DATA_2012,NETWORK_2,124,int,NULL,10,0,YES,NULL
dbo,GROUP_DATA_2012,NETWORK_EFFECTIVE_2,125,datetime,NULL,NULL,NULL,YES,NULL
dbo,GROUP_DATA_2012,NETWORK_TERM_2,126,datetime,NULL,NULL,NULL,YES,NULL
dbo,GROUP_DATA_2012,NETWORK_3,127,int,NULL,10,0,YES,NULL
dbo,GROUP_DATA_2012,NETWORK_EFFECTIVE_3,128,datetime,NULL,NULL,NULL,YES,NULL
dbo,GROUP_DATA_2012,NETWORK_TERM_3,129,datetime,NULL,NULL,NULL,YES,NULL
dbo,GROUP_DATA_2012,NETWORK_4,130,int,NULL,10,0,YES,NULL
dbo,GROUP_DATA_2012,NETWORK_EFFECTIVE_4,131,datetime,NULL,NULL,NULL,YES,NULL
dbo,GROUP_DATA_2012,NETWORK_TERM_4,132,datetime,NULL,NULL,NULL,YES,NULL
dbo,GROUP_DATA_2012,NETWORK_5,133,int,NULL,10,0,YES,NULL
dbo,GROUP_DATA_2012,NETWORK_EFFECTIVE_5,134,datetime,NULL,NULL,NULL,YES,NULL
dbo,GROUP_DATA_2012,NETWORK_TERM_5,135,datetime,NULL,NULL,NULL,YES,NULL
dbo,GROUP_DATA_2012,NETWORK_6,136,int,NULL,10,0,YES,NULL
dbo,GROUP_DATA_2012,NETWORK_EFFECTIVE_6,137,datetime,NULL,NULL,NULL,YES,NULL
dbo,GROUP_DATA_2012,NETWORK_TERM_6,138,datetime,NULL,NULL,NULL,YES,NULL
dbo,GROUP_DATA_2012,NETWORK_7,139,int,NULL,10,0,YES,NULL
dbo,GROUP_DATA_2012,NETWORK_EFFECTIVE_7,140,datetime,NULL,NULL,NULL,YES,NULL
dbo,GROUP_DATA_2012,NETWORK_TERM_7,141,datetime,NULL,NULL,NULL,YES,NULL
dbo,GROUP_DATA_2012,NETWORK_8,142,int,NULL,10,0,YES,NULL
dbo,GROUP_DATA_2012,NETWORK_EFFECTIVE_8,143,datetime,NULL,NULL,NULL,YES,NULL
dbo,GROUP_DATA_2012,NETWORK_TERM_8,144,datetime,NULL,NULL,NULL,YES,NULL
dbo,GROUP_DATA_2012,NETWORK_9,145,int,NULL,10,0,YES,NULL
dbo,GROUP_DATA_2012,NETWORK_EFFECTIVE_9,146,datetime,NULL,NULL,NULL,YES,NULL
dbo,GROUP_DATA_2012,NETWORK_TERM_9,147,datetime,NULL,NULL,NULL,YES,NULL
dbo,GROUP_DATA_2012,NETWORK_10,148,int,NULL,10,0,YES,NULL
dbo,GROUP_DATA_2012,NETWORK_EFFECTIVE_10,149,datetime,NULL,NULL,NULL,YES,NULL
dbo,GROUP_DATA_2012,NETWORK_TERM_10,150,datetime,NULL,NULL,NULL,YES,NULL
dbo,GROUP_DATA_2012,BIRTH_MONTH_FLAG,151,char,2,NULL,NULL,YES,NULL
dbo,GROUP_DATA_2012,MAIL_ORDER_NABP_1,152,int,NULL,10,0,YES,NULL
dbo,GROUP_DATA_2012,MAIL_ORDER_EFF_1,153,datetime,NULL,NULL,NULL,YES,NULL
dbo,GROUP_DATA_2012,MAIL_ORDER_NABP_2,154,int,NULL,10,0,YES,NULL
dbo,GROUP_DATA_2012,MAIL_ORDER_EFF_2,155,datetime,NULL,NULL,NULL,YES,NULL
dbo,GROUP_DATA_2012,MAIL_ORDER_NABP_3,156,int,NULL,10,0,YES,NULL
dbo,GROUP_DATA_2012,MAIL_ORDER_EFF_3,157,datetime,NULL,NULL,NULL,YES,NULL
dbo,GROUP_DATA_2012,DEDUCT_COPAY,158,int,NULL,10,0,YES,NULL
dbo,GROUP_DATA_2012,MAX_COPAY,159,int,NULL,10,0,YES,NULL
dbo,GROUP_DATA_2012,TROOP_COPAY,160,int,NULL,10,0,YES,NULL
dbo,GROUP_DATA_2012,ROLLOVER_DATE_2,161,datetime,NULL,NULL,NULL,YES,NULL
dbo,GROUP_DATA_2012,ROLLOVER_DATE_3,162,datetime,NULL,NULL,NULL,YES,NULL
dbo,GROUP_DATA_2012,ROLLOVER_DATE_4,163,datetime,NULL,NULL,NULL,YES,NULL
dbo,GROUP_DATA_2012,ROLLOVER_DATE_5,164,datetime,NULL,NULL,NULL,YES,NULL
dbo,GROUP_DATA_2012,ROLLOVER_DATE_6,165,datetime,NULL,NULL,NULL,YES,NULL
dbo,GROUP_DATA_2012,ROLLOVER_DATE_7,166,datetime,NULL,NULL,NULL,YES,NULL
dbo,GROUP_DATA_2012,ROLLOVER_DATE_8,167,datetime,NULL,NULL,NULL,YES,NULL
dbo,GROUP_DATA_2012,ROLLOVER_DATE_9,168,datetime,NULL,NULL,NULL,YES,NULL
dbo,GROUP_DATA_2012,ROLLOVER_DATE_10,169,datetime,NULL,NULL,NULL,YES,NULL
dbo,GROUP_DATA_2012,ROLLOVER_DATE_1,170,datetime,NULL,NULL,NULL,YES,NULL
dbo,GROUP_DATA_2012,DISP_FEE_EFF_DATE_1,171,datetime,NULL,NULL,NULL,YES,NULL
dbo,GROUP_DATA_2012,COPAY_EFF_DATE_1,172,datetime,NULL,NULL,NULL,YES,NULL
dbo,GROUP_DATA_2012,COPAY_NUMBER_1,173,int,NULL,10,0,YES,NULL
dbo,GROUP_DATA_2012,COPAY_NUMBER_2,174,int,NULL,10,0,YES,NULL
dbo,GROUP_DATA_2012,PLAN_EFF_DATE_1,175,datetime,NULL,NULL,NULL,YES,NULL
dbo,GROUP_DATA_2012,LIMIT_KIND_1,176,varchar,1,NULL,NULL,YES,NULL
dbo,GROUP_DATA_2012,PLAN_NUMBER_2,177,varchar,4,NULL,NULL,YES,NULL
dbo,GROUP_DATA_2012,LIMIT_KIND_2,178,varchar,1,NULL,NULL,YES,NULL
dbo,GROUP_DATA_2012,PLAN_NAME,179,varchar,30,NULL,NULL,YES,NULL
dbo,GROUP_DATA_2012,MAX_SINGLE,180,int,NULL,10,0,YES,NULL
dbo,GROUP_DATA_2012,MAX_FAMILY,181,int,NULL,10,0,YES,NULL
dbo,GROUP_DATA_2012,DEDUCT_SINGLE,182,int,NULL,10,0,YES,NULL
dbo,GROUP_DATA_2012,DEDUCT_FAMILY,183,int,NULL,10,0,YES,NULL
dbo,GROUP_DATA_2012,LIMIT_MONTHS,184,int,NULL,10,0,YES,NULL
dbo,GROUP_DATA_2012,LIMIT_MEMBER,185,int,NULL,10,0,YES,NULL
dbo,GROUP_DATA_2012,GROUP_STREET_2,186,varchar,40,NULL,NULL,YES,NULL
dbo,GROUP_DATA_2012,DEPENDENT_ELIGIBILITY,187,varchar,1,NULL,NULL,YES,NULL
dbo,GROUP_DATA_2012,DEDUCT_COPAY_2,188,int,NULL,10,0,YES,NULL
dbo,GROUP_DATA_2012,MAX_COPAY_2,189,int,NULL,10,0,YES,NULL
dbo,GROUP_DATA_2012,LIMIT_KIND_3,190,varchar,1,NULL,NULL,YES,NULL
dbo,GROUP_DATA_2012,DEDUCT_COPAY_3,191,int,NULL,10,0,YES,NULL
dbo,GROUP_DATA_2012,MAX_COPAY_3,192,int,NULL,10,0,YES,NULL
dbo,GROUP_DATA_2012,LIMIT_KIND_4,193,varchar,1,NULL,NULL,YES,NULL
dbo,GROUP_DATA_2012,DEDUCT_COPAY_4,194,int,NULL,10,0,YES,NULL
dbo,GROUP_DATA_2012,MAX_COPAY_4,195,int,NULL,10,0,YES,NULL
dbo,GROUP_DATA_2012,LIMIT_KIND_5,196,varchar,1,NULL,NULL,YES,NULL
dbo,GROUP_DATA_2012,DEDUCT_COPAY_5,197,int,NULL,10,0,YES,NULL
dbo,GROUP_DATA_2012,MAX_COPAY_5,198,int,NULL,10,0,YES,NULL
dbo,GROUP_DATA_2012,LIMIT_KIND_6,199,varchar,1,NULL,NULL,YES,NULL
dbo,GROUP_DATA_2012,DEDUCT_COPAY_6,200,int,NULL,10,0,YES,NULL
dbo,GROUP_DATA_2012,MAX_COPAY_6,201,int,NULL,10,0,YES,NULL
dbo,GROUP_DATA_2012,LIMIT_KIND_7,202,varchar,1,NULL,NULL,YES,NULL
dbo,GROUP_DATA_2012,DEDUCT_COPAY_7,203,int,NULL,10,0,YES,NULL
dbo,GROUP_DATA_2012,MAX_COPAY_7,204,int,NULL,10,0,YES,NULL
dbo,GROUP_DATA_2012,LIMIT_KIND_8,205,varchar,1,NULL,NULL,YES,NULL
dbo,GROUP_DATA_2012,DEDUCT_COPAY_8,206,int,NULL,10,0,YES,NULL
dbo,GROUP_DATA_2012,MAX_COPAY_8,207,int,NULL,10,0,YES,NULL
dbo,GROUP_DATA_2012,LIMIT_KIND_9,208,varchar,1,NULL,NULL,YES,NULL
dbo,GROUP_DATA_2012,DEDUCT_COPAY_9,209,int,NULL,10,0,YES,NULL
dbo,GROUP_DATA_2012,MAX_COPAY_9,210,int,NULL,10,0,YES,NULL
dbo,GROUP_DATA_2012,LIMIT_KIND_10,211,varchar,1,NULL,NULL,YES,NULL
dbo,GROUP_DATA_2012,DEDUCT_COPAY_10,212,int,NULL,10,0,YES,NULL
dbo,GROUP_DATA_2012,MAX_COPAY_10,213,int,NULL,10,0,YES,NULL
dbo,GROUP_DATA_2012,DEPENDENT_AGE_LIMT_1,214,int,NULL,10,0,YES,NULL
dbo,GROUP_DATA_2012,COLLEGE_AGE_LIMIT_1,215,int,NULL,10,0,YES,NULL
dbo,GROUP_DATA_2012,DISABILITY_AGE_LIMIT_1,216,int,NULL,10,0,YES,NULL
dbo,GROUP_DATA_2012,SPECIAL_AGE_LIMIT_1,217,int,NULL,10,0,YES,NULL
dbo,GROUP_DATA_2012,DEPENDENT_AGE_LIMIT_2,218,int,NULL,10,0,YES,NULL
dbo,GROUP_DATA_2012,COLLEGE_AGE_LIMT_2,219,int,NULL,10,0,YES,NULL
dbo,GROUP_DATA_2012,DISABILITY_AGE_LIMIT_2,220,int,NULL,10,0,YES,NULL
dbo,GROUP_DATA_2012,SPECIAL_AGE_LIMIT_2,221,int,NULL,10,0,YES,NULL
dbo,GROUP_DATA_2012,DEPENDENT_AGE_LIMIT_3,222,int,NULL,10,0,YES,NULL
dbo,GROUP_DATA_2012,COLLEGE_AGE_LIMIT_3,223,int,NULL,10,0,YES,NULL
dbo,GROUP_DATA_2012,DISABILITY_AGE_LIMIT_3,224,int,NULL,10,0,YES,NULL
dbo,GROUP_DATA_2012,SPECIAL_AGE_LIMIT_3,225,int,NULL,10,0,YES,NULL
dbo,GROUP_DATA_2012,NETWORK_NUMBER_90_DAY,226,int,NULL,10,0,YES,NULL
dbo,GROUP_DATA_2012,OPTION_FLAG_90_DAY,227,char,1,NULL,NULL,YES,NULL
dbo,GROUP_DATA_2012,SPONSOR_CHANGE,228,char,15,NULL,NULL,YES,NULL
dbo,GROUP_DATA_2012,AGE_DATE_CYMD_1,229,datetime,NULL,NULL,NULL,YES,NULL
dbo,GROUP_DATA_2012,AGE_DATE_CYMD_2,230,datetime,NULL,NULL,NULL,YES,NULL
dbo,GROUP_DATA_2012,AGE_DATE_CYMD_3,231,datetime,NULL,NULL,NULL,YES,NULL
dbo,GROUP_DATA_2012,AO_CYMD_1,232,datetime,NULL,NULL,NULL,YES,NULL
dbo,GROUP_DATA_2012,AO_NUMBER_1,233,int,NULL,10,0,YES,NULL
dbo,GROUP_DATA_2012,AO_CYMD_2,234,datetime,NULL,NULL,NULL,YES,NULL
dbo,GROUP_DATA_2012,AO_NUMBER_2,235,int,NULL,10,0,YES,NULL
dbo,GROUP_DATA_2012,AO_CYMD_3,236,datetime,NULL,NULL,NULL,YES,NULL
dbo,GROUP_DATA_2012,AO_NUMBER_3,237,int,NULL,10,0,YES,NULL
dbo,GROUP_DATA_2012,AO_CYMD_4,238,datetime,NULL,NULL,NULL,YES,NULL
dbo,GROUP_DATA_2012,AO_NUMBER_4,239,int,NULL,10,0,YES,NULL
dbo,GROUP_DATA_2012,AO_CYMD_5,240,datetime,NULL,NULL,NULL,YES,NULL
dbo,GROUP_DATA_2012,AO_NUMBER_5,241,int,NULL,10,0,YES,NULL
dbo,GROUP_DATA_2012,BACK_BILL_DATE,242,datetime,NULL,NULL,NULL,YES,NULL
dbo,GROUP_DATA_2012,BACK_BILL_TYP_CODE,243,char,1,NULL,NULL,YES,NULL
dbo,GROUP_DATA_2012,CARD_FLAG,244,char,8,NULL,NULL,YES,NULL
dbo,GROUP_DATA_2012,CARDS_SINGLE,245,int,NULL,10,0,YES,NULL
dbo,GROUP_DATA_2012,CARDS_FAMILY,246,int,NULL,10,0,YES,NULL
dbo,GROUP_DATA_2012,DISP_FEE_EFF_DATE_2,247,datetime,NULL,NULL,NULL,YES,NULL
dbo,GROUP_DATA_2012,DISP_FEE_EFF_DATE_3,248,datetime,NULL,NULL,NULL,YES,NULL
dbo,GROUP_DATA_2012,DISP_SCHEDULE_NUMBER_1,249,int,NULL,10,0,YES,NULL
dbo,GROUP_DATA_2012,DISP_SCHEDULE_NUMBER_2,250,int,NULL,10,0,YES,NULL
dbo,GROUP_DATA_2012,DISP_SCHEDULE_NUMBER_3,251,int,NULL,10,0,YES,NULL
dbo,GROUP_DATA_2012,DRUG_DETAIL_FLAG,252,char,1,NULL,NULL,YES,NULL
dbo,GROUP_DATA_2012,PA_PHONE,253,char,21,NULL,NULL,YES,NULL
dbo,GROUP_DATA_2012,PERIOD_ENDING_DATE,254,datetime,NULL,NULL,NULL,YES,NULL
dbo,GROUP_DATA_2012,SUB_FLAG,255,char,1,NULL,NULL,YES,NULL
dbo,GROUP_DATA_2012,TROOP_COPAY_2,256,int,NULL,10,0,YES,NULL
dbo,GROUP_DATA_2012,TROOP_COPAY_3,257,int,NULL,10,0,YES,NULL
dbo,GROUP_DATA_2012,TROOP_EFF_DATE_1,258,datetime,NULL,NULL,NULL,YES,NULL
dbo,GROUP_DATA_2012,TROOP_EFF_DATE_2,259,datetime,NULL,NULL,NULL,YES,NULL
dbo,GROUP_DATA_2012,TROOP_EFF_DATE_3,260,datetime,NULL,NULL,NULL,YES,NULL
dbo,GROUP_DATA_2012,YEAR_ROLL_DATE_1,261,datetime,NULL,NULL,NULL,YES,NULL
dbo,GROUP_DATA_2012,YEAR_ROLL_DATE_2,262,datetime,NULL,NULL,NULL,YES,NULL
dbo,GROUP_DATA_2012,YEAR_ROLL_DATE_3,263,datetime,NULL,NULL,NULL,YES,NULL
dbo,GROUP_DATA_2012,COPAY_EFF_2,264,datetime,NULL,NULL,NULL,YES,NULL
dbo,GROUP_DATA_2012,COPAY_EFF_3,265,datetime,NULL,NULL,NULL,YES,NULL
dbo,GROUP_DATA_2012,COPAY_EFF_4,266,datetime,NULL,NULL,NULL,YES,NULL
dbo,GROUP_DATA_2012,COPAY_EFF_5,267,datetime,NULL,NULL,NULL,YES,NULL
dbo,GROUP_DATA_2012,COPAY_EFF_6,268,datetime,NULL,NULL,NULL,YES,NULL
dbo,GROUP_DATA_2012,COPAY_EFF_7,269,datetime,NULL,NULL,NULL,YES,NULL
dbo,GROUP_DATA_2012,COPAY_EFF_8,270,datetime,NULL,NULL,NULL,YES,NULL
dbo,GROUP_DATA_2012,COPAY_EFF_9,271,datetime,NULL,NULL,NULL,YES,NULL
dbo,GROUP_DATA_2012,COPAY_EFF_10,272,datetime,NULL,NULL,NULL,YES,NULL
dbo,GROUP_DATA_2012,COPAY_NUM_3,273,int,NULL,10,0,YES,NULL
dbo,GROUP_DATA_2012,COPAY_NUM_4,274,int,NULL,10,0,YES,NULL
dbo,GROUP_DATA_2012,COPAY_NUM_5,275,int,NULL,10,0,YES,NULL
dbo,GROUP_DATA_2012,COPAY_NUM_6,276,int,NULL,10,0,YES,NULL
dbo,GROUP_DATA_2012,COPAY_NUM_7,277,int,NULL,10,0,YES,NULL
dbo,GROUP_DATA_2012,COPAY_NUM_8,278,int,NULL,10,0,YES,NULL
dbo,GROUP_DATA_2012,COPAY_NUM_9,279,int,NULL,10,0,YES,NULL
dbo,GROUP_DATA_2012,COPAY_NUM_10,280,int,NULL,10,0,YES,NULL
dbo,GROUP_DATA_2012,POS_TIP,281,char,1,NULL,NULL,YES,NULL
dbo,GROUP_DATA_2012,DS_TERM_LOGIC,282,char,1,NULL,NULL,YES,NULL
dbo,GROUP_DATA_2013,GROUP_NUMBER,1,float,NULL,53,NULL,NO,NULL
dbo,GROUP_DATA_2013,GROUP_NAME,2,char,30,NULL,NULL,YES,NULL
dbo,GROUP_DATA_2013,ALT_GROUP_NUMBER,3,char,20,NULL,NULL,YES,NULL
dbo,GROUP_DATA_2013,SPONSOR_NUMBER,4,int,NULL,10,0,YES,NULL
dbo,GROUP_DATA_2013,SPONSOR_NAME,5,char,30,NULL,NULL,YES,NULL
dbo,GROUP_DATA_2013,SYSTEM_NUMBER,6,int,NULL,10,0,YES,NULL
dbo,GROUP_DATA_2013,SYSTEM_NAME,7,char,30,NULL,NULL,YES,NULL
dbo,GROUP_DATA_2013,SYSTEM_LINK,8,char,10,NULL,NULL,YES,NULL
dbo,GROUP_DATA_2013,GROUP_STREET,9,char,30,NULL,NULL,YES,NULL
dbo,GROUP_DATA_2013,GROUP_ZIP,10,varchar,5,NULL,NULL,YES,NULL
dbo,GROUP_DATA_2013,GROUP_EFF_DATE,11,datetime,NULL,NULL,NULL,YES,NULL
dbo,GROUP_DATA_2013,GROUP_TER_DATE,12,datetime,NULL,NULL,NULL,YES,NULL
dbo,GROUP_DATA_2013,DISP_FEE_DESCRIPTION,13,char,30,NULL,NULL,YES,NULL
dbo,GROUP_DATA_2013,COPAY_DESCRIPTION,14,char,30,NULL,NULL,YES,NULL
dbo,GROUP_DATA_2013,MASTER_GROUP,15,int,NULL,10,0,YES,NULL
dbo,GROUP_DATA_2013,GROUP_BENEFIT_CODE,16,char,16,NULL,NULL,YES,NULL
dbo,GROUP_DATA_2013,GROUP_MASTER_FLAG,17,char,1,NULL,NULL,YES,NULL
dbo,GROUP_DATA_2013,GROUP_BENEFIT_DESCRIPTION,18,char,30,NULL,NULL,YES,NULL
dbo,GROUP_DATA_2013,ODAW1_TC,19,int,NULL,10,0,YES,NULL
dbo,GROUP_DATA_2013,ODAW2_TC,20,int,NULL,10,0,YES,NULL
dbo,GROUP_DATA_2013,GEN_TC,21,int,NULL,10,0,YES,NULL
dbo,GROUP_DATA_2013,NP_TC,22,int,NULL,10,0,YES,NULL
dbo,GROUP_DATA_2013,SINGLE_TC,23,int,NULL,10,0,YES,NULL
dbo,GROUP_DATA_2013,BRAND_TC,24,int,NULL,10,0,YES,NULL
dbo,GROUP_DATA_2013,BC_TC,25,int,NULL,10,0,YES,NULL
dbo,GROUP_DATA_2013,COPAY_NUMBER,26,int,NULL,10,0,YES,NULL
dbo,GROUP_DATA_2013,FORMULARY,27,smallint,NULL,5,0,YES,NULL
dbo,GROUP_DATA_2013,PLAN_KEY,28,char,12,NULL,NULL,YES,NULL
dbo,GROUP_DATA_2013,SUB_GROUP,29,smallint,NULL,5,0,YES,NULL
dbo,GROUP_DATA_2013,FORMULARY_STRUCTURE,30,char,1,NULL,NULL,YES,NULL
dbo,GROUP_DATA_2013,ACTIVE_SYSTEM,31,char,1,NULL,NULL,YES,NULL
dbo,GROUP_DATA_2013,ODAW1_FIXED,32,decimal,NULL,6,2,YES,NULL
dbo,GROUP_DATA_2013,ODAW1_PCT,33,decimal,NULL,6,4,YES,NULL
dbo,GROUP_DATA_2013,ODAW2_FIXED,34,decimal,NULL,6,2,YES,NULL
dbo,GROUP_DATA_2013,ODAW2_PCT,35,decimal,NULL,6,4,YES,NULL
dbo,GROUP_DATA_2013,GEN_FIXED,36,decimal,NULL,6,2,YES,NULL
dbo,GROUP_DATA_2013,GEN_PCT,37,decimal,NULL,6,4,YES,NULL
dbo,GROUP_DATA_2013,NP_FIXED,38,decimal,NULL,6,2,YES,NULL
dbo,GROUP_DATA_2013,NP_PCT,39,decimal,NULL,6,4,YES,NULL
dbo,GROUP_DATA_2013,SINGLE_FIXED,40,decimal,NULL,6,2,YES,NULL
dbo,GROUP_DATA_2013,SINGLE_PCT,41,decimal,NULL,6,4,YES,NULL
dbo,GROUP_DATA_2013,BRAND_FIXED,42,decimal,NULL,6,2,YES,NULL
dbo,GROUP_DATA_2013,BRAND_PCT,43,decimal,NULL,6,4,YES,NULL
dbo,GROUP_DATA_2013,BC_FIXED,44,decimal,NULL,6,2,YES,NULL
dbo,GROUP_DATA_2013,BC_PCT,45,decimal,NULL,6,4,YES,NULL
dbo,GROUP_DATA_2013,DEPO_TC,46,int,NULL,10,0,YES,NULL
dbo,GROUP_DATA_2013,DEPO_FIXED,47,decimal,NULL,6,2,YES,NULL
dbo,GROUP_DATA_2013,DEPO_PCT,48,decimal,NULL,6,4,YES,NULL
dbo,GROUP_DATA_2013,INJ_TC,49,int,NULL,10,0,YES,NULL
dbo,GROUP_DATA_2013,INJ_FIXED,50,decimal,NULL,6,2,YES,NULL
dbo,GROUP_DATA_2013,INJ_PCT,51,decimal,NULL,6,4,YES,NULL
dbo,GROUP_DATA_2013,SPLIT_TC,52,int,NULL,10,0,YES,NULL
dbo,GROUP_DATA_2013,SPLIT_FIXED,53,decimal,NULL,6,2,YES,NULL
dbo,GROUP_DATA_2013,SPLIT_PCT,54,decimal,NULL,6,4,YES,NULL
dbo,GROUP_DATA_2013,SYS_LINK_DESCRIPTION,55,char,60,NULL,NULL,YES,NULL
dbo,GROUP_DATA_2013,COMP_TC,56,int,NULL,10,0,YES,NULL
dbo,GROUP_DATA_2013,COMP_FIXED,57,decimal,NULL,6,2,YES,NULL
dbo,GROUP_DATA_2013,COMP_PCT,58,decimal,NULL,6,4,YES,NULL
dbo,GROUP_DATA_2013,MULTI_TC,59,int,NULL,10,0,YES,NULL
dbo,GROUP_DATA_2013,MULTI_FIXED,60,decimal,NULL,6,2,YES,NULL
dbo,GROUP_DATA_2013,MULTI_PCT,61,decimal,NULL,6,4,YES,NULL
dbo,GROUP_DATA_2013,NPBC_TC,62,int,NULL,10,0,YES,NULL
dbo,GROUP_DATA_2013,NPBC_FIXED,63,decimal,NULL,6,2,YES,NULL
dbo,GROUP_DATA_2013,NPBC_PCT,64,decimal,NULL,6,4,YES,NULL
dbo,GROUP_DATA_2013,NPDAW1_TC,65,int,NULL,10,0,YES,NULL
dbo,GROUP_DATA_2013,NPDAW1_FIXED,66,decimal,NULL,6,2,YES,NULL
dbo,GROUP_DATA_2013,NPDAW1_PCT,67,decimal,NULL,6,4,YES,NULL
dbo,GROUP_DATA_2013,NPDAW2_TC,68,int,NULL,10,0,YES,NULL
dbo,GROUP_DATA_2013,NPDAW2_FIXED,69,decimal,NULL,6,2,YES,NULL
dbo,GROUP_DATA_2013,NPDAW2_PCT,70,decimal,NULL,6,4,YES,NULL
dbo,GROUP_DATA_2013,NPM_TC,71,int,NULL,10,0,YES,NULL
dbo,GROUP_DATA_2013,NPM_FIXED,72,decimal,NULL,6,2,YES,NULL
dbo,GROUP_DATA_2013,NPM_PCT,73,decimal,NULL,6,4,YES,NULL
dbo,GROUP_DATA_2013,NPN_TC,74,int,NULL,10,0,YES,NULL
dbo,GROUP_DATA_2013,NPN_FIXED,75,decimal,NULL,6,2,YES,NULL
dbo,GROUP_DATA_2013,NPN_PCT,76,decimal,NULL,6,4,YES,NULL
dbo,GROUP_DATA_2013,ODAW3_TC,77,int,NULL,10,0,YES,NULL
dbo,GROUP_DATA_2013,ODAW3_FIXED,78,decimal,NULL,6,2,YES,NULL
dbo,GROUP_DATA_2013,ODAW3_PCT,79,decimal,NULL,6,4,YES,NULL
dbo,GROUP_DATA_2013,DIFF_FLAG,80,char,1,NULL,NULL,YES,NULL
dbo,GROUP_DATA_2013,DIFF_TABLE_1,81,int,NULL,10,0,YES,NULL
dbo,GROUP_DATA_2013,DIFF_EFF_1,82,datetime,NULL,NULL,NULL,YES,NULL
dbo,GROUP_DATA_2013,DIFF_TER_1,83,datetime,NULL,NULL,NULL,YES,NULL
dbo,GROUP_DATA_2013,DIFF_TABLE_2,84,int,NULL,10,0,YES,NULL
dbo,GROUP_DATA_2013,DIFF_EFF_2,85,datetime,NULL,NULL,NULL,YES,NULL
dbo,GROUP_DATA_2013,DIFF_TER_2,86,datetime,NULL,NULL,NULL,YES,NULL
dbo,GROUP_DATA_2013,DIFF_TABLE_3,87,int,NULL,10,0,YES,NULL
dbo,GROUP_DATA_2013,DIFF_EFF_3,88,datetime,NULL,NULL,NULL,YES,NULL
dbo,GROUP_DATA_2013,DIFF_TER_3,89,datetime,NULL,NULL,NULL,YES,NULL
dbo,GROUP_DATA_2013,WAREHOUSE_GRP_POST_DATE,90,datetime,NULL,NULL,NULL,YES,NULL
dbo,GROUP_DATA_2013,SYS_STREET_1,91,varchar,30,NULL,NULL,YES,NULL
dbo,GROUP_DATA_2013,SYS_STREET_2,92,varchar,30,NULL,NULL,YES,NULL
dbo,GROUP_DATA_2013,SYS_CITY,93,varchar,18,NULL,NULL,YES,NULL
dbo,GROUP_DATA_2013,SYS_STATE,94,varchar,2,NULL,NULL,YES,NULL
dbo,GROUP_DATA_2013,SYS_ZIP,95,varchar,5,NULL,NULL,YES,NULL
dbo,GROUP_DATA_2013,SYS_ZIP_4,96,varchar,4,NULL,NULL,YES,NULL
dbo,GROUP_DATA_2013,SPO_STREET_1,97,varchar,24,NULL,NULL,YES,NULL
dbo,GROUP_DATA_2013,SPO_STREET_2,98,varchar,24,NULL,NULL,YES,NULL
dbo,GROUP_DATA_2013,SPO_CITY,99,varchar,18,NULL,NULL,YES,NULL
dbo,GROUP_DATA_2013,SPO_STATE,100,varchar,2,NULL,NULL,YES,NULL
dbo,GROUP_DATA_2013,SPO_ZIP_4,101,varchar,4,NULL,NULL,YES,NULL
dbo,GROUP_DATA_2013,SPO_NO_FINANCIAL,102,varchar,1,NULL,NULL,YES,NULL
dbo,GROUP_DATA_2013,SPO_MAIL_RETAIL_FLAG,103,varchar,1,NULL,NULL,YES,NULL
dbo,GROUP_DATA_2013,GROUP_CITY,104,varchar,18,NULL,NULL,YES,NULL
dbo,GROUP_DATA_2013,GROUP_STATE,105,varchar,2,NULL,NULL,YES,NULL
dbo,GROUP_DATA_2013,SPO_ZIP,106,varchar,5,NULL,NULL,YES,NULL
dbo,GROUP_DATA_2013,AcctType,107,varchar,50,NULL,NULL,YES,NULL
dbo,GROUP_DATA_2013,PURGE_STATUS,108,int,NULL,10,0,YES,NULL
dbo,GROUP_DATA_2013,SYSTEM_T_OFF_CYCLE,109,varchar,1,NULL,NULL,YES,NULL
dbo,GROUP_DATA_2013,PHYSICIAN_CODE_OPTION,110,varchar,1,NULL,NULL,YES,NULL
dbo,GROUP_DATA_2013,DEPENDENT_ELIG_OPTION,111,varchar,1,NULL,NULL,YES,NULL
dbo,GROUP_DATA_2013,VALID_BIRTH_OPTION,112,varchar,1,NULL,NULL,YES,NULL
dbo,GROUP_DATA_2013,CARDHOLDER_NUMBER_FLAG,113,varchar,1,NULL,NULL,YES,NULL
dbo,GROUP_DATA_2013,ACCUM_PROCESS,114,varchar,1,NULL,NULL,YES,NULL
dbo,GROUP_DATA_2013,BROKER,115,varchar,12,NULL,NULL,YES,NULL
dbo,GROUP_DATA_2013,SYSTEM_CLIENT_TYPE,116,varchar,5,NULL,NULL,YES,NULL
dbo,GROUP_DATA_2013,SPONSOR_ACCOUNT_TYPE,117,varchar,10,NULL,NULL,YES,NULL
dbo,GROUP_DATA_2013,IN_PATCH,118,char,1,NULL,NULL,YES,NULL
dbo,GROUP_DATA_2013,ENTRY_DATE,119,datetime,NULL,NULL,NULL,YES,NULL
dbo,GROUP_DATA_2013,CHANGE_DATE,120,datetime,NULL,NULL,NULL,YES,NULL
dbo,GROUP_DATA_2013,NETWORK_1,121,int,NULL,10,0,YES,NULL
dbo,GROUP_DATA_2013,NETWORK_EFFECTIVE_1,122,datetime,NULL,NULL,NULL,YES,NULL
dbo,GROUP_DATA_2013,NETWORK_TERM_1,123,datetime,NULL,NULL,NULL,YES,NULL
dbo,GROUP_DATA_2013,NETWORK_2,124,int,NULL,10,0,YES,NULL
dbo,GROUP_DATA_2013,NETWORK_EFFECTIVE_2,125,datetime,NULL,NULL,NULL,YES,NULL
dbo,GROUP_DATA_2013,NETWORK_TERM_2,126,datetime,NULL,NULL,NULL,YES,NULL
dbo,GROUP_DATA_2013,NETWORK_3,127,int,NULL,10,0,YES,NULL
dbo,GROUP_DATA_2013,NETWORK_EFFECTIVE_3,128,datetime,NULL,NULL,NULL,YES,NULL
dbo,GROUP_DATA_2013,NETWORK_TERM_3,129,datetime,NULL,NULL,NULL,YES,NULL
dbo,GROUP_DATA_2013,NETWORK_4,130,int,NULL,10,0,YES,NULL
dbo,GROUP_DATA_2013,NETWORK_EFFECTIVE_4,131,datetime,NULL,NULL,NULL,YES,NULL
dbo,GROUP_DATA_2013,NETWORK_TERM_4,132,datetime,NULL,NULL,NULL,YES,NULL
dbo,GROUP_DATA_2013,NETWORK_5,133,int,NULL,10,0,YES,NULL
dbo,GROUP_DATA_2013,NETWORK_EFFECTIVE_5,134,datetime,NULL,NULL,NULL,YES,NULL
dbo,GROUP_DATA_2013,NETWORK_TERM_5,135,datetime,NULL,NULL,NULL,YES,NULL
dbo,GROUP_DATA_2013,NETWORK_6,136,int,NULL,10,0,YES,NULL
dbo,GROUP_DATA_2013,NETWORK_EFFECTIVE_6,137,datetime,NULL,NULL,NULL,YES,NULL
dbo,GROUP_DATA_2013,NETWORK_TERM_6,138,datetime,NULL,NULL,NULL,YES,NULL
dbo,GROUP_DATA_2013,NETWORK_7,139,int,NULL,10,0,YES,NULL
dbo,GROUP_DATA_2013,NETWORK_EFFECTIVE_7,140,datetime,NULL,NULL,NULL,YES,NULL
dbo,GROUP_DATA_2013,NETWORK_TERM_7,141,datetime,NULL,NULL,NULL,YES,NULL
dbo,GROUP_DATA_2013,NETWORK_8,142,int,NULL,10,0,YES,NULL
dbo,GROUP_DATA_2013,NETWORK_EFFECTIVE_8,143,datetime,NULL,NULL,NULL,YES,NULL
dbo,GROUP_DATA_2013,NETWORK_TERM_8,144,datetime,NULL,NULL,NULL,YES,NULL
dbo,GROUP_DATA_2013,NETWORK_9,145,int,NULL,10,0,YES,NULL
dbo,GROUP_DATA_2013,NETWORK_EFFECTIVE_9,146,datetime,NULL,NULL,NULL,YES,NULL
dbo,GROUP_DATA_2013,NETWORK_TERM_9,147,datetime,NULL,NULL,NULL,YES,NULL
dbo,GROUP_DATA_2013,NETWORK_10,148,int,NULL,10,0,YES,NULL
dbo,GROUP_DATA_2013,NETWORK_EFFECTIVE_10,149,datetime,NULL,NULL,NULL,YES,NULL
dbo,GROUP_DATA_2013,NETWORK_TERM_10,150,datetime,NULL,NULL,NULL,YES,NULL
dbo,GROUP_DATA_2013,BIRTH_MONTH_FLAG,151,char,2,NULL,NULL,YES,NULL
dbo,GROUP_DATA_2013,MAIL_ORDER_NABP_1,152,int,NULL,10,0,YES,NULL
dbo,GROUP_DATA_2013,MAIL_ORDER_EFF_1,153,datetime,NULL,NULL,NULL,YES,NULL
dbo,GROUP_DATA_2013,MAIL_ORDER_NABP_2,154,int,NULL,10,0,YES,NULL
dbo,GROUP_DATA_2013,MAIL_ORDER_EFF_2,155,datetime,NULL,NULL,NULL,YES,NULL
dbo,GROUP_DATA_2013,MAIL_ORDER_NABP_3,156,int,NULL,10,0,YES,NULL
dbo,GROUP_DATA_2013,MAIL_ORDER_EFF_3,157,datetime,NULL,NULL,NULL,YES,NULL
dbo,GROUP_DATA_2013,DEDUCT_COPAY,158,int,NULL,10,0,YES,NULL
dbo,GROUP_DATA_2013,MAX_COPAY,159,int,NULL,10,0,YES,NULL
dbo,GROUP_DATA_2013,TROOP_COPAY,160,int,NULL,10,0,YES,NULL
dbo,GROUP_DATA_2013,ROLLOVER_DATE_2,161,datetime,NULL,NULL,NULL,YES,NULL
dbo,GROUP_DATA_2013,ROLLOVER_DATE_3,162,datetime,NULL,NULL,NULL,YES,NULL
dbo,GROUP_DATA_2013,ROLLOVER_DATE_4,163,datetime,NULL,NULL,NULL,YES,NULL
dbo,GROUP_DATA_2013,ROLLOVER_DATE_5,164,datetime,NULL,NULL,NULL,YES,NULL
dbo,GROUP_DATA_2013,ROLLOVER_DATE_6,165,datetime,NULL,NULL,NULL,YES,NULL
dbo,GROUP_DATA_2013,ROLLOVER_DATE_7,166,datetime,NULL,NULL,NULL,YES,NULL
dbo,GROUP_DATA_2013,ROLLOVER_DATE_8,167,datetime,NULL,NULL,NULL,YES,NULL
dbo,GROUP_DATA_2013,ROLLOVER_DATE_9,168,datetime,NULL,NULL,NULL,YES,NULL
dbo,GROUP_DATA_2013,ROLLOVER_DATE_10,169,datetime,NULL,NULL,NULL,YES,NULL
dbo,GROUP_DATA_2013,ROLLOVER_DATE_1,170,datetime,NULL,NULL,NULL,YES,NULL
dbo,GROUP_DATA_2013,DISP_FEE_EFF_DATE_1,171,datetime,NULL,NULL,NULL,YES,NULL
dbo,GROUP_DATA_2013,COPAY_EFF_DATE_1,172,datetime,NULL,NULL,NULL,YES,NULL
dbo,GROUP_DATA_2013,COPAY_NUMBER_1,173,int,NULL,10,0,YES,NULL
dbo,GROUP_DATA_2013,COPAY_NUMBER_2,174,int,NULL,10,0,YES,NULL
dbo,GROUP_DATA_2013,PLAN_EFF_DATE_1,175,datetime,NULL,NULL,NULL,YES,NULL
dbo,GROUP_DATA_2013,LIMIT_KIND_1,176,varchar,1,NULL,NULL,YES,NULL
dbo,GROUP_DATA_2013,PLAN_NUMBER_2,177,varchar,4,NULL,NULL,YES,NULL
dbo,GROUP_DATA_2013,LIMIT_KIND_2,178,varchar,1,NULL,NULL,YES,NULL
dbo,GROUP_DATA_2013,PLAN_NAME,179,varchar,30,NULL,NULL,YES,NULL
dbo,GROUP_DATA_2013,MAX_SINGLE,180,int,NULL,10,0,YES,NULL
dbo,GROUP_DATA_2013,MAX_FAMILY,181,int,NULL,10,0,YES,NULL
dbo,GROUP_DATA_2013,DEDUCT_SINGLE,182,int,NULL,10,0,YES,NULL
dbo,GROUP_DATA_2013,DEDUCT_FAMILY,183,int,NULL,10,0,YES,NULL
dbo,GROUP_DATA_2013,LIMIT_MONTHS,184,int,NULL,10,0,YES,NULL
dbo,GROUP_DATA_2013,LIMIT_MEMBER,185,int,NULL,10,0,YES,NULL
dbo,GROUP_DATA_2013,GROUP_STREET_2,186,varchar,40,NULL,NULL,YES,NULL
dbo,GROUP_DATA_2013,DEPENDENT_ELIGIBILITY,187,varchar,1,NULL,NULL,YES,NULL
dbo,GROUP_DATA_2013,DEDUCT_COPAY_2,188,int,NULL,10,0,YES,NULL
dbo,GROUP_DATA_2013,MAX_COPAY_2,189,int,NULL,10,0,YES,NULL
dbo,GROUP_DATA_2013,LIMIT_KIND_3,190,varchar,1,NULL,NULL,YES,NULL
dbo,GROUP_DATA_2013,DEDUCT_COPAY_3,191,int,NULL,10,0,YES,NULL
dbo,GROUP_DATA_2013,MAX_COPAY_3,192,int,NULL,10,0,YES,NULL
dbo,GROUP_DATA_2013,LIMIT_KIND_4,193,varchar,1,NULL,NULL,YES,NULL
dbo,GROUP_DATA_2013,DEDUCT_COPAY_4,194,int,NULL,10,0,YES,NULL
dbo,GROUP_DATA_2013,MAX_COPAY_4,195,int,NULL,10,0,YES,NULL
dbo,GROUP_DATA_2013,LIMIT_KIND_5,196,varchar,1,NULL,NULL,YES,NULL
dbo,GROUP_DATA_2013,DEDUCT_COPAY_5,197,int,NULL,10,0,YES,NULL
dbo,GROUP_DATA_2013,MAX_COPAY_5,198,int,NULL,10,0,YES,NULL
dbo,GROUP_DATA_2013,LIMIT_KIND_6,199,varchar,1,NULL,NULL,YES,NULL
dbo,GROUP_DATA_2013,DEDUCT_COPAY_6,200,int,NULL,10,0,YES,NULL
dbo,GROUP_DATA_2013,MAX_COPAY_6,201,int,NULL,10,0,YES,NULL
dbo,GROUP_DATA_2013,LIMIT_KIND_7,202,varchar,1,NULL,NULL,YES,NULL
dbo,GROUP_DATA_2013,DEDUCT_COPAY_7,203,int,NULL,10,0,YES,NULL
dbo,GROUP_DATA_2013,MAX_COPAY_7,204,int,NULL,10,0,YES,NULL
dbo,GROUP_DATA_2013,LIMIT_KIND_8,205,varchar,1,NULL,NULL,YES,NULL
dbo,GROUP_DATA_2013,DEDUCT_COPAY_8,206,int,NULL,10,0,YES,NULL
dbo,GROUP_DATA_2013,MAX_COPAY_8,207,int,NULL,10,0,YES,NULL
dbo,GROUP_DATA_2013,LIMIT_KIND_9,208,varchar,1,NULL,NULL,YES,NULL
dbo,GROUP_DATA_2013,DEDUCT_COPAY_9,209,int,NULL,10,0,YES,NULL
dbo,GROUP_DATA_2013,MAX_COPAY_9,210,int,NULL,10,0,YES,NULL
dbo,GROUP_DATA_2013,LIMIT_KIND_10,211,varchar,1,NULL,NULL,YES,NULL
dbo,GROUP_DATA_2013,DEDUCT_COPAY_10,212,int,NULL,10,0,YES,NULL
dbo,GROUP_DATA_2013,MAX_COPAY_10,213,int,NULL,10,0,YES,NULL
dbo,GROUP_DATA_2013,DEPENDENT_AGE_LIMT_1,214,int,NULL,10,0,YES,NULL
dbo,GROUP_DATA_2013,COLLEGE_AGE_LIMIT_1,215,int,NULL,10,0,YES,NULL
dbo,GROUP_DATA_2013,DISABILITY_AGE_LIMIT_1,216,int,NULL,10,0,YES,NULL
dbo,GROUP_DATA_2013,SPECIAL_AGE_LIMIT_1,217,int,NULL,10,0,YES,NULL
dbo,GROUP_DATA_2013,DEPENDENT_AGE_LIMIT_2,218,int,NULL,10,0,YES,NULL
dbo,GROUP_DATA_2013,COLLEGE_AGE_LIMT_2,219,int,NULL,10,0,YES,NULL
dbo,GROUP_DATA_2013,DISABILITY_AGE_LIMIT_2,220,int,NULL,10,0,YES,NULL
dbo,GROUP_DATA_2013,SPECIAL_AGE_LIMIT_2,221,int,NULL,10,0,YES,NULL
dbo,GROUP_DATA_2013,DEPENDENT_AGE_LIMIT_3,222,int,NULL,10,0,YES,NULL
dbo,GROUP_DATA_2013,COLLEGE_AGE_LIMIT_3,223,int,NULL,10,0,YES,NULL
dbo,GROUP_DATA_2013,DISABILITY_AGE_LIMIT_3,224,int,NULL,10,0,YES,NULL
dbo,GROUP_DATA_2013,SPECIAL_AGE_LIMIT_3,225,int,NULL,10,0,YES,NULL
dbo,GROUP_DATA_2013,NETWORK_NUMBER_90_DAY,226,int,NULL,10,0,YES,NULL
dbo,GROUP_DATA_2013,OPTION_FLAG_90_DAY,227,char,1,NULL,NULL,YES,NULL
dbo,GROUP_DATA_2013,SPONSOR_CHANGE,228,char,15,NULL,NULL,YES,NULL
dbo,GROUP_DATA_2013,AGE_DATE_CYMD_1,229,datetime,NULL,NULL,NULL,YES,NULL
dbo,GROUP_DATA_2013,AGE_DATE_CYMD_2,230,datetime,NULL,NULL,NULL,YES,NULL
dbo,GROUP_DATA_2013,AGE_DATE_CYMD_3,231,datetime,NULL,NULL,NULL,YES,NULL
dbo,GROUP_DATA_2013,AO_CYMD_1,232,datetime,NULL,NULL,NULL,YES,NULL
dbo,GROUP_DATA_2013,AO_NUMBER_1,233,int,NULL,10,0,YES,NULL
dbo,GROUP_DATA_2013,AO_CYMD_2,234,datetime,NULL,NULL,NULL,YES,NULL
dbo,GROUP_DATA_2013,AO_NUMBER_2,235,int,NULL,10,0,YES,NULL
dbo,GROUP_DATA_2013,AO_CYMD_3,236,datetime,NULL,NULL,NULL,YES,NULL
dbo,GROUP_DATA_2013,AO_NUMBER_3,237,int,NULL,10,0,YES,NULL
dbo,GROUP_DATA_2013,AO_CYMD_4,238,datetime,NULL,NULL,NULL,YES,NULL
dbo,GROUP_DATA_2013,AO_NUMBER_4,239,int,NULL,10,0,YES,NULL
dbo,GROUP_DATA_2013,AO_CYMD_5,240,datetime,NULL,NULL,NULL,YES,NULL
dbo,GROUP_DATA_2013,AO_NUMBER_5,241,int,NULL,10,0,YES,NULL
dbo,GROUP_DATA_2013,BACK_BILL_DATE,242,datetime,NULL,NULL,NULL,YES,NULL
dbo,GROUP_DATA_2013,BACK_BILL_TYP_CODE,243,char,1,NULL,NULL,YES,NULL
dbo,GROUP_DATA_2013,CARD_FLAG,244,char,8,NULL,NULL,YES,NULL
dbo,GROUP_DATA_2013,CARDS_SINGLE,245,int,NULL,10,0,YES,NULL
dbo,GROUP_DATA_2013,CARDS_FAMILY,246,int,NULL,10,0,YES,NULL
dbo,GROUP_DATA_2013,DISP_FEE_EFF_DATE_2,247,datetime,NULL,NULL,NULL,YES,NULL
dbo,GROUP_DATA_2013,DISP_FEE_EFF_DATE_3,248,datetime,NULL,NULL,NULL,YES,NULL
dbo,GROUP_DATA_2013,DISP_SCHEDULE_NUMBER_1,249,int,NULL,10,0,YES,NULL
dbo,GROUP_DATA_2013,DISP_SCHEDULE_NUMBER_2,250,int,NULL,10,0,YES,NULL
dbo,GROUP_DATA_2013,DISP_SCHEDULE_NUMBER_3,251,int,NULL,10,0,YES,NULL
dbo,GROUP_DATA_2013,DRUG_DETAIL_FLAG,252,char,1,NULL,NULL,YES,NULL
dbo,GROUP_DATA_2013,PA_PHONE,253,char,21,NULL,NULL,YES,NULL
dbo,GROUP_DATA_2013,PERIOD_ENDING_DATE,254,datetime,NULL,NULL,NULL,YES,NULL
dbo,GROUP_DATA_2013,SUB_FLAG,255,char,1,NULL,NULL,YES,NULL
dbo,GROUP_DATA_2013,TROOP_COPAY_2,256,int,NULL,10,0,YES,NULL
dbo,GROUP_DATA_2013,TROOP_COPAY_3,257,int,NULL,10,0,YES,NULL
dbo,GROUP_DATA_2013,TROOP_EFF_DATE_1,258,datetime,NULL,NULL,NULL,YES,NULL
dbo,GROUP_DATA_2013,TROOP_EFF_DATE_2,259,datetime,NULL,NULL,NULL,YES,NULL
dbo,GROUP_DATA_2013,TROOP_EFF_DATE_3,260,datetime,NULL,NULL,NULL,YES,NULL
dbo,GROUP_DATA_2013,YEAR_ROLL_DATE_1,261,datetime,NULL,NULL,NULL,YES,NULL
dbo,GROUP_DATA_2013,YEAR_ROLL_DATE_2,262,datetime,NULL,NULL,NULL,YES,NULL
dbo,GROUP_DATA_2013,YEAR_ROLL_DATE_3,263,datetime,NULL,NULL,NULL,YES,NULL
dbo,GROUP_DATA_2013,COPAY_EFF_2,264,datetime,NULL,NULL,NULL,YES,NULL
dbo,GROUP_DATA_2013,COPAY_EFF_3,265,datetime,NULL,NULL,NULL,YES,NULL
dbo,GROUP_DATA_2013,COPAY_EFF_4,266,datetime,NULL,NULL,NULL,YES,NULL
dbo,GROUP_DATA_2013,COPAY_EFF_5,267,datetime,NULL,NULL,NULL,YES,NULL
dbo,GROUP_DATA_2013,COPAY_EFF_6,268,datetime,NULL,NULL,NULL,YES,NULL
dbo,GROUP_DATA_2013,COPAY_EFF_7,269,datetime,NULL,NULL,NULL,YES,NULL
dbo,GROUP_DATA_2013,COPAY_EFF_8,270,datetime,NULL,NULL,NULL,YES,NULL
dbo,GROUP_DATA_2013,COPAY_EFF_9,271,datetime,NULL,NULL,NULL,YES,NULL
dbo,GROUP_DATA_2013,COPAY_EFF_10,272,datetime,NULL,NULL,NULL,YES,NULL
dbo,GROUP_DATA_2013,COPAY_NUM_3,273,int,NULL,10,0,YES,NULL
dbo,GROUP_DATA_2013,COPAY_NUM_4,274,int,NULL,10,0,YES,NULL
dbo,GROUP_DATA_2013,COPAY_NUM_5,275,int,NULL,10,0,YES,NULL
dbo,GROUP_DATA_2013,COPAY_NUM_6,276,int,NULL,10,0,YES,NULL
dbo,GROUP_DATA_2013,COPAY_NUM_7,277,int,NULL,10,0,YES,NULL
dbo,GROUP_DATA_2013,COPAY_NUM_8,278,int,NULL,10,0,YES,NULL
dbo,GROUP_DATA_2013,COPAY_NUM_9,279,int,NULL,10,0,YES,NULL
dbo,GROUP_DATA_2013,COPAY_NUM_10,280,int,NULL,10,0,YES,NULL
dbo,GROUP_DATA_2013,POS_TIP,281,char,1,NULL,NULL,YES,NULL
dbo,GROUP_DATA_2013,DS_TERM_LOGIC,282,char,1,NULL,NULL,YES,NULL
dbo,GROUP_DATA_2014,GROUP_NUMBER,1,float,NULL,53,NULL,NO,NULL
dbo,GROUP_DATA_2014,GROUP_NAME,2,char,30,NULL,NULL,YES,NULL
dbo,GROUP_DATA_2014,ALT_GROUP_NUMBER,3,char,20,NULL,NULL,YES,NULL
dbo,GROUP_DATA_2014,SPONSOR_NUMBER,4,int,NULL,10,0,YES,NULL
dbo,GROUP_DATA_2014,SPONSOR_NAME,5,char,30,NULL,NULL,YES,NULL
dbo,GROUP_DATA_2014,SYSTEM_NUMBER,6,int,NULL,10,0,YES,NULL
dbo,GROUP_DATA_2014,SYSTEM_NAME,7,char,30,NULL,NULL,YES,NULL
dbo,GROUP_DATA_2014,SYSTEM_LINK,8,char,10,NULL,NULL,YES,NULL
dbo,GROUP_DATA_2014,GROUP_STREET,9,char,30,NULL,NULL,YES,NULL
dbo,GROUP_DATA_2014,GROUP_ZIP,10,varchar,5,NULL,NULL,YES,NULL
dbo,GROUP_DATA_2014,GROUP_EFF_DATE,11,datetime,NULL,NULL,NULL,YES,NULL
dbo,GROUP_DATA_2014,GROUP_TER_DATE,12,datetime,NULL,NULL,NULL,YES,NULL
dbo,GROUP_DATA_2014,DISP_FEE_DESCRIPTION,13,char,30,NULL,NULL,YES,NULL
dbo,GROUP_DATA_2014,COPAY_DESCRIPTION,14,char,30,NULL,NULL,YES,NULL
dbo,GROUP_DATA_2014,MASTER_GROUP,15,int,NULL,10,0,YES,NULL
dbo,GROUP_DATA_2014,GROUP_BENEFIT_CODE,16,char,16,NULL,NULL,YES,NULL
dbo,GROUP_DATA_2014,GROUP_MASTER_FLAG,17,char,1,NULL,NULL,YES,NULL
dbo,GROUP_DATA_2014,GROUP_BENEFIT_DESCRIPTION,18,char,30,NULL,NULL,YES,NULL
dbo,GROUP_DATA_2014,ODAW1_TC,19,int,NULL,10,0,YES,NULL
dbo,GROUP_DATA_2014,ODAW2_TC,20,int,NULL,10,0,YES,NULL
dbo,GROUP_DATA_2014,GEN_TC,21,int,NULL,10,0,YES,NULL
dbo,GROUP_DATA_2014,NP_TC,22,int,NULL,10,0,YES,NULL
dbo,GROUP_DATA_2014,SINGLE_TC,23,int,NULL,10,0,YES,NULL
dbo,GROUP_DATA_2014,BRAND_TC,24,int,NULL,10,0,YES,NULL
dbo,GROUP_DATA_2014,BC_TC,25,int,NULL,10,0,YES,NULL
dbo,GROUP_DATA_2014,COPAY_NUMBER,26,int,NULL,10,0,YES,NULL
dbo,GROUP_DATA_2014,FORMULARY,27,smallint,NULL,5,0,YES,NULL
dbo,GROUP_DATA_2014,PLAN_KEY,28,char,12,NULL,NULL,YES,NULL
dbo,GROUP_DATA_2014,SUB_GROUP,29,smallint,NULL,5,0,YES,NULL
dbo,GROUP_DATA_2014,FORMULARY_STRUCTURE,30,char,1,NULL,NULL,YES,NULL
dbo,GROUP_DATA_2014,ACTIVE_SYSTEM,31,char,1,NULL,NULL,YES,NULL
dbo,GROUP_DATA_2014,ODAW1_FIXED,32,decimal,NULL,6,2,YES,NULL
dbo,GROUP_DATA_2014,ODAW1_PCT,33,decimal,NULL,6,4,YES,NULL
dbo,GROUP_DATA_2014,ODAW2_FIXED,34,decimal,NULL,6,2,YES,NULL
dbo,GROUP_DATA_2014,ODAW2_PCT,35,decimal,NULL,6,4,YES,NULL
dbo,GROUP_DATA_2014,GEN_FIXED,36,decimal,NULL,6,2,YES,NULL
dbo,GROUP_DATA_2014,GEN_PCT,37,decimal,NULL,6,4,YES,NULL
dbo,GROUP_DATA_2014,NP_FIXED,38,decimal,NULL,6,2,YES,NULL
dbo,GROUP_DATA_2014,NP_PCT,39,decimal,NULL,6,4,YES,NULL
dbo,GROUP_DATA_2014,SINGLE_FIXED,40,decimal,NULL,6,2,YES,NULL
dbo,GROUP_DATA_2014,SINGLE_PCT,41,decimal,NULL,6,4,YES,NULL
dbo,GROUP_DATA_2014,BRAND_FIXED,42,decimal,NULL,6,2,YES,NULL
dbo,GROUP_DATA_2014,BRAND_PCT,43,decimal,NULL,6,4,YES,NULL
dbo,GROUP_DATA_2014,BC_FIXED,44,decimal,NULL,6,2,YES,NULL
dbo,GROUP_DATA_2014,BC_PCT,45,decimal,NULL,6,4,YES,NULL
dbo,GROUP_DATA_2014,DEPO_TC,46,int,NULL,10,0,YES,NULL
dbo,GROUP_DATA_2014,DEPO_FIXED,47,decimal,NULL,6,2,YES,NULL
dbo,GROUP_DATA_2014,DEPO_PCT,48,decimal,NULL,6,4,YES,NULL
dbo,GROUP_DATA_2014,INJ_TC,49,int,NULL,10,0,YES,NULL
dbo,GROUP_DATA_2014,INJ_FIXED,50,decimal,NULL,6,2,YES,NULL
dbo,GROUP_DATA_2014,INJ_PCT,51,decimal,NULL,6,4,YES,NULL
dbo,GROUP_DATA_2014,SPLIT_TC,52,int,NULL,10,0,YES,NULL
dbo,GROUP_DATA_2014,SPLIT_FIXED,53,decimal,NULL,6,2,YES,NULL
dbo,GROUP_DATA_2014,SPLIT_PCT,54,decimal,NULL,6,4,YES,NULL
dbo,GROUP_DATA_2014,SYS_LINK_DESCRIPTION,55,char,60,NULL,NULL,YES,NULL
dbo,GROUP_DATA_2014,COMP_TC,56,int,NULL,10,0,YES,NULL
dbo,GROUP_DATA_2014,COMP_FIXED,57,decimal,NULL,6,2,YES,NULL
dbo,GROUP_DATA_2014,COMP_PCT,58,decimal,NULL,6,4,YES,NULL
dbo,GROUP_DATA_2014,MULTI_TC,59,int,NULL,10,0,YES,NULL
dbo,GROUP_DATA_2014,MULTI_FIXED,60,decimal,NULL,6,2,YES,NULL
dbo,GROUP_DATA_2014,MULTI_PCT,61,decimal,NULL,6,4,YES,NULL
dbo,GROUP_DATA_2014,NPBC_TC,62,int,NULL,10,0,YES,NULL
dbo,GROUP_DATA_2014,NPBC_FIXED,63,decimal,NULL,6,2,YES,NULL
dbo,GROUP_DATA_2014,NPBC_PCT,64,decimal,NULL,6,4,YES,NULL
dbo,GROUP_DATA_2014,NPDAW1_TC,65,int,NULL,10,0,YES,NULL
dbo,GROUP_DATA_2014,NPDAW1_FIXED,66,decimal,NULL,6,2,YES,NULL
dbo,GROUP_DATA_2014,NPDAW1_PCT,67,decimal,NULL,6,4,YES,NULL
dbo,GROUP_DATA_2014,NPDAW2_TC,68,int,NULL,10,0,YES,NULL
dbo,GROUP_DATA_2014,NPDAW2_FIXED,69,decimal,NULL,6,2,YES,NULL
dbo,GROUP_DATA_2014,NPDAW2_PCT,70,decimal,NULL,6,4,YES,NULL
dbo,GROUP_DATA_2014,NPM_TC,71,int,NULL,10,0,YES,NULL
dbo,GROUP_DATA_2014,NPM_FIXED,72,decimal,NULL,6,2,YES,NULL
dbo,GROUP_DATA_2014,NPM_PCT,73,decimal,NULL,6,4,YES,NULL
dbo,GROUP_DATA_2014,NPN_TC,74,int,NULL,10,0,YES,NULL
dbo,GROUP_DATA_2014,NPN_FIXED,75,decimal,NULL,6,2,YES,NULL
dbo,GROUP_DATA_2014,NPN_PCT,76,decimal,NULL,6,4,YES,NULL
dbo,GROUP_DATA_2014,ODAW3_TC,77,int,NULL,10,0,YES,NULL
dbo,GROUP_DATA_2014,ODAW3_FIXED,78,decimal,NULL,6,2,YES,NULL
dbo,GROUP_DATA_2014,ODAW3_PCT,79,decimal,NULL,6,4,YES,NULL
dbo,GROUP_DATA_2014,DIFF_FLAG,80,char,1,NULL,NULL,YES,NULL
dbo,GROUP_DATA_2014,DIFF_TABLE_1,81,int,NULL,10,0,YES,NULL
dbo,GROUP_DATA_2014,DIFF_EFF_1,82,datetime,NULL,NULL,NULL,YES,NULL
dbo,GROUP_DATA_2014,DIFF_TER_1,83,datetime,NULL,NULL,NULL,YES,NULL
dbo,GROUP_DATA_2014,DIFF_TABLE_2,84,int,NULL,10,0,YES,NULL
dbo,GROUP_DATA_2014,DIFF_EFF_2,85,datetime,NULL,NULL,NULL,YES,NULL
dbo,GROUP_DATA_2014,DIFF_TER_2,86,datetime,NULL,NULL,NULL,YES,NULL
dbo,GROUP_DATA_2014,DIFF_TABLE_3,87,int,NULL,10,0,YES,NULL
dbo,GROUP_DATA_2014,DIFF_EFF_3,88,datetime,NULL,NULL,NULL,YES,NULL
dbo,GROUP_DATA_2014,DIFF_TER_3,89,datetime,NULL,NULL,NULL,YES,NULL
dbo,GROUP_DATA_2014,WAREHOUSE_GRP_POST_DATE,90,datetime,NULL,NULL,NULL,YES,NULL
dbo,GROUP_DATA_2014,SYS_STREET_1,91,varchar,30,NULL,NULL,YES,NULL
dbo,GROUP_DATA_2014,SYS_STREET_2,92,varchar,30,NULL,NULL,YES,NULL
dbo,GROUP_DATA_2014,SYS_CITY,93,varchar,18,NULL,NULL,YES,NULL
dbo,GROUP_DATA_2014,SYS_STATE,94,varchar,2,NULL,NULL,YES,NULL
dbo,GROUP_DATA_2014,SYS_ZIP,95,varchar,5,NULL,NULL,YES,NULL
dbo,GROUP_DATA_2014,SYS_ZIP_4,96,varchar,4,NULL,NULL,YES,NULL
dbo,GROUP_DATA_2014,SPO_STREET_1,97,varchar,24,NULL,NULL,YES,NULL
dbo,GROUP_DATA_2014,SPO_STREET_2,98,varchar,24,NULL,NULL,YES,NULL
dbo,GROUP_DATA_2014,SPO_CITY,99,varchar,18,NULL,NULL,YES,NULL
dbo,GROUP_DATA_2014,SPO_STATE,100,varchar,2,NULL,NULL,YES,NULL
dbo,GROUP_DATA_2014,SPO_ZIP_4,101,varchar,4,NULL,NULL,YES,NULL
dbo,GROUP_DATA_2014,SPO_NO_FINANCIAL,102,varchar,1,NULL,NULL,YES,NULL
dbo,GROUP_DATA_2014,SPO_MAIL_RETAIL_FLAG,103,varchar,1,NULL,NULL,YES,NULL
dbo,GROUP_DATA_2014,GROUP_CITY,104,varchar,18,NULL,NULL,YES,NULL
dbo,GROUP_DATA_2014,GROUP_STATE,105,varchar,2,NULL,NULL,YES,NULL
dbo,GROUP_DATA_2014,SPO_ZIP,106,varchar,5,NULL,NULL,YES,NULL
dbo,GROUP_DATA_2014,AcctType,107,varchar,50,NULL,NULL,YES,NULL
dbo,GROUP_DATA_2014,PURGE_STATUS,108,int,NULL,10,0,YES,NULL
dbo,GROUP_DATA_2014,SYSTEM_T_OFF_CYCLE,109,varchar,1,NULL,NULL,YES,NULL
dbo,GROUP_DATA_2014,PHYSICIAN_CODE_OPTION,110,varchar,1,NULL,NULL,YES,NULL
dbo,GROUP_DATA_2014,DEPENDENT_ELIG_OPTION,111,varchar,1,NULL,NULL,YES,NULL
dbo,GROUP_DATA_2014,VALID_BIRTH_OPTION,112,varchar,1,NULL,NULL,YES,NULL
dbo,GROUP_DATA_2014,CARDHOLDER_NUMBER_FLAG,113,varchar,1,NULL,NULL,YES,NULL
dbo,GROUP_DATA_2014,ACCUM_PROCESS,114,varchar,1,NULL,NULL,YES,NULL
dbo,GROUP_DATA_2014,BROKER,115,varchar,12,NULL,NULL,YES,NULL
dbo,GROUP_DATA_2014,SYSTEM_CLIENT_TYPE,116,varchar,5,NULL,NULL,YES,NULL
dbo,GROUP_DATA_2014,SPONSOR_ACCOUNT_TYPE,117,varchar,10,NULL,NULL,YES,NULL
dbo,GROUP_DATA_2014,IN_PATCH,118,char,1,NULL,NULL,YES,NULL
dbo,GROUP_DATA_2014,ENTRY_DATE,119,datetime,NULL,NULL,NULL,YES,NULL
dbo,GROUP_DATA_2014,CHANGE_DATE,120,datetime,NULL,NULL,NULL,YES,NULL
dbo,GROUP_DATA_2014,NETWORK_1,121,int,NULL,10,0,YES,NULL
dbo,GROUP_DATA_2014,NETWORK_EFFECTIVE_1,122,datetime,NULL,NULL,NULL,YES,NULL
dbo,GROUP_DATA_2014,NETWORK_TERM_1,123,datetime,NULL,NULL,NULL,YES,NULL
dbo,GROUP_DATA_2014,NETWORK_2,124,int,NULL,10,0,YES,NULL
dbo,GROUP_DATA_2014,NETWORK_EFFECTIVE_2,125,datetime,NULL,NULL,NULL,YES,NULL
dbo,GROUP_DATA_2014,NETWORK_TERM_2,126,datetime,NULL,NULL,NULL,YES,NULL
dbo,GROUP_DATA_2014,NETWORK_3,127,int,NULL,10,0,YES,NULL
dbo,GROUP_DATA_2014,NETWORK_EFFECTIVE_3,128,datetime,NULL,NULL,NULL,YES,NULL
dbo,GROUP_DATA_2014,NETWORK_TERM_3,129,datetime,NULL,NULL,NULL,YES,NULL
dbo,GROUP_DATA_2014,NETWORK_4,130,int,NULL,10,0,YES,NULL
dbo,GROUP_DATA_2014,NETWORK_EFFECTIVE_4,131,datetime,NULL,NULL,NULL,YES,NULL
dbo,GROUP_DATA_2014,NETWORK_TERM_4,132,datetime,NULL,NULL,NULL,YES,NULL
dbo,GROUP_DATA_2014,NETWORK_5,133,int,NULL,10,0,YES,NULL
dbo,GROUP_DATA_2014,NETWORK_EFFECTIVE_5,134,datetime,NULL,NULL,NULL,YES,NULL
dbo,GROUP_DATA_2014,NETWORK_TERM_5,135,datetime,NULL,NULL,NULL,YES,NULL
dbo,GROUP_DATA_2014,NETWORK_6,136,int,NULL,10,0,YES,NULL
dbo,GROUP_DATA_2014,NETWORK_EFFECTIVE_6,137,datetime,NULL,NULL,NULL,YES,NULL
dbo,GROUP_DATA_2014,NETWORK_TERM_6,138,datetime,NULL,NULL,NULL,YES,NULL
dbo,GROUP_DATA_2014,NETWORK_7,139,int,NULL,10,0,YES,NULL
dbo,GROUP_DATA_2014,NETWORK_EFFECTIVE_7,140,datetime,NULL,NULL,NULL,YES,NULL
dbo,GROUP_DATA_2014,NETWORK_TERM_7,141,datetime,NULL,NULL,NULL,YES,NULL
dbo,GROUP_DATA_2014,NETWORK_8,142,int,NULL,10,0,YES,NULL
dbo,GROUP_DATA_2014,NETWORK_EFFECTIVE_8,143,datetime,NULL,NULL,NULL,YES,NULL
dbo,GROUP_DATA_2014,NETWORK_TERM_8,144,datetime,NULL,NULL,NULL,YES,NULL
dbo,GROUP_DATA_2014,NETWORK_9,145,int,NULL,10,0,YES,NULL
dbo,GROUP_DATA_2014,NETWORK_EFFECTIVE_9,146,datetime,NULL,NULL,NULL,YES,NULL
dbo,GROUP_DATA_2014,NETWORK_TERM_9,147,datetime,NULL,NULL,NULL,YES,NULL
dbo,GROUP_DATA_2014,NETWORK_10,148,int,NULL,10,0,YES,NULL
dbo,GROUP_DATA_2014,NETWORK_EFFECTIVE_10,149,datetime,NULL,NULL,NULL,YES,NULL
dbo,GROUP_DATA_2014,NETWORK_TERM_10,150,datetime,NULL,NULL,NULL,YES,NULL
dbo,GROUP_DATA_2014,BIRTH_MONTH_FLAG,151,char,2,NULL,NULL,YES,NULL
dbo,GROUP_DATA_2014,MAIL_ORDER_NABP_1,152,int,NULL,10,0,YES,NULL
dbo,GROUP_DATA_2014,MAIL_ORDER_EFF_1,153,datetime,NULL,NULL,NULL,YES,NULL
dbo,GROUP_DATA_2014,MAIL_ORDER_NABP_2,154,int,NULL,10,0,YES,NULL
dbo,GROUP_DATA_2014,MAIL_ORDER_EFF_2,155,datetime,NULL,NULL,NULL,YES,NULL
dbo,GROUP_DATA_2014,MAIL_ORDER_NABP_3,156,int,NULL,10,0,YES,NULL
dbo,GROUP_DATA_2014,MAIL_ORDER_EFF_3,157,datetime,NULL,NULL,NULL,YES,NULL
dbo,GROUP_DATA_2014,DEDUCT_COPAY,158,int,NULL,10,0,YES,NULL
dbo,GROUP_DATA_2014,MAX_COPAY,159,int,NULL,10,0,YES,NULL
dbo,GROUP_DATA_2014,TROOP_COPAY,160,int,NULL,10,0,YES,NULL
dbo,GROUP_DATA_2014,ROLLOVER_DATE_2,161,datetime,NULL,NULL,NULL,YES,NULL
dbo,GROUP_DATA_2014,ROLLOVER_DATE_3,162,datetime,NULL,NULL,NULL,YES,NULL
dbo,GROUP_DATA_2014,ROLLOVER_DATE_4,163,datetime,NULL,NULL,NULL,YES,NULL
dbo,GROUP_DATA_2014,ROLLOVER_DATE_5,164,datetime,NULL,NULL,NULL,YES,NULL
dbo,GROUP_DATA_2014,ROLLOVER_DATE_6,165,datetime,NULL,NULL,NULL,YES,NULL
dbo,GROUP_DATA_2014,ROLLOVER_DATE_7,166,datetime,NULL,NULL,NULL,YES,NULL
dbo,GROUP_DATA_2014,ROLLOVER_DATE_8,167,datetime,NULL,NULL,NULL,YES,NULL
dbo,GROUP_DATA_2014,ROLLOVER_DATE_9,168,datetime,NULL,NULL,NULL,YES,NULL
dbo,GROUP_DATA_2014,ROLLOVER_DATE_10,169,datetime,NULL,NULL,NULL,YES,NULL
dbo,GROUP_DATA_2014,ROLLOVER_DATE_1,170,datetime,NULL,NULL,NULL,YES,NULL
dbo,GROUP_DATA_2014,DISP_FEE_EFF_DATE_1,171,datetime,NULL,NULL,NULL,YES,NULL
dbo,GROUP_DATA_2014,COPAY_EFF_DATE_1,172,datetime,NULL,NULL,NULL,YES,NULL
dbo,GROUP_DATA_2014,COPAY_NUMBER_1,173,int,NULL,10,0,YES,NULL
dbo,GROUP_DATA_2014,COPAY_NUMBER_2,174,int,NULL,10,0,YES,NULL
dbo,GROUP_DATA_2014,PLAN_EFF_DATE_1,175,datetime,NULL,NULL,NULL,YES,NULL
dbo,GROUP_DATA_2014,LIMIT_KIND_1,176,varchar,1,NULL,NULL,YES,NULL
dbo,GROUP_DATA_2014,PLAN_NUMBER_2,177,varchar,4,NULL,NULL,YES,NULL
dbo,GROUP_DATA_2014,LIMIT_KIND_2,178,varchar,1,NULL,NULL,YES,NULL
dbo,GROUP_DATA_2014,PLAN_NAME,179,varchar,30,NULL,NULL,YES,NULL
dbo,GROUP_DATA_2014,MAX_SINGLE,180,int,NULL,10,0,YES,NULL
dbo,GROUP_DATA_2014,MAX_FAMILY,181,int,NULL,10,0,YES,NULL
dbo,GROUP_DATA_2014,DEDUCT_SINGLE,182,int,NULL,10,0,YES,NULL
dbo,GROUP_DATA_2014,DEDUCT_FAMILY,183,int,NULL,10,0,YES,NULL
dbo,GROUP_DATA_2014,LIMIT_MONTHS,184,int,NULL,10,0,YES,NULL
dbo,GROUP_DATA_2014,LIMIT_MEMBER,185,int,NULL,10,0,YES,NULL
dbo,GROUP_DATA_2014,GROUP_STREET_2,186,varchar,40,NULL,NULL,YES,NULL
dbo,GROUP_DATA_2014,DEPENDENT_ELIGIBILITY,187,varchar,1,NULL,NULL,YES,NULL
dbo,GROUP_DATA_2014,DEDUCT_COPAY_2,188,int,NULL,10,0,YES,NULL
dbo,GROUP_DATA_2014,MAX_COPAY_2,189,int,NULL,10,0,YES,NULL
dbo,GROUP_DATA_2014,LIMIT_KIND_3,190,varchar,1,NULL,NULL,YES,NULL
dbo,GROUP_DATA_2014,DEDUCT_COPAY_3,191,int,NULL,10,0,YES,NULL
dbo,GROUP_DATA_2014,MAX_COPAY_3,192,int,NULL,10,0,YES,NULL
dbo,GROUP_DATA_2014,LIMIT_KIND_4,193,varchar,1,NULL,NULL,YES,NULL
dbo,GROUP_DATA_2014,DEDUCT_COPAY_4,194,int,NULL,10,0,YES,NULL
dbo,GROUP_DATA_2014,MAX_COPAY_4,195,int,NULL,10,0,YES,NULL
dbo,GROUP_DATA_2014,LIMIT_KIND_5,196,varchar,1,NULL,NULL,YES,NULL
dbo,GROUP_DATA_2014,DEDUCT_COPAY_5,197,int,NULL,10,0,YES,NULL
dbo,GROUP_DATA_2014,MAX_COPAY_5,198,int,NULL,10,0,YES,NULL
dbo,GROUP_DATA_2014,LIMIT_KIND_6,199,varchar,1,NULL,NULL,YES,NULL
dbo,GROUP_DATA_2014,DEDUCT_COPAY_6,200,int,NULL,10,0,YES,NULL
dbo,GROUP_DATA_2014,MAX_COPAY_6,201,int,NULL,10,0,YES,NULL
dbo,GROUP_DATA_2014,LIMIT_KIND_7,202,varchar,1,NULL,NULL,YES,NULL
dbo,GROUP_DATA_2014,DEDUCT_COPAY_7,203,int,NULL,10,0,YES,NULL
dbo,GROUP_DATA_2014,MAX_COPAY_7,204,int,NULL,10,0,YES,NULL
dbo,GROUP_DATA_2014,LIMIT_KIND_8,205,varchar,1,NULL,NULL,YES,NULL
dbo,GROUP_DATA_2014,DEDUCT_COPAY_8,206,int,NULL,10,0,YES,NULL
dbo,GROUP_DATA_2014,MAX_COPAY_8,207,int,NULL,10,0,YES,NULL
dbo,GROUP_DATA_2014,LIMIT_KIND_9,208,varchar,1,NULL,NULL,YES,NULL
dbo,GROUP_DATA_2014,DEDUCT_COPAY_9,209,int,NULL,10,0,YES,NULL
dbo,GROUP_DATA_2014,MAX_COPAY_9,210,int,NULL,10,0,YES,NULL
dbo,GROUP_DATA_2014,LIMIT_KIND_10,211,varchar,1,NULL,NULL,YES,NULL
dbo,GROUP_DATA_2014,DEDUCT_COPAY_10,212,int,NULL,10,0,YES,NULL
dbo,GROUP_DATA_2014,MAX_COPAY_10,213,int,NULL,10,0,YES,NULL
dbo,GROUP_DATA_2014,DEPENDENT_AGE_LIMT_1,214,int,NULL,10,0,YES,NULL
dbo,GROUP_DATA_2014,COLLEGE_AGE_LIMIT_1,215,int,NULL,10,0,YES,NULL
dbo,GROUP_DATA_2014,DISABILITY_AGE_LIMIT_1,216,int,NULL,10,0,YES,NULL
dbo,GROUP_DATA_2014,SPECIAL_AGE_LIMIT_1,217,int,NULL,10,0,YES,NULL
dbo,GROUP_DATA_2014,DEPENDENT_AGE_LIMIT_2,218,int,NULL,10,0,YES,NULL
dbo,GROUP_DATA_2014,COLLEGE_AGE_LIMT_2,219,int,NULL,10,0,YES,NULL
dbo,GROUP_DATA_2014,DISABILITY_AGE_LIMIT_2,220,int,NULL,10,0,YES,NULL
dbo,GROUP_DATA_2014,SPECIAL_AGE_LIMIT_2,221,int,NULL,10,0,YES,NULL
dbo,GROUP_DATA_2014,DEPENDENT_AGE_LIMIT_3,222,int,NULL,10,0,YES,NULL
dbo,GROUP_DATA_2014,COLLEGE_AGE_LIMIT_3,223,int,NULL,10,0,YES,NULL
dbo,GROUP_DATA_2014,DISABILITY_AGE_LIMIT_3,224,int,NULL,10,0,YES,NULL
dbo,GROUP_DATA_2014,SPECIAL_AGE_LIMIT_3,225,int,NULL,10,0,YES,NULL
dbo,GROUP_DATA_2014,NETWORK_NUMBER_90_DAY,226,int,NULL,10,0,YES,NULL
dbo,GROUP_DATA_2014,OPTION_FLAG_90_DAY,227,char,1,NULL,NULL,YES,NULL
dbo,GROUP_DATA_2014,SPONSOR_CHANGE,228,char,15,NULL,NULL,YES,NULL
dbo,GROUP_DATA_2014,AGE_DATE_CYMD_1,229,datetime,NULL,NULL,NULL,YES,NULL
dbo,GROUP_DATA_2014,AGE_DATE_CYMD_2,230,datetime,NULL,NULL,NULL,YES,NULL
dbo,GROUP_DATA_2014,AGE_DATE_CYMD_3,231,datetime,NULL,NULL,NULL,YES,NULL
dbo,GROUP_DATA_2014,AO_CYMD_1,232,datetime,NULL,NULL,NULL,YES,NULL
dbo,GROUP_DATA_2014,AO_NUMBER_1,233,int,NULL,10,0,YES,NULL
dbo,GROUP_DATA_2014,AO_CYMD_2,234,datetime,NULL,NULL,NULL,YES,NULL
dbo,GROUP_DATA_2014,AO_NUMBER_2,235,int,NULL,10,0,YES,NULL
dbo,GROUP_DATA_2014,AO_CYMD_3,236,datetime,NULL,NULL,NULL,YES,NULL
dbo,GROUP_DATA_2014,AO_NUMBER_3,237,int,NULL,10,0,YES,NULL
dbo,GROUP_DATA_2014,AO_CYMD_4,238,datetime,NULL,NULL,NULL,YES,NULL
dbo,GROUP_DATA_2014,AO_NUMBER_4,239,int,NULL,10,0,YES,NULL
dbo,GROUP_DATA_2014,AO_CYMD_5,240,datetime,NULL,NULL,NULL,YES,NULL
dbo,GROUP_DATA_2014,AO_NUMBER_5,241,int,NULL,10,0,YES,NULL
dbo,GROUP_DATA_2014,BACK_BILL_DATE,242,datetime,NULL,NULL,NULL,YES,NULL
dbo,GROUP_DATA_2014,BACK_BILL_TYP_CODE,243,char,1,NULL,NULL,YES,NULL
dbo,GROUP_DATA_2014,CARD_FLAG,244,char,8,NULL,NULL,YES,NULL
dbo,GROUP_DATA_2014,CARDS_SINGLE,245,int,NULL,10,0,YES,NULL
dbo,GROUP_DATA_2014,CARDS_FAMILY,246,int,NULL,10,0,YES,NULL
dbo,GROUP_DATA_2014,DISP_FEE_EFF_DATE_2,247,datetime,NULL,NULL,NULL,YES,NULL
dbo,GROUP_DATA_2014,DISP_FEE_EFF_DATE_3,248,datetime,NULL,NULL,NULL,YES,NULL
dbo,GROUP_DATA_2014,DISP_SCHEDULE_NUMBER_1,249,int,NULL,10,0,YES,NULL
dbo,GROUP_DATA_2014,DISP_SCHEDULE_NUMBER_2,250,int,NULL,10,0,YES,NULL
dbo,GROUP_DATA_2014,DISP_SCHEDULE_NUMBER_3,251,int,NULL,10,0,YES,NULL
dbo,GROUP_DATA_2014,DRUG_DETAIL_FLAG,252,char,1,NULL,NULL,YES,NULL
dbo,GROUP_DATA_2014,PA_PHONE,253,char,21,NULL,NULL,YES,NULL
dbo,GROUP_DATA_2014,PERIOD_ENDING_DATE,254,datetime,NULL,NULL,NULL,YES,NULL
dbo,GROUP_DATA_2014,SUB_FLAG,255,char,1,NULL,NULL,YES,NULL
dbo,GROUP_DATA_2014,TROOP_COPAY_2,256,int,NULL,10,0,YES,NULL
dbo,GROUP_DATA_2014,TROOP_COPAY_3,257,int,NULL,10,0,YES,NULL
dbo,GROUP_DATA_2014,TROOP_EFF_DATE_1,258,datetime,NULL,NULL,NULL,YES,NULL
dbo,GROUP_DATA_2014,TROOP_EFF_DATE_2,259,datetime,NULL,NULL,NULL,YES,NULL
dbo,GROUP_DATA_2014,TROOP_EFF_DATE_3,260,datetime,NULL,NULL,NULL,YES,NULL
dbo,GROUP_DATA_2014,YEAR_ROLL_DATE_1,261,datetime,NULL,NULL,NULL,YES,NULL
dbo,GROUP_DATA_2014,YEAR_ROLL_DATE_2,262,datetime,NULL,NULL,NULL,YES,NULL
dbo,GROUP_DATA_2014,YEAR_ROLL_DATE_3,263,datetime,NULL,NULL,NULL,YES,NULL
dbo,GROUP_DATA_2014,COPAY_EFF_2,264,datetime,NULL,NULL,NULL,YES,NULL
dbo,GROUP_DATA_2014,COPAY_EFF_3,265,datetime,NULL,NULL,NULL,YES,NULL
dbo,GROUP_DATA_2014,COPAY_EFF_4,266,datetime,NULL,NULL,NULL,YES,NULL
dbo,GROUP_DATA_2014,COPAY_EFF_5,267,datetime,NULL,NULL,NULL,YES,NULL
dbo,GROUP_DATA_2014,COPAY_EFF_6,268,datetime,NULL,NULL,NULL,YES,NULL
dbo,GROUP_DATA_2014,COPAY_EFF_7,269,datetime,NULL,NULL,NULL,YES,NULL
dbo,GROUP_DATA_2014,COPAY_EFF_8,270,datetime,NULL,NULL,NULL,YES,NULL
dbo,GROUP_DATA_2014,COPAY_EFF_9,271,datetime,NULL,NULL,NULL,YES,NULL
dbo,GROUP_DATA_2014,COPAY_EFF_10,272,datetime,NULL,NULL,NULL,YES,NULL
dbo,GROUP_DATA_2014,COPAY_NUM_3,273,int,NULL,10,0,YES,NULL
dbo,GROUP_DATA_2014,COPAY_NUM_4,274,int,NULL,10,0,YES,NULL
dbo,GROUP_DATA_2014,COPAY_NUM_5,275,int,NULL,10,0,YES,NULL
dbo,GROUP_DATA_2014,COPAY_NUM_6,276,int,NULL,10,0,YES,NULL
dbo,GROUP_DATA_2014,COPAY_NUM_7,277,int,NULL,10,0,YES,NULL
dbo,GROUP_DATA_2014,COPAY_NUM_8,278,int,NULL,10,0,YES,NULL
dbo,GROUP_DATA_2014,COPAY_NUM_9,279,int,NULL,10,0,YES,NULL
dbo,GROUP_DATA_2014,COPAY_NUM_10,280,int,NULL,10,0,YES,NULL
dbo,GROUP_DATA_2014,POS_TIP,281,char,1,NULL,NULL,YES,NULL
dbo,GROUP_DATA_2014,DS_TERM_LOGIC,282,char,1,NULL,NULL,YES,NULL
dbo,GROUP_DATA_2014,ADM_EFF_DATE_1,283,datetime,NULL,NULL,NULL,YES,NULL
dbo,GROUP_DATA_2014,ADM_SCHEDULE_NUMBER_1,284,int,NULL,10,0,YES,NULL
dbo,GROUP_DATA_2014,ADM_EFF_DATE_2,285,datetime,NULL,NULL,NULL,YES,NULL
dbo,GROUP_DATA_2014,ADM_SCHEDULE_NUMBER_2,286,int,NULL,10,0,YES,NULL
dbo,GROUP_DATA_2014,ADM_EFF_DATE_3,287,datetime,NULL,NULL,NULL,YES,NULL
dbo,GROUP_DATA_2014,ADM_SCHEDULE_NUMBER_3,288,int,NULL,10,0,YES,NULL
dbo,GROUP_DATA_2014,ADM_EFF_DATE_4,289,datetime,NULL,NULL,NULL,YES,NULL
dbo,GROUP_DATA_2014,ADM_SCHEDULE_NUMBER_4,290,int,NULL,10,0,YES,NULL
dbo,GROUP_DATA_2014,ADM_EFF_DATE_5,291,datetime,NULL,NULL,NULL,YES,NULL
dbo,GROUP_DATA_2014,ADM_SCHEDULE_NUMBER_5,292,int,NULL,10,0,YES,NULL
dbo,GROUP_DATA_2015,GROUP_NUMBER,1,float,NULL,53,NULL,NO,NULL
dbo,GROUP_DATA_2015,GROUP_NAME,2,char,30,NULL,NULL,YES,NULL
dbo,GROUP_DATA_2015,ALT_GROUP_NUMBER,3,char,20,NULL,NULL,YES,NULL
dbo,GROUP_DATA_2015,SPONSOR_NUMBER,4,int,NULL,10,0,YES,NULL
dbo,GROUP_DATA_2015,SPONSOR_NAME,5,char,30,NULL,NULL,YES,NULL
dbo,GROUP_DATA_2015,SYSTEM_NUMBER,6,int,NULL,10,0,YES,NULL
dbo,GROUP_DATA_2015,SYSTEM_NAME,7,char,30,NULL,NULL,YES,NULL
dbo,GROUP_DATA_2015,SYSTEM_LINK,8,char,10,NULL,NULL,YES,NULL
dbo,GROUP_DATA_2015,GROUP_STREET,9,char,30,NULL,NULL,YES,NULL
dbo,GROUP_DATA_2015,GROUP_ZIP,10,varchar,5,NULL,NULL,YES,NULL
dbo,GROUP_DATA_2015,GROUP_EFF_DATE,11,datetime,NULL,NULL,NULL,YES,NULL
dbo,GROUP_DATA_2015,GROUP_TER_DATE,12,datetime,NULL,NULL,NULL,YES,NULL
dbo,GROUP_DATA_2015,DISP_FEE_DESCRIPTION,13,char,30,NULL,NULL,YES,NULL
dbo,GROUP_DATA_2015,COPAY_DESCRIPTION,14,char,30,NULL,NULL,YES,NULL
dbo,GROUP_DATA_2015,MASTER_GROUP,15,int,NULL,10,0,YES,NULL
dbo,GROUP_DATA_2015,GROUP_BENEFIT_CODE,16,char,16,NULL,NULL,YES,NULL
dbo,GROUP_DATA_2015,GROUP_MASTER_FLAG,17,char,1,NULL,NULL,YES,NULL
dbo,GROUP_DATA_2015,GROUP_BENEFIT_DESCRIPTION,18,char,30,NULL,NULL,YES,NULL
dbo,GROUP_DATA_2015,ODAW1_TC,19,int,NULL,10,0,YES,NULL
dbo,GROUP_DATA_2015,ODAW2_TC,20,int,NULL,10,0,YES,NULL
dbo,GROUP_DATA_2015,GEN_TC,21,int,NULL,10,0,YES,NULL
dbo,GROUP_DATA_2015,NP_TC,22,int,NULL,10,0,YES,NULL
dbo,GROUP_DATA_2015,SINGLE_TC,23,int,NULL,10,0,YES,NULL
dbo,GROUP_DATA_2015,BRAND_TC,24,int,NULL,10,0,YES,NULL
dbo,GROUP_DATA_2015,BC_TC,25,int,NULL,10,0,YES,NULL
dbo,GROUP_DATA_2015,COPAY_NUMBER,26,int,NULL,10,0,YES,NULL
dbo,GROUP_DATA_2015,FORMULARY,27,smallint,NULL,5,0,YES,NULL
dbo,GROUP_DATA_2015,PLAN_KEY,28,char,12,NULL,NULL,YES,NULL
dbo,GROUP_DATA_2015,SUB_GROUP,29,smallint,NULL,5,0,YES,NULL
dbo,GROUP_DATA_2015,FORMULARY_STRUCTURE,30,char,1,NULL,NULL,YES,NULL
dbo,GROUP_DATA_2015,ACTIVE_SYSTEM,31,char,1,NULL,NULL,YES,NULL
dbo,GROUP_DATA_2015,ODAW1_FIXED,32,decimal,NULL,6,2,YES,NULL
dbo,GROUP_DATA_2015,ODAW1_PCT,33,decimal,NULL,6,4,YES,NULL
dbo,GROUP_DATA_2015,ODAW2_FIXED,34,decimal,NULL,6,2,YES,NULL
dbo,GROUP_DATA_2015,ODAW2_PCT,35,decimal,NULL,6,4,YES,NULL
dbo,GROUP_DATA_2015,GEN_FIXED,36,decimal,NULL,6,2,YES,NULL
dbo,GROUP_DATA_2015,GEN_PCT,37,decimal,NULL,6,4,YES,NULL
dbo,GROUP_DATA_2015,NP_FIXED,38,decimal,NULL,6,2,YES,NULL
dbo,GROUP_DATA_2015,NP_PCT,39,decimal,NULL,6,4,YES,NULL
dbo,GROUP_DATA_2015,SINGLE_FIXED,40,decimal,NULL,6,2,YES,NULL
dbo,GROUP_DATA_2015,SINGLE_PCT,41,decimal,NULL,6,4,YES,NULL
dbo,GROUP_DATA_2015,BRAND_FIXED,42,decimal,NULL,6,2,YES,NULL
dbo,GROUP_DATA_2015,BRAND_PCT,43,decimal,NULL,6,4,YES,NULL
dbo,GROUP_DATA_2015,BC_FIXED,44,decimal,NULL,6,2,YES,NULL
dbo,GROUP_DATA_2015,BC_PCT,45,decimal,NULL,6,4,YES,NULL
dbo,GROUP_DATA_2015,DEPO_TC,46,int,NULL,10,0,YES,NULL
dbo,GROUP_DATA_2015,DEPO_FIXED,47,decimal,NULL,6,2,YES,NULL
dbo,GROUP_DATA_2015,DEPO_PCT,48,decimal,NULL,6,4,YES,NULL
dbo,GROUP_DATA_2015,INJ_TC,49,int,NULL,10,0,YES,NULL
dbo,GROUP_DATA_2015,INJ_FIXED,50,decimal,NULL,6,2,YES,NULL
dbo,GROUP_DATA_2015,INJ_PCT,51,decimal,NULL,6,4,YES,NULL
dbo,GROUP_DATA_2015,SPLIT_TC,52,int,NULL,10,0,YES,NULL
dbo,GROUP_DATA_2015,SPLIT_FIXED,53,decimal,NULL,6,2,YES,NULL
dbo,GROUP_DATA_2015,SPLIT_PCT,54,decimal,NULL,6,4,YES,NULL
dbo,GROUP_DATA_2015,SYS_LINK_DESCRIPTION,55,char,60,NULL,NULL,YES,NULL
dbo,GROUP_DATA_2015,COMP_TC,56,int,NULL,10,0,YES,NULL
dbo,GROUP_DATA_2015,COMP_FIXED,57,decimal,NULL,6,2,YES,NULL
dbo,GROUP_DATA_2015,COMP_PCT,58,decimal,NULL,6,4,YES,NULL
dbo,GROUP_DATA_2015,MULTI_TC,59,int,NULL,10,0,YES,NULL
dbo,GROUP_DATA_2015,MULTI_FIXED,60,decimal,NULL,6,2,YES,NULL
dbo,GROUP_DATA_2015,MULTI_PCT,61,decimal,NULL,6,4,YES,NULL
dbo,GROUP_DATA_2015,NPBC_TC,62,int,NULL,10,0,YES,NULL
dbo,GROUP_DATA_2015,NPBC_FIXED,63,decimal,NULL,6,2,YES,NULL
dbo,GROUP_DATA_2015,NPBC_PCT,64,decimal,NULL,6,4,YES,NULL
dbo,GROUP_DATA_2015,NPDAW1_TC,65,int,NULL,10,0,YES,NULL
dbo,GROUP_DATA_2015,NPDAW1_FIXED,66,decimal,NULL,6,2,YES,NULL
dbo,GROUP_DATA_2015,NPDAW1_PCT,67,decimal,NULL,6,4,YES,NULL
dbo,GROUP_DATA_2015,NPDAW2_TC,68,int,NULL,10,0,YES,NULL
dbo,GROUP_DATA_2015,NPDAW2_FIXED,69,decimal,NULL,6,2,YES,NULL
dbo,GROUP_DATA_2015,NPDAW2_PCT,70,decimal,NULL,6,4,YES,NULL
dbo,GROUP_DATA_2015,NPM_TC,71,int,NULL,10,0,YES,NULL
dbo,GROUP_DATA_2015,NPM_FIXED,72,decimal,NULL,6,2,YES,NULL
dbo,GROUP_DATA_2015,NPM_PCT,73,decimal,NULL,6,4,YES,NULL
dbo,GROUP_DATA_2015,NPN_TC,74,int,NULL,10,0,YES,NULL
dbo,GROUP_DATA_2015,NPN_FIXED,75,decimal,NULL,6,2,YES,NULL
dbo,GROUP_DATA_2015,NPN_PCT,76,decimal,NULL,6,4,YES,NULL
dbo,GROUP_DATA_2015,ODAW3_TC,77,int,NULL,10,0,YES,NULL
dbo,GROUP_DATA_2015,ODAW3_FIXED,78,decimal,NULL,6,2,YES,NULL
dbo,GROUP_DATA_2015,ODAW3_PCT,79,decimal,NULL,6,4,YES,NULL
dbo,GROUP_DATA_2015,DIFF_FLAG,80,char,1,NULL,NULL,YES,NULL
dbo,GROUP_DATA_2015,DIFF_TABLE_1,81,int,NULL,10,0,YES,NULL
dbo,GROUP_DATA_2015,DIFF_EFF_1,82,datetime,NULL,NULL,NULL,YES,NULL
dbo,GROUP_DATA_2015,DIFF_TER_1,83,datetime,NULL,NULL,NULL,YES,NULL
dbo,GROUP_DATA_2015,DIFF_TABLE_2,84,int,NULL,10,0,YES,NULL
dbo,GROUP_DATA_2015,DIFF_EFF_2,85,datetime,NULL,NULL,NULL,YES,NULL
dbo,GROUP_DATA_2015,DIFF_TER_2,86,datetime,NULL,NULL,NULL,YES,NULL
dbo,GROUP_DATA_2015,DIFF_TABLE_3,87,int,NULL,10,0,YES,NULL
dbo,GROUP_DATA_2015,DIFF_EFF_3,88,datetime,NULL,NULL,NULL,YES,NULL
dbo,GROUP_DATA_2015,DIFF_TER_3,89,datetime,NULL,NULL,NULL,YES,NULL
dbo,GROUP_DATA_2015,WAREHOUSE_GRP_POST_DATE,90,datetime,NULL,NULL,NULL,YES,NULL
dbo,GROUP_DATA_2015,SYS_STREET_1,91,varchar,30,NULL,NULL,YES,NULL
dbo,GROUP_DATA_2015,SYS_STREET_2,92,varchar,30,NULL,NULL,YES,NULL
dbo,GROUP_DATA_2015,SYS_CITY,93,varchar,18,NULL,NULL,YES,NULL
dbo,GROUP_DATA_2015,SYS_STATE,94,varchar,2,NULL,NULL,YES,NULL
dbo,GROUP_DATA_2015,SYS_ZIP,95,varchar,5,NULL,NULL,YES,NULL
dbo,GROUP_DATA_2015,SYS_ZIP_4,96,varchar,4,NULL,NULL,YES,NULL
dbo,GROUP_DATA_2015,SPO_STREET_1,97,varchar,24,NULL,NULL,YES,NULL
dbo,GROUP_DATA_2015,SPO_STREET_2,98,varchar,24,NULL,NULL,YES,NULL
dbo,GROUP_DATA_2015,SPO_CITY,99,varchar,18,NULL,NULL,YES,NULL
dbo,GROUP_DATA_2015,SPO_STATE,100,varchar,2,NULL,NULL,YES,NULL
dbo,GROUP_DATA_2015,SPO_ZIP_4,101,varchar,4,NULL,NULL,YES,NULL
dbo,GROUP_DATA_2015,SPO_NO_FINANCIAL,102,varchar,1,NULL,NULL,YES,NULL
dbo,GROUP_DATA_2015,SPO_MAIL_RETAIL_FLAG,103,varchar,1,NULL,NULL,YES,NULL
dbo,GROUP_DATA_2015,GROUP_CITY,104,varchar,18,NULL,NULL,YES,NULL
dbo,GROUP_DATA_2015,GROUP_STATE,105,varchar,2,NULL,NULL,YES,NULL
dbo,GROUP_DATA_2015,SPO_ZIP,106,varchar,5,NULL,NULL,YES,NULL
dbo,GROUP_DATA_2015,AcctType,107,varchar,50,NULL,NULL,YES,NULL
dbo,GROUP_DATA_2015,PURGE_STATUS,108,int,NULL,10,0,YES,NULL
dbo,GROUP_DATA_2015,SYSTEM_T_OFF_CYCLE,109,varchar,1,NULL,NULL,YES,NULL
dbo,GROUP_DATA_2015,PHYSICIAN_CODE_OPTION,110,varchar,1,NULL,NULL,YES,NULL
dbo,GROUP_DATA_2015,DEPENDENT_ELIG_OPTION,111,varchar,1,NULL,NULL,YES,NULL
dbo,GROUP_DATA_2015,VALID_BIRTH_OPTION,112,varchar,1,NULL,NULL,YES,NULL
dbo,GROUP_DATA_2015,CARDHOLDER_NUMBER_FLAG,113,varchar,1,NULL,NULL,YES,NULL
dbo,GROUP_DATA_2015,ACCUM_PROCESS,114,varchar,1,NULL,NULL,YES,NULL
dbo,GROUP_DATA_2015,BROKER,115,varchar,12,NULL,NULL,YES,NULL
dbo,GROUP_DATA_2015,SYSTEM_CLIENT_TYPE,116,varchar,5,NULL,NULL,YES,NULL
dbo,GROUP_DATA_2015,SPONSOR_ACCOUNT_TYPE,117,varchar,10,NULL,NULL,YES,NULL
dbo,GROUP_DATA_2015,IN_PATCH,118,char,1,NULL,NULL,YES,NULL
dbo,GROUP_DATA_2015,ENTRY_DATE,119,datetime,NULL,NULL,NULL,YES,NULL
dbo,GROUP_DATA_2015,CHANGE_DATE,120,datetime,NULL,NULL,NULL,YES,NULL
dbo,GROUP_DATA_2015,NETWORK_1,121,int,NULL,10,0,YES,NULL
dbo,GROUP_DATA_2015,NETWORK_EFFECTIVE_1,122,datetime,NULL,NULL,NULL,YES,NULL
dbo,GROUP_DATA_2015,NETWORK_TERM_1,123,datetime,NULL,NULL,NULL,YES,NULL
dbo,GROUP_DATA_2015,NETWORK_2,124,int,NULL,10,0,YES,NULL
dbo,GROUP_DATA_2015,NETWORK_EFFECTIVE_2,125,datetime,NULL,NULL,NULL,YES,NULL
dbo,GROUP_DATA_2015,NETWORK_TERM_2,126,datetime,NULL,NULL,NULL,YES,NULL
dbo,GROUP_DATA_2015,NETWORK_3,127,int,NULL,10,0,YES,NULL
dbo,GROUP_DATA_2015,NETWORK_EFFECTIVE_3,128,datetime,NULL,NULL,NULL,YES,NULL
dbo,GROUP_DATA_2015,NETWORK_TERM_3,129,datetime,NULL,NULL,NULL,YES,NULL
dbo,GROUP_DATA_2015,NETWORK_4,130,int,NULL,10,0,YES,NULL
dbo,GROUP_DATA_2015,NETWORK_EFFECTIVE_4,131,datetime,NULL,NULL,NULL,YES,NULL
dbo,GROUP_DATA_2015,NETWORK_TERM_4,132,datetime,NULL,NULL,NULL,YES,NULL
dbo,GROUP_DATA_2015,NETWORK_5,133,int,NULL,10,0,YES,NULL
dbo,GROUP_DATA_2015,NETWORK_EFFECTIVE_5,134,datetime,NULL,NULL,NULL,YES,NULL
dbo,GROUP_DATA_2015,NETWORK_TERM_5,135,datetime,NULL,NULL,NULL,YES,NULL
dbo,GROUP_DATA_2015,NETWORK_6,136,int,NULL,10,0,YES,NULL
dbo,GROUP_DATA_2015,NETWORK_EFFECTIVE_6,137,datetime,NULL,NULL,NULL,YES,NULL
dbo,GROUP_DATA_2015,NETWORK_TERM_6,138,datetime,NULL,NULL,NULL,YES,NULL
dbo,GROUP_DATA_2015,NETWORK_7,139,int,NULL,10,0,YES,NULL
dbo,GROUP_DATA_2015,NETWORK_EFFECTIVE_7,140,datetime,NULL,NULL,NULL,YES,NULL
dbo,GROUP_DATA_2015,NETWORK_TERM_7,141,datetime,NULL,NULL,NULL,YES,NULL
dbo,GROUP_DATA_2015,NETWORK_8,142,int,NULL,10,0,YES,NULL
dbo,GROUP_DATA_2015,NETWORK_EFFECTIVE_8,143,datetime,NULL,NULL,NULL,YES,NULL
dbo,GROUP_DATA_2015,NETWORK_TERM_8,144,datetime,NULL,NULL,NULL,YES,NULL
dbo,GROUP_DATA_2015,NETWORK_9,145,int,NULL,10,0,YES,NULL
dbo,GROUP_DATA_2015,NETWORK_EFFECTIVE_9,146,datetime,NULL,NULL,NULL,YES,NULL
dbo,GROUP_DATA_2015,NETWORK_TERM_9,147,datetime,NULL,NULL,NULL,YES,NULL
dbo,GROUP_DATA_2015,NETWORK_10,148,int,NULL,10,0,YES,NULL
dbo,GROUP_DATA_2015,NETWORK_EFFECTIVE_10,149,datetime,NULL,NULL,NULL,YES,NULL
dbo,GROUP_DATA_2015,NETWORK_TERM_10,150,datetime,NULL,NULL,NULL,YES,NULL
dbo,GROUP_DATA_2015,BIRTH_MONTH_FLAG,151,char,2,NULL,NULL,YES,NULL
dbo,GROUP_DATA_2015,MAIL_ORDER_NABP_1,152,int,NULL,10,0,YES,NULL
dbo,GROUP_DATA_2015,MAIL_ORDER_EFF_1,153,datetime,NULL,NULL,NULL,YES,NULL
dbo,GROUP_DATA_2015,MAIL_ORDER_NABP_2,154,int,NULL,10,0,YES,NULL
dbo,GROUP_DATA_2015,MAIL_ORDER_EFF_2,155,datetime,NULL,NULL,NULL,YES,NULL
dbo,GROUP_DATA_2015,MAIL_ORDER_NABP_3,156,int,NULL,10,0,YES,NULL
dbo,GROUP_DATA_2015,MAIL_ORDER_EFF_3,157,datetime,NULL,NULL,NULL,YES,NULL
dbo,GROUP_DATA_2015,DEDUCT_COPAY,158,int,NULL,10,0,YES,NULL
dbo,GROUP_DATA_2015,MAX_COPAY,159,int,NULL,10,0,YES,NULL
dbo,GROUP_DATA_2015,TROOP_COPAY,160,int,NULL,10,0,YES,NULL
dbo,GROUP_DATA_2015,ROLLOVER_DATE_2,161,datetime,NULL,NULL,NULL,YES,NULL
dbo,GROUP_DATA_2015,ROLLOVER_DATE_3,162,datetime,NULL,NULL,NULL,YES,NULL
dbo,GROUP_DATA_2015,ROLLOVER_DATE_4,163,datetime,NULL,NULL,NULL,YES,NULL
dbo,GROUP_DATA_2015,ROLLOVER_DATE_5,164,datetime,NULL,NULL,NULL,YES,NULL
dbo,GROUP_DATA_2015,ROLLOVER_DATE_6,165,datetime,NULL,NULL,NULL,YES,NULL
dbo,GROUP_DATA_2015,ROLLOVER_DATE_7,166,datetime,NULL,NULL,NULL,YES,NULL
dbo,GROUP_DATA_2015,ROLLOVER_DATE_8,167,datetime,NULL,NULL,NULL,YES,NULL
dbo,GROUP_DATA_2015,ROLLOVER_DATE_9,168,datetime,NULL,NULL,NULL,YES,NULL
dbo,GROUP_DATA_2015,ROLLOVER_DATE_10,169,datetime,NULL,NULL,NULL,YES,NULL
dbo,GROUP_DATA_2015,ROLLOVER_DATE_1,170,datetime,NULL,NULL,NULL,YES,NULL
dbo,GROUP_DATA_2015,DISP_FEE_EFF_DATE_1,171,datetime,NULL,NULL,NULL,YES,NULL
dbo,GROUP_DATA_2015,COPAY_EFF_DATE_1,172,datetime,NULL,NULL,NULL,YES,NULL
dbo,GROUP_DATA_2015,COPAY_NUMBER_1,173,int,NULL,10,0,YES,NULL
dbo,GROUP_DATA_2015,COPAY_NUMBER_2,174,int,NULL,10,0,YES,NULL
dbo,GROUP_DATA_2015,PLAN_EFF_DATE_1,175,datetime,NULL,NULL,NULL,YES,NULL
dbo,GROUP_DATA_2015,LIMIT_KIND_1,176,varchar,1,NULL,NULL,YES,NULL
dbo,GROUP_DATA_2015,PLAN_NUMBER_2,177,varchar,4,NULL,NULL,YES,NULL
dbo,GROUP_DATA_2015,LIMIT_KIND_2,178,varchar,1,NULL,NULL,YES,NULL
dbo,GROUP_DATA_2015,PLAN_NAME,179,varchar,30,NULL,NULL,YES,NULL
dbo,GROUP_DATA_2015,MAX_SINGLE,180,int,NULL,10,0,YES,NULL
dbo,GROUP_DATA_2015,MAX_FAMILY,181,int,NULL,10,0,YES,NULL
dbo,GROUP_DATA_2015,DEDUCT_SINGLE,182,int,NULL,10,0,YES,NULL
dbo,GROUP_DATA_2015,DEDUCT_FAMILY,183,int,NULL,10,0,YES,NULL
dbo,GROUP_DATA_2015,LIMIT_MONTHS,184,int,NULL,10,0,YES,NULL
dbo,GROUP_DATA_2015,LIMIT_MEMBER,185,int,NULL,10,0,YES,NULL
dbo,GROUP_DATA_2015,GROUP_STREET_2,186,varchar,40,NULL,NULL,YES,NULL
dbo,GROUP_DATA_2015,DEPENDENT_ELIGIBILITY,187,varchar,1,NULL,NULL,YES,NULL
dbo,GROUP_DATA_2015,DEDUCT_COPAY_2,188,int,NULL,10,0,YES,NULL
dbo,GROUP_DATA_2015,MAX_COPAY_2,189,int,NULL,10,0,YES,NULL
dbo,GROUP_DATA_2015,LIMIT_KIND_3,190,varchar,1,NULL,NULL,YES,NULL
dbo,GROUP_DATA_2015,DEDUCT_COPAY_3,191,int,NULL,10,0,YES,NULL
dbo,GROUP_DATA_2015,MAX_COPAY_3,192,int,NULL,10,0,YES,NULL
dbo,GROUP_DATA_2015,LIMIT_KIND_4,193,varchar,1,NULL,NULL,YES,NULL
dbo,GROUP_DATA_2015,DEDUCT_COPAY_4,194,int,NULL,10,0,YES,NULL
dbo,GROUP_DATA_2015,MAX_COPAY_4,195,int,NULL,10,0,YES,NULL
dbo,GROUP_DATA_2015,LIMIT_KIND_5,196,varchar,1,NULL,NULL,YES,NULL
dbo,GROUP_DATA_2015,DEDUCT_COPAY_5,197,int,NULL,10,0,YES,NULL
dbo,GROUP_DATA_2015,MAX_COPAY_5,198,int,NULL,10,0,YES,NULL
dbo,GROUP_DATA_2015,LIMIT_KIND_6,199,varchar,1,NULL,NULL,YES,NULL
dbo,GROUP_DATA_2015,DEDUCT_COPAY_6,200,int,NULL,10,0,YES,NULL
dbo,GROUP_DATA_2015,MAX_COPAY_6,201,int,NULL,10,0,YES,NULL
dbo,GROUP_DATA_2015,LIMIT_KIND_7,202,varchar,1,NULL,NULL,YES,NULL
dbo,GROUP_DATA_2015,DEDUCT_COPAY_7,203,int,NULL,10,0,YES,NULL
dbo,GROUP_DATA_2015,MAX_COPAY_7,204,int,NULL,10,0,YES,NULL
dbo,GROUP_DATA_2015,LIMIT_KIND_8,205,varchar,1,NULL,NULL,YES,NULL
dbo,GROUP_DATA_2015,DEDUCT_COPAY_8,206,int,NULL,10,0,YES,NULL
dbo,GROUP_DATA_2015,MAX_COPAY_8,207,int,NULL,10,0,YES,NULL
dbo,GROUP_DATA_2015,LIMIT_KIND_9,208,varchar,1,NULL,NULL,YES,NULL
dbo,GROUP_DATA_2015,DEDUCT_COPAY_9,209,int,NULL,10,0,YES,NULL
dbo,GROUP_DATA_2015,MAX_COPAY_9,210,int,NULL,10,0,YES,NULL
dbo,GROUP_DATA_2015,LIMIT_KIND_10,211,varchar,1,NULL,NULL,YES,NULL
dbo,GROUP_DATA_2015,DEDUCT_COPAY_10,212,int,NULL,10,0,YES,NULL
dbo,GROUP_DATA_2015,MAX_COPAY_10,213,int,NULL,10,0,YES,NULL
dbo,GROUP_DATA_2015,DEPENDENT_AGE_LIMT_1,214,int,NULL,10,0,YES,NULL
dbo,GROUP_DATA_2015,COLLEGE_AGE_LIMIT_1,215,int,NULL,10,0,YES,NULL
dbo,GROUP_DATA_2015,DISABILITY_AGE_LIMIT_1,216,int,NULL,10,0,YES,NULL
dbo,GROUP_DATA_2015,SPECIAL_AGE_LIMIT_1,217,int,NULL,10,0,YES,NULL
dbo,GROUP_DATA_2015,DEPENDENT_AGE_LIMIT_2,218,int,NULL,10,0,YES,NULL
dbo,GROUP_DATA_2015,COLLEGE_AGE_LIMT_2,219,int,NULL,10,0,YES,NULL
dbo,GROUP_DATA_2015,DISABILITY_AGE_LIMIT_2,220,int,NULL,10,0,YES,NULL
dbo,GROUP_DATA_2015,SPECIAL_AGE_LIMIT_2,221,int,NULL,10,0,YES,NULL
dbo,GROUP_DATA_2015,DEPENDENT_AGE_LIMIT_3,222,int,NULL,10,0,YES,NULL
dbo,GROUP_DATA_2015,COLLEGE_AGE_LIMIT_3,223,int,NULL,10,0,YES,NULL
dbo,GROUP_DATA_2015,DISABILITY_AGE_LIMIT_3,224,int,NULL,10,0,YES,NULL
dbo,GROUP_DATA_2015,SPECIAL_AGE_LIMIT_3,225,int,NULL,10,0,YES,NULL
dbo,GROUP_DATA_2015,NETWORK_NUMBER_90_DAY,226,int,NULL,10,0,YES,NULL
dbo,GROUP_DATA_2015,OPTION_FLAG_90_DAY,227,char,1,NULL,NULL,YES,NULL
dbo,GROUP_DATA_2015,SPONSOR_CHANGE,228,char,15,NULL,NULL,YES,NULL
dbo,GROUP_DATA_2015,AGE_DATE_CYMD_1,229,datetime,NULL,NULL,NULL,YES,NULL
dbo,GROUP_DATA_2015,AGE_DATE_CYMD_2,230,datetime,NULL,NULL,NULL,YES,NULL
dbo,GROUP_DATA_2015,AGE_DATE_CYMD_3,231,datetime,NULL,NULL,NULL,YES,NULL
dbo,GROUP_DATA_2015,AO_CYMD_1,232,datetime,NULL,NULL,NULL,YES,NULL
dbo,GROUP_DATA_2015,AO_NUMBER_1,233,int,NULL,10,0,YES,NULL
dbo,GROUP_DATA_2015,AO_CYMD_2,234,datetime,NULL,NULL,NULL,YES,NULL
dbo,GROUP_DATA_2015,AO_NUMBER_2,235,int,NULL,10,0,YES,NULL
dbo,GROUP_DATA_2015,AO_CYMD_3,236,datetime,NULL,NULL,NULL,YES,NULL
dbo,GROUP_DATA_2015,AO_NUMBER_3,237,int,NULL,10,0,YES,NULL
dbo,GROUP_DATA_2015,AO_CYMD_4,238,datetime,NULL,NULL,NULL,YES,NULL
dbo,GROUP_DATA_2015,AO_NUMBER_4,239,int,NULL,10,0,YES,NULL
dbo,GROUP_DATA_2015,AO_CYMD_5,240,datetime,NULL,NULL,NULL,YES,NULL
dbo,GROUP_DATA_2015,AO_NUMBER_5,241,int,NULL,10,0,YES,NULL
dbo,GROUP_DATA_2015,BACK_BILL_DATE,242,datetime,NULL,NULL,NULL,YES,NULL
dbo,GROUP_DATA_2015,BACK_BILL_TYP_CODE,243,char,1,NULL,NULL,YES,NULL
dbo,GROUP_DATA_2015,CARD_FLAG,244,char,8,NULL,NULL,YES,NULL
dbo,GROUP_DATA_2015,CARDS_SINGLE,245,int,NULL,10,0,YES,NULL
dbo,GROUP_DATA_2015,CARDS_FAMILY,246,int,NULL,10,0,YES,NULL
dbo,GROUP_DATA_2015,DISP_FEE_EFF_DATE_2,247,datetime,NULL,NULL,NULL,YES,NULL
dbo,GROUP_DATA_2015,DISP_FEE_EFF_DATE_3,248,datetime,NULL,NULL,NULL,YES,NULL
dbo,GROUP_DATA_2015,DISP_SCHEDULE_NUMBER_1,249,int,NULL,10,0,YES,NULL
dbo,GROUP_DATA_2015,DISP_SCHEDULE_NUMBER_2,250,int,NULL,10,0,YES,NULL
dbo,GROUP_DATA_2015,DISP_SCHEDULE_NUMBER_3,251,int,NULL,10,0,YES,NULL
dbo,GROUP_DATA_2015,DRUG_DETAIL_FLAG,252,char,1,NULL,NULL,YES,NULL
dbo,GROUP_DATA_2015,PA_PHONE,253,char,21,NULL,NULL,YES,NULL
dbo,GROUP_DATA_2015,PERIOD_ENDING_DATE,254,datetime,NULL,NULL,NULL,YES,NULL
dbo,GROUP_DATA_2015,SUB_FLAG,255,char,1,NULL,NULL,YES,NULL
dbo,GROUP_DATA_2015,TROOP_COPAY_2,256,int,NULL,10,0,YES,NULL
dbo,GROUP_DATA_2015,TROOP_COPAY_3,257,int,NULL,10,0,YES,NULL
dbo,GROUP_DATA_2015,TROOP_EFF_DATE_1,258,datetime,NULL,NULL,NULL,YES,NULL
dbo,GROUP_DATA_2015,TROOP_EFF_DATE_2,259,datetime,NULL,NULL,NULL,YES,NULL
dbo,GROUP_DATA_2015,TROOP_EFF_DATE_3,260,datetime,NULL,NULL,NULL,YES,NULL
dbo,GROUP_DATA_2015,YEAR_ROLL_DATE_1,261,datetime,NULL,NULL,NULL,YES,NULL
dbo,GROUP_DATA_2015,YEAR_ROLL_DATE_2,262,datetime,NULL,NULL,NULL,YES,NULL
dbo,GROUP_DATA_2015,YEAR_ROLL_DATE_3,263,datetime,NULL,NULL,NULL,YES,NULL
dbo,GROUP_DATA_2015,COPAY_EFF_2,264,datetime,NULL,NULL,NULL,YES,NULL
dbo,GROUP_DATA_2015,COPAY_EFF_3,265,datetime,NULL,NULL,NULL,YES,NULL
dbo,GROUP_DATA_2015,COPAY_EFF_4,266,datetime,NULL,NULL,NULL,YES,NULL
dbo,GROUP_DATA_2015,COPAY_EFF_5,267,datetime,NULL,NULL,NULL,YES,NULL
dbo,GROUP_DATA_2015,COPAY_EFF_6,268,datetime,NULL,NULL,NULL,YES,NULL
dbo,GROUP_DATA_2015,COPAY_EFF_7,269,datetime,NULL,NULL,NULL,YES,NULL
dbo,GROUP_DATA_2015,COPAY_EFF_8,270,datetime,NULL,NULL,NULL,YES,NULL
dbo,GROUP_DATA_2015,COPAY_EFF_9,271,datetime,NULL,NULL,NULL,YES,NULL
dbo,GROUP_DATA_2015,COPAY_EFF_10,272,datetime,NULL,NULL,NULL,YES,NULL
dbo,GROUP_DATA_2015,COPAY_NUM_3,273,int,NULL,10,0,YES,NULL
dbo,GROUP_DATA_2015,COPAY_NUM_4,274,int,NULL,10,0,YES,NULL
dbo,GROUP_DATA_2015,COPAY_NUM_5,275,int,NULL,10,0,YES,NULL
dbo,GROUP_DATA_2015,COPAY_NUM_6,276,int,NULL,10,0,YES,NULL
dbo,GROUP_DATA_2015,COPAY_NUM_7,277,int,NULL,10,0,YES,NULL
dbo,GROUP_DATA_2015,COPAY_NUM_8,278,int,NULL,10,0,YES,NULL
dbo,GROUP_DATA_2015,COPAY_NUM_9,279,int,NULL,10,0,YES,NULL
dbo,GROUP_DATA_2015,COPAY_NUM_10,280,int,NULL,10,0,YES,NULL
dbo,GROUP_DATA_2015,POS_TIP,281,char,1,NULL,NULL,YES,NULL
dbo,GROUP_DATA_2015,DS_TERM_LOGIC,282,char,1,NULL,NULL,YES,NULL
dbo,GROUP_DATA_2015,ADM_EFF_DATE_1,283,datetime,NULL,NULL,NULL,YES,NULL
dbo,GROUP_DATA_2015,ADM_SCHEDULE_NUMBER_1,284,int,NULL,10,0,YES,NULL
dbo,GROUP_DATA_2015,ADM_EFF_DATE_2,285,datetime,NULL,NULL,NULL,YES,NULL
dbo,GROUP_DATA_2015,ADM_SCHEDULE_NUMBER_2,286,int,NULL,10,0,YES,NULL
dbo,GROUP_DATA_2015,ADM_EFF_DATE_3,287,datetime,NULL,NULL,NULL,YES,NULL
dbo,GROUP_DATA_2015,ADM_SCHEDULE_NUMBER_3,288,int,NULL,10,0,YES,NULL
dbo,GROUP_DATA_2015,ADM_EFF_DATE_4,289,datetime,NULL,NULL,NULL,YES,NULL
dbo,GROUP_DATA_2015,ADM_SCHEDULE_NUMBER_4,290,int,NULL,10,0,YES,NULL
dbo,GROUP_DATA_2015,ADM_EFF_DATE_5,291,datetime,NULL,NULL,NULL,YES,NULL
dbo,GROUP_DATA_2015,ADM_SCHEDULE_NUMBER_5,292,int,NULL,10,0,YES,NULL
dbo,GROUP_DATA_2015,TC_ZIP_FLAG,293,char,1,NULL,NULL,YES,NULL
dbo,GROUP_DATA_2015,BROKER_NUMBER_1,294,varchar,4,NULL,NULL,YES,NULL
dbo,GROUP_DATA_2015,BROKER_EFF_DATE_1,295,datetime,NULL,NULL,NULL,YES,NULL
dbo,GROUP_DATA_2015,BROKER_NUMBER_2,296,varchar,4,NULL,NULL,YES,NULL
dbo,GROUP_DATA_2015,BROKER_EFF_DATE_2,297,datetime,NULL,NULL,NULL,YES,NULL
dbo,GROUP_DATA_2015,BROKER_NUMBER_3,298,varchar,4,NULL,NULL,YES,NULL
dbo,GROUP_DATA_2015,BROKER_EFF_DATE_3,299,datetime,NULL,NULL,NULL,YES,NULL
dbo,GROUP_DATA_2015,HOSPICE_FLAG,300,char,1,NULL,NULL,YES,NULL
dbo,GROUP_DATA_2015,GOVT_REJECT,301,char,1,NULL,NULL,YES,NULL
dbo,GROUP_DATA_2015,MEDICAL_INB_ACCUM_FLAG,302,char,1,NULL,NULL,YES,NULL
dbo,GROUP_DATA_2015,OPTIMAL_MAC_FLAG,303,char,1,NULL,NULL,YES,NULL
dbo,GROUP_DATA_2015,SPONSOR_TPA,304,char,4,NULL,NULL,YES,NULL
dbo,GROUP_DATA_2015,WarehouseLoadDate,305,datetime,NULL,NULL,NULL,YES,NULL
dbo,GROUP_DATA_2015,WarehouseChangeDate,306,datetime,NULL,NULL,NULL,YES,NULL
dbo,GROUP_DATA_2016,GROUP_NUMBER,1,float,NULL,53,NULL,NO,NULL
dbo,GROUP_DATA_2016,GROUP_NAME,2,char,30,NULL,NULL,YES,NULL
dbo,GROUP_DATA_2016,ALT_GROUP_NUMBER,3,char,20,NULL,NULL,YES,NULL
dbo,GROUP_DATA_2016,SPONSOR_NUMBER,4,int,NULL,10,0,YES,NULL
dbo,GROUP_DATA_2016,SPONSOR_NAME,5,char,30,NULL,NULL,YES,NULL
dbo,GROUP_DATA_2016,SYSTEM_NUMBER,6,int,NULL,10,0,YES,NULL
dbo,GROUP_DATA_2016,SYSTEM_NAME,7,char,30,NULL,NULL,YES,NULL
dbo,GROUP_DATA_2016,SYSTEM_LINK,8,char,10,NULL,NULL,YES,NULL
dbo,GROUP_DATA_2016,GROUP_STREET,9,char,30,NULL,NULL,YES,NULL
dbo,GROUP_DATA_2016,GROUP_ZIP,10,varchar,5,NULL,NULL,YES,NULL
dbo,GROUP_DATA_2016,GROUP_EFF_DATE,11,datetime,NULL,NULL,NULL,YES,NULL
dbo,GROUP_DATA_2016,GROUP_TER_DATE,12,datetime,NULL,NULL,NULL,YES,NULL
dbo,GROUP_DATA_2016,DISP_FEE_DESCRIPTION,13,char,30,NULL,NULL,YES,NULL
dbo,GROUP_DATA_2016,COPAY_DESCRIPTION,14,char,30,NULL,NULL,YES,NULL
dbo,GROUP_DATA_2016,MASTER_GROUP,15,int,NULL,10,0,YES,NULL
dbo,GROUP_DATA_2016,GROUP_BENEFIT_CODE,16,char,16,NULL,NULL,YES,NULL
dbo,GROUP_DATA_2016,GROUP_MASTER_FLAG,17,char,1,NULL,NULL,YES,NULL
dbo,GROUP_DATA_2016,GROUP_BENEFIT_DESCRIPTION,18,char,30,NULL,NULL,YES,NULL
dbo,GROUP_DATA_2016,ODAW1_TC,19,int,NULL,10,0,YES,NULL
dbo,GROUP_DATA_2016,ODAW2_TC,20,int,NULL,10,0,YES,NULL
dbo,GROUP_DATA_2016,GEN_TC,21,int,NULL,10,0,YES,NULL
dbo,GROUP_DATA_2016,NP_TC,22,int,NULL,10,0,YES,NULL
dbo,GROUP_DATA_2016,SINGLE_TC,23,int,NULL,10,0,YES,NULL
dbo,GROUP_DATA_2016,BRAND_TC,24,int,NULL,10,0,YES,NULL
dbo,GROUP_DATA_2016,BC_TC,25,int,NULL,10,0,YES,NULL
dbo,GROUP_DATA_2016,COPAY_NUMBER,26,int,NULL,10,0,YES,NULL
dbo,GROUP_DATA_2016,FORMULARY,27,smallint,NULL,5,0,YES,NULL
dbo,GROUP_DATA_2016,PLAN_KEY,28,char,12,NULL,NULL,YES,NULL
dbo,GROUP_DATA_2016,SUB_GROUP,29,smallint,NULL,5,0,YES,NULL
dbo,GROUP_DATA_2016,FORMULARY_STRUCTURE,30,char,1,NULL,NULL,YES,NULL
dbo,GROUP_DATA_2016,ACTIVE_SYSTEM,31,char,1,NULL,NULL,YES,NULL
dbo,GROUP_DATA_2016,ODAW1_FIXED,32,decimal,NULL,6,2,YES,NULL
dbo,GROUP_DATA_2016,ODAW1_PCT,33,decimal,NULL,6,4,YES,NULL
dbo,GROUP_DATA_2016,ODAW2_FIXED,34,decimal,NULL,6,2,YES,NULL
dbo,GROUP_DATA_2016,ODAW2_PCT,35,decimal,NULL,6,4,YES,NULL
dbo,GROUP_DATA_2016,GEN_FIXED,36,decimal,NULL,6,2,YES,NULL
dbo,GROUP_DATA_2016,GEN_PCT,37,decimal,NULL,6,4,YES,NULL
dbo,GROUP_DATA_2016,NP_FIXED,38,decimal,NULL,6,2,YES,NULL
dbo,GROUP_DATA_2016,NP_PCT,39,decimal,NULL,6,4,YES,NULL
dbo,GROUP_DATA_2016,SINGLE_FIXED,40,decimal,NULL,6,2,YES,NULL
dbo,GROUP_DATA_2016,SINGLE_PCT,41,decimal,NULL,6,4,YES,NULL
dbo,GROUP_DATA_2016,BRAND_FIXED,42,decimal,NULL,6,2,YES,NULL
dbo,GROUP_DATA_2016,BRAND_PCT,43,decimal,NULL,6,4,YES,NULL
dbo,GROUP_DATA_2016,BC_FIXED,44,decimal,NULL,6,2,YES,NULL
dbo,GROUP_DATA_2016,BC_PCT,45,decimal,NULL,6,4,YES,NULL
dbo,GROUP_DATA_2016,DEPO_TC,46,int,NULL,10,0,YES,NULL
dbo,GROUP_DATA_2016,DEPO_FIXED,47,decimal,NULL,6,2,YES,NULL
dbo,GROUP_DATA_2016,DEPO_PCT,48,decimal,NULL,6,4,YES,NULL
dbo,GROUP_DATA_2016,INJ_TC,49,int,NULL,10,0,YES,NULL
dbo,GROUP_DATA_2016,INJ_FIXED,50,decimal,NULL,6,2,YES,NULL
dbo,GROUP_DATA_2016,INJ_PCT,51,decimal,NULL,6,4,YES,NULL
dbo,GROUP_DATA_2016,SPLIT_TC,52,int,NULL,10,0,YES,NULL
dbo,GROUP_DATA_2016,SPLIT_FIXED,53,decimal,NULL,6,2,YES,NULL
dbo,GROUP_DATA_2016,SPLIT_PCT,54,decimal,NULL,6,4,YES,NULL
dbo,GROUP_DATA_2016,SYS_LINK_DESCRIPTION,55,char,60,NULL,NULL,YES,NULL
dbo,GROUP_DATA_2016,COMP_TC,56,int,NULL,10,0,YES,NULL
dbo,GROUP_DATA_2016,COMP_FIXED,57,decimal,NULL,6,2,YES,NULL
dbo,GROUP_DATA_2016,COMP_PCT,58,decimal,NULL,6,4,YES,NULL
dbo,GROUP_DATA_2016,MULTI_TC,59,int,NULL,10,0,YES,NULL
dbo,GROUP_DATA_2016,MULTI_FIXED,60,decimal,NULL,6,2,YES,NULL
dbo,GROUP_DATA_2016,MULTI_PCT,61,decimal,NULL,6,4,YES,NULL
dbo,GROUP_DATA_2016,NPBC_TC,62,int,NULL,10,0,YES,NULL
dbo,GROUP_DATA_2016,NPBC_FIXED,63,decimal,NULL,6,2,YES,NULL
dbo,GROUP_DATA_2016,NPBC_PCT,64,decimal,NULL,6,4,YES,NULL
dbo,GROUP_DATA_2016,NPDAW1_TC,65,int,NULL,10,0,YES,NULL
dbo,GROUP_DATA_2016,NPDAW1_FIXED,66,decimal,NULL,6,2,YES,NULL
dbo,GROUP_DATA_2016,NPDAW1_PCT,67,decimal,NULL,6,4,YES,NULL
dbo,GROUP_DATA_2016,NPDAW2_TC,68,int,NULL,10,0,YES,NULL
dbo,GROUP_DATA_2016,NPDAW2_FIXED,69,decimal,NULL,6,2,YES,NULL
dbo,GROUP_DATA_2016,NPDAW2_PCT,70,decimal,NULL,6,4,YES,NULL
dbo,GROUP_DATA_2016,NPM_TC,71,int,NULL,10,0,YES,NULL
dbo,GROUP_DATA_2016,NPM_FIXED,72,decimal,NULL,6,2,YES,NULL
dbo,GROUP_DATA_2016,NPM_PCT,73,decimal,NULL,6,4,YES,NULL
dbo,GROUP_DATA_2016,NPN_TC,74,int,NULL,10,0,YES,NULL
dbo,GROUP_DATA_2016,NPN_FIXED,75,decimal,NULL,6,2,YES,NULL
dbo,GROUP_DATA_2016,NPN_PCT,76,decimal,NULL,6,4,YES,NULL
dbo,GROUP_DATA_2016,ODAW3_TC,77,int,NULL,10,0,YES,NULL
dbo,GROUP_DATA_2016,ODAW3_FIXED,78,decimal,NULL,6,2,YES,NULL
dbo,GROUP_DATA_2016,ODAW3_PCT,79,decimal,NULL,6,4,YES,NULL
dbo,GROUP_DATA_2016,DIFF_FLAG,80,char,1,NULL,NULL,YES,NULL
dbo,GROUP_DATA_2016,DIFF_TABLE_1,81,int,NULL,10,0,YES,NULL
dbo,GROUP_DATA_2016,DIFF_EFF_1,82,datetime,NULL,NULL,NULL,YES,NULL
dbo,GROUP_DATA_2016,DIFF_TER_1,83,datetime,NULL,NULL,NULL,YES,NULL
dbo,GROUP_DATA_2016,DIFF_TABLE_2,84,int,NULL,10,0,YES,NULL
dbo,GROUP_DATA_2016,DIFF_EFF_2,85,datetime,NULL,NULL,NULL,YES,NULL
dbo,GROUP_DATA_2016,DIFF_TER_2,86,datetime,NULL,NULL,NULL,YES,NULL
dbo,GROUP_DATA_2016,DIFF_TABLE_3,87,int,NULL,10,0,YES,NULL
dbo,GROUP_DATA_2016,DIFF_EFF_3,88,datetime,NULL,NULL,NULL,YES,NULL
dbo,GROUP_DATA_2016,DIFF_TER_3,89,datetime,NULL,NULL,NULL,YES,NULL
dbo,GROUP_DATA_2016,WAREHOUSE_GRP_POST_DATE,90,datetime,NULL,NULL,NULL,YES,NULL
dbo,GROUP_DATA_2016,SYS_STREET_1,91,varchar,30,NULL,NULL,YES,NULL
dbo,GROUP_DATA_2016,SYS_STREET_2,92,varchar,30,NULL,NULL,YES,NULL
dbo,GROUP_DATA_2016,SYS_CITY,93,varchar,18,NULL,NULL,YES,NULL
dbo,GROUP_DATA_2016,SYS_STATE,94,varchar,2,NULL,NULL,YES,NULL
dbo,GROUP_DATA_2016,SYS_ZIP,95,varchar,5,NULL,NULL,YES,NULL
dbo,GROUP_DATA_2016,SYS_ZIP_4,96,varchar,4,NULL,NULL,YES,NULL
dbo,GROUP_DATA_2016,SPO_STREET_1,97,varchar,24,NULL,NULL,YES,NULL
dbo,GROUP_DATA_2016,SPO_STREET_2,98,varchar,24,NULL,NULL,YES,NULL
dbo,GROUP_DATA_2016,SPO_CITY,99,varchar,18,NULL,NULL,YES,NULL
dbo,GROUP_DATA_2016,SPO_STATE,100,varchar,2,NULL,NULL,YES,NULL
dbo,GROUP_DATA_2016,SPO_ZIP_4,101,varchar,4,NULL,NULL,YES,NULL
dbo,GROUP_DATA_2016,SPO_NO_FINANCIAL,102,varchar,1,NULL,NULL,YES,NULL
dbo,GROUP_DATA_2016,SPO_MAIL_RETAIL_FLAG,103,varchar,1,NULL,NULL,YES,NULL
dbo,GROUP_DATA_2016,GROUP_CITY,104,varchar,18,NULL,NULL,YES,NULL
dbo,GROUP_DATA_2016,GROUP_STATE,105,varchar,2,NULL,NULL,YES,NULL
dbo,GROUP_DATA_2016,SPO_ZIP,106,varchar,5,NULL,NULL,YES,NULL
dbo,GROUP_DATA_2016,AcctType,107,varchar,50,NULL,NULL,YES,NULL
dbo,GROUP_DATA_2016,PURGE_STATUS,108,int,NULL,10,0,YES,NULL
dbo,GROUP_DATA_2016,SYSTEM_T_OFF_CYCLE,109,varchar,1,NULL,NULL,YES,NULL
dbo,GROUP_DATA_2016,PHYSICIAN_CODE_OPTION,110,varchar,1,NULL,NULL,YES,NULL
dbo,GROUP_DATA_2016,DEPENDENT_ELIG_OPTION,111,varchar,1,NULL,NULL,YES,NULL
dbo,GROUP_DATA_2016,VALID_BIRTH_OPTION,112,varchar,1,NULL,NULL,YES,NULL
dbo,GROUP_DATA_2016,CARDHOLDER_NUMBER_FLAG,113,varchar,1,NULL,NULL,YES,NULL
dbo,GROUP_DATA_2016,ACCUM_PROCESS,114,varchar,1,NULL,NULL,YES,NULL
dbo,GROUP_DATA_2016,BROKER,115,varchar,12,NULL,NULL,YES,NULL
dbo,GROUP_DATA_2016,SYSTEM_CLIENT_TYPE,116,varchar,5,NULL,NULL,YES,NULL
dbo,GROUP_DATA_2016,SPONSOR_ACCOUNT_TYPE,117,varchar,10,NULL,NULL,YES,NULL
dbo,GROUP_DATA_2016,IN_PATCH,118,char,1,NULL,NULL,YES,NULL
dbo,GROUP_DATA_2016,ENTRY_DATE,119,datetime,NULL,NULL,NULL,YES,NULL
dbo,GROUP_DATA_2016,CHANGE_DATE,120,datetime,NULL,NULL,NULL,YES,NULL
dbo,GROUP_DATA_2016,NETWORK_1,121,int,NULL,10,0,YES,NULL
dbo,GROUP_DATA_2016,NETWORK_EFFECTIVE_1,122,datetime,NULL,NULL,NULL,YES,NULL
dbo,GROUP_DATA_2016,NETWORK_TERM_1,123,datetime,NULL,NULL,NULL,YES,NULL
dbo,GROUP_DATA_2016,NETWORK_2,124,int,NULL,10,0,YES,NULL
dbo,GROUP_DATA_2016,NETWORK_EFFECTIVE_2,125,datetime,NULL,NULL,NULL,YES,NULL
dbo,GROUP_DATA_2016,NETWORK_TERM_2,126,datetime,NULL,NULL,NULL,YES,NULL
dbo,GROUP_DATA_2016,NETWORK_3,127,int,NULL,10,0,YES,NULL
dbo,GROUP_DATA_2016,NETWORK_EFFECTIVE_3,128,datetime,NULL,NULL,NULL,YES,NULL
dbo,GROUP_DATA_2016,NETWORK_TERM_3,129,datetime,NULL,NULL,NULL,YES,NULL
dbo,GROUP_DATA_2016,NETWORK_4,130,int,NULL,10,0,YES,NULL
dbo,GROUP_DATA_2016,NETWORK_EFFECTIVE_4,131,datetime,NULL,NULL,NULL,YES,NULL
dbo,GROUP_DATA_2016,NETWORK_TERM_4,132,datetime,NULL,NULL,NULL,YES,NULL
dbo,GROUP_DATA_2016,NETWORK_5,133,int,NULL,10,0,YES,NULL
dbo,GROUP_DATA_2016,NETWORK_EFFECTIVE_5,134,datetime,NULL,NULL,NULL,YES,NULL
dbo,GROUP_DATA_2016,NETWORK_TERM_5,135,datetime,NULL,NULL,NULL,YES,NULL
dbo,GROUP_DATA_2016,NETWORK_6,136,int,NULL,10,0,YES,NULL
dbo,GROUP_DATA_2016,NETWORK_EFFECTIVE_6,137,datetime,NULL,NULL,NULL,YES,NULL
dbo,GROUP_DATA_2016,NETWORK_TERM_6,138,datetime,NULL,NULL,NULL,YES,NULL
dbo,GROUP_DATA_2016,NETWORK_7,139,int,NULL,10,0,YES,NULL
dbo,GROUP_DATA_2016,NETWORK_EFFECTIVE_7,140,datetime,NULL,NULL,NULL,YES,NULL
dbo,GROUP_DATA_2016,NETWORK_TERM_7,141,datetime,NULL,NULL,NULL,YES,NULL
dbo,GROUP_DATA_2016,NETWORK_8,142,int,NULL,10,0,YES,NULL
dbo,GROUP_DATA_2016,NETWORK_EFFECTIVE_8,143,datetime,NULL,NULL,NULL,YES,NULL
dbo,GROUP_DATA_2016,NETWORK_TERM_8,144,datetime,NULL,NULL,NULL,YES,NULL
dbo,GROUP_DATA_2016,NETWORK_9,145,int,NULL,10,0,YES,NULL
dbo,GROUP_DATA_2016,NETWORK_EFFECTIVE_9,146,datetime,NULL,NULL,NULL,YES,NULL
dbo,GROUP_DATA_2016,NETWORK_TERM_9,147,datetime,NULL,NULL,NULL,YES,NULL
dbo,GROUP_DATA_2016,NETWORK_10,148,int,NULL,10,0,YES,NULL
dbo,GROUP_DATA_2016,NETWORK_EFFECTIVE_10,149,datetime,NULL,NULL,NULL,YES,NULL
dbo,GROUP_DATA_2016,NETWORK_TERM_10,150,datetime,NULL,NULL,NULL,YES,NULL
dbo,GROUP_DATA_2016,BIRTH_MONTH_FLAG,151,char,2,NULL,NULL,YES,NULL
dbo,GROUP_DATA_2016,MAIL_ORDER_NABP_1,152,int,NULL,10,0,YES,NULL
dbo,GROUP_DATA_2016,MAIL_ORDER_EFF_1,153,datetime,NULL,NULL,NULL,YES,NULL
dbo,GROUP_DATA_2016,MAIL_ORDER_NABP_2,154,int,NULL,10,0,YES,NULL
dbo,GROUP_DATA_2016,MAIL_ORDER_EFF_2,155,datetime,NULL,NULL,NULL,YES,NULL
dbo,GROUP_DATA_2016,MAIL_ORDER_NABP_3,156,int,NULL,10,0,YES,NULL
dbo,GROUP_DATA_2016,MAIL_ORDER_EFF_3,157,datetime,NULL,NULL,NULL,YES,NULL
dbo,GROUP_DATA_2016,DEDUCT_COPAY,158,int,NULL,10,0,YES,NULL
dbo,GROUP_DATA_2016,MAX_COPAY,159,int,NULL,10,0,YES,NULL
dbo,GROUP_DATA_2016,TROOP_COPAY,160,int,NULL,10,0,YES,NULL
dbo,GROUP_DATA_2016,ROLLOVER_DATE_2,161,datetime,NULL,NULL,NULL,YES,NULL
dbo,GROUP_DATA_2016,ROLLOVER_DATE_3,162,datetime,NULL,NULL,NULL,YES,NULL
dbo,GROUP_DATA_2016,ROLLOVER_DATE_4,163,datetime,NULL,NULL,NULL,YES,NULL
dbo,GROUP_DATA_2016,ROLLOVER_DATE_5,164,datetime,NULL,NULL,NULL,YES,NULL
dbo,GROUP_DATA_2016,ROLLOVER_DATE_6,165,datetime,NULL,NULL,NULL,YES,NULL
dbo,GROUP_DATA_2016,ROLLOVER_DATE_7,166,datetime,NULL,NULL,NULL,YES,NULL
dbo,GROUP_DATA_2016,ROLLOVER_DATE_8,167,datetime,NULL,NULL,NULL,YES,NULL
dbo,GROUP_DATA_2016,ROLLOVER_DATE_9,168,datetime,NULL,NULL,NULL,YES,NULL
dbo,GROUP_DATA_2016,ROLLOVER_DATE_10,169,datetime,NULL,NULL,NULL,YES,NULL
dbo,GROUP_DATA_2016,ROLLOVER_DATE_1,170,datetime,NULL,NULL,NULL,YES,NULL
dbo,GROUP_DATA_2016,DISP_FEE_EFF_DATE_1,171,datetime,NULL,NULL,NULL,YES,NULL
dbo,GROUP_DATA_2016,COPAY_EFF_DATE_1,172,datetime,NULL,NULL,NULL,YES,NULL
dbo,GROUP_DATA_2016,COPAY_NUMBER_1,173,int,NULL,10,0,YES,NULL
dbo,GROUP_DATA_2016,COPAY_NUMBER_2,174,int,NULL,10,0,YES,NULL
dbo,GROUP_DATA_2016,PLAN_EFF_DATE_1,175,datetime,NULL,NULL,NULL,YES,NULL
dbo,GROUP_DATA_2016,LIMIT_KIND_1,176,varchar,1,NULL,NULL,YES,NULL
dbo,GROUP_DATA_2016,PLAN_NUMBER_2,177,varchar,4,NULL,NULL,YES,NULL
dbo,GROUP_DATA_2016,LIMIT_KIND_2,178,varchar,1,NULL,NULL,YES,NULL
dbo,GROUP_DATA_2016,PLAN_NAME,179,varchar,30,NULL,NULL,YES,NULL
dbo,GROUP_DATA_2016,MAX_SINGLE,180,int,NULL,10,0,YES,NULL
dbo,GROUP_DATA_2016,MAX_FAMILY,181,int,NULL,10,0,YES,NULL
dbo,GROUP_DATA_2016,DEDUCT_SINGLE,182,int,NULL,10,0,YES,NULL
dbo,GROUP_DATA_2016,DEDUCT_FAMILY,183,int,NULL,10,0,YES,NULL
dbo,GROUP_DATA_2016,LIMIT_MONTHS,184,int,NULL,10,0,YES,NULL
dbo,GROUP_DATA_2016,LIMIT_MEMBER,185,int,NULL,10,0,YES,NULL
dbo,GROUP_DATA_2016,GROUP_STREET_2,186,varchar,40,NULL,NULL,YES,NULL
dbo,GROUP_DATA_2016,DEPENDENT_ELIGIBILITY,187,varchar,1,NULL,NULL,YES,NULL
dbo,GROUP_DATA_2016,DEDUCT_COPAY_2,188,int,NULL,10,0,YES,NULL
dbo,GROUP_DATA_2016,MAX_COPAY_2,189,int,NULL,10,0,YES,NULL
dbo,GROUP_DATA_2016,LIMIT_KIND_3,190,varchar,1,NULL,NULL,YES,NULL
dbo,GROUP_DATA_2016,DEDUCT_COPAY_3,191,int,NULL,10,0,YES,NULL
dbo,GROUP_DATA_2016,MAX_COPAY_3,192,int,NULL,10,0,YES,NULL
dbo,GROUP_DATA_2016,LIMIT_KIND_4,193,varchar,1,NULL,NULL,YES,NULL
dbo,GROUP_DATA_2016,DEDUCT_COPAY_4,194,int,NULL,10,0,YES,NULL
dbo,GROUP_DATA_2016,MAX_COPAY_4,195,int,NULL,10,0,YES,NULL
dbo,GROUP_DATA_2016,LIMIT_KIND_5,196,varchar,1,NULL,NULL,YES,NULL
dbo,GROUP_DATA_2016,DEDUCT_COPAY_5,197,int,NULL,10,0,YES,NULL
dbo,GROUP_DATA_2016,MAX_COPAY_5,198,int,NULL,10,0,YES,NULL
dbo,GROUP_DATA_2016,LIMIT_KIND_6,199,varchar,1,NULL,NULL,YES,NULL
dbo,GROUP_DATA_2016,DEDUCT_COPAY_6,200,int,NULL,10,0,YES,NULL
dbo,GROUP_DATA_2016,MAX_COPAY_6,201,int,NULL,10,0,YES,NULL
dbo,GROUP_DATA_2016,LIMIT_KIND_7,202,varchar,1,NULL,NULL,YES,NULL
dbo,GROUP_DATA_2016,DEDUCT_COPAY_7,203,int,NULL,10,0,YES,NULL
dbo,GROUP_DATA_2016,MAX_COPAY_7,204,int,NULL,10,0,YES,NULL
dbo,GROUP_DATA_2016,LIMIT_KIND_8,205,varchar,1,NULL,NULL,YES,NULL
dbo,GROUP_DATA_2016,DEDUCT_COPAY_8,206,int,NULL,10,0,YES,NULL
dbo,GROUP_DATA_2016,MAX_COPAY_8,207,int,NULL,10,0,YES,NULL
dbo,GROUP_DATA_2016,LIMIT_KIND_9,208,varchar,1,NULL,NULL,YES,NULL
dbo,GROUP_DATA_2016,DEDUCT_COPAY_9,209,int,NULL,10,0,YES,NULL
dbo,GROUP_DATA_2016,MAX_COPAY_9,210,int,NULL,10,0,YES,NULL
dbo,GROUP_DATA_2016,LIMIT_KIND_10,211,varchar,1,NULL,NULL,YES,NULL
dbo,GROUP_DATA_2016,DEDUCT_COPAY_10,212,int,NULL,10,0,YES,NULL
dbo,GROUP_DATA_2016,MAX_COPAY_10,213,int,NULL,10,0,YES,NULL
dbo,GROUP_DATA_2016,DEPENDENT_AGE_LIMT_1,214,int,NULL,10,0,YES,NULL
dbo,GROUP_DATA_2016,COLLEGE_AGE_LIMIT_1,215,int,NULL,10,0,YES,NULL
dbo,GROUP_DATA_2016,DISABILITY_AGE_LIMIT_1,216,int,NULL,10,0,YES,NULL
dbo,GROUP_DATA_2016,SPECIAL_AGE_LIMIT_1,217,int,NULL,10,0,YES,NULL
dbo,GROUP_DATA_2016,DEPENDENT_AGE_LIMIT_2,218,int,NULL,10,0,YES,NULL
dbo,GROUP_DATA_2016,COLLEGE_AGE_LIMT_2,219,int,NULL,10,0,YES,NULL
dbo,GROUP_DATA_2016,DISABILITY_AGE_LIMIT_2,220,int,NULL,10,0,YES,NULL
dbo,GROUP_DATA_2016,SPECIAL_AGE_LIMIT_2,221,int,NULL,10,0,YES,NULL
dbo,GROUP_DATA_2016,DEPENDENT_AGE_LIMIT_3,222,int,NULL,10,0,YES,NULL
dbo,GROUP_DATA_2016,COLLEGE_AGE_LIMIT_3,223,int,NULL,10,0,YES,NULL
dbo,GROUP_DATA_2016,DISABILITY_AGE_LIMIT_3,224,int,NULL,10,0,YES,NULL
dbo,GROUP_DATA_2016,SPECIAL_AGE_LIMIT_3,225,int,NULL,10,0,YES,NULL
dbo,GROUP_DATA_2016,NETWORK_NUMBER_90_DAY,226,int,NULL,10,0,YES,NULL
dbo,GROUP_DATA_2016,OPTION_FLAG_90_DAY,227,char,1,NULL,NULL,YES,NULL
dbo,GROUP_DATA_2016,SPONSOR_CHANGE,228,char,15,NULL,NULL,YES,NULL
dbo,GROUP_DATA_2016,AGE_DATE_CYMD_1,229,datetime,NULL,NULL,NULL,YES,NULL
dbo,GROUP_DATA_2016,AGE_DATE_CYMD_2,230,datetime,NULL,NULL,NULL,YES,NULL
dbo,GROUP_DATA_2016,AGE_DATE_CYMD_3,231,datetime,NULL,NULL,NULL,YES,NULL
dbo,GROUP_DATA_2016,AO_CYMD_1,232,datetime,NULL,NULL,NULL,YES,NULL
dbo,GROUP_DATA_2016,AO_NUMBER_1,233,int,NULL,10,0,YES,NULL
dbo,GROUP_DATA_2016,AO_CYMD_2,234,datetime,NULL,NULL,NULL,YES,NULL
dbo,GROUP_DATA_2016,AO_NUMBER_2,235,int,NULL,10,0,YES,NULL
dbo,GROUP_DATA_2016,AO_CYMD_3,236,datetime,NULL,NULL,NULL,YES,NULL
dbo,GROUP_DATA_2016,AO_NUMBER_3,237,int,NULL,10,0,YES,NULL
dbo,GROUP_DATA_2016,AO_CYMD_4,238,datetime,NULL,NULL,NULL,YES,NULL
dbo,GROUP_DATA_2016,AO_NUMBER_4,239,int,NULL,10,0,YES,NULL
dbo,GROUP_DATA_2016,AO_CYMD_5,240,datetime,NULL,NULL,NULL,YES,NULL
dbo,GROUP_DATA_2016,AO_NUMBER_5,241,int,NULL,10,0,YES,NULL
dbo,GROUP_DATA_2016,BACK_BILL_DATE,242,datetime,NULL,NULL,NULL,YES,NULL
dbo,GROUP_DATA_2016,BACK_BILL_TYP_CODE,243,char,1,NULL,NULL,YES,NULL
dbo,GROUP_DATA_2016,CARD_FLAG,244,char,8,NULL,NULL,YES,NULL
dbo,GROUP_DATA_2016,CARDS_SINGLE,245,int,NULL,10,0,YES,NULL
dbo,GROUP_DATA_2016,CARDS_FAMILY,246,int,NULL,10,0,YES,NULL
dbo,GROUP_DATA_2016,DISP_FEE_EFF_DATE_2,247,datetime,NULL,NULL,NULL,YES,NULL
dbo,GROUP_DATA_2016,DISP_FEE_EFF_DATE_3,248,datetime,NULL,NULL,NULL,YES,NULL
dbo,GROUP_DATA_2016,DISP_SCHEDULE_NUMBER_1,249,int,NULL,10,0,YES,NULL
dbo,GROUP_DATA_2016,DISP_SCHEDULE_NUMBER_2,250,int,NULL,10,0,YES,NULL
dbo,GROUP_DATA_2016,DISP_SCHEDULE_NUMBER_3,251,int,NULL,10,0,YES,NULL
dbo,GROUP_DATA_2016,DRUG_DETAIL_FLAG,252,char,1,NULL,NULL,YES,NULL
dbo,GROUP_DATA_2016,PA_PHONE,253,char,21,NULL,NULL,YES,NULL
dbo,GROUP_DATA_2016,PERIOD_ENDING_DATE,254,datetime,NULL,NULL,NULL,YES,NULL
dbo,GROUP_DATA_2016,SUB_FLAG,255,char,1,NULL,NULL,YES,NULL
dbo,GROUP_DATA_2016,TROOP_COPAY_2,256,int,NULL,10,0,YES,NULL
dbo,GROUP_DATA_2016,TROOP_COPAY_3,257,int,NULL,10,0,YES,NULL
dbo,GROUP_DATA_2016,TROOP_EFF_DATE_1,258,datetime,NULL,NULL,NULL,YES,NULL
dbo,GROUP_DATA_2016,TROOP_EFF_DATE_2,259,datetime,NULL,NULL,NULL,YES,NULL
dbo,GROUP_DATA_2016,TROOP_EFF_DATE_3,260,datetime,NULL,NULL,NULL,YES,NULL
dbo,GROUP_DATA_2016,YEAR_ROLL_DATE_1,261,datetime,NULL,NULL,NULL,YES,NULL
dbo,GROUP_DATA_2016,YEAR_ROLL_DATE_2,262,datetime,NULL,NULL,NULL,YES,NULL
dbo,GROUP_DATA_2016,YEAR_ROLL_DATE_3,263,datetime,NULL,NULL,NULL,YES,NULL
dbo,GROUP_DATA_2016,COPAY_EFF_2,264,datetime,NULL,NULL,NULL,YES,NULL
dbo,GROUP_DATA_2016,COPAY_EFF_3,265,datetime,NULL,NULL,NULL,YES,NULL
dbo,GROUP_DATA_2016,COPAY_EFF_4,266,datetime,NULL,NULL,NULL,YES,NULL
dbo,GROUP_DATA_2016,COPAY_EFF_5,267,datetime,NULL,NULL,NULL,YES,NULL
dbo,GROUP_DATA_2016,COPAY_EFF_6,268,datetime,NULL,NULL,NULL,YES,NULL
dbo,GROUP_DATA_2016,COPAY_EFF_7,269,datetime,NULL,NULL,NULL,YES,NULL
dbo,GROUP_DATA_2016,COPAY_EFF_8,270,datetime,NULL,NULL,NULL,YES,NULL
dbo,GROUP_DATA_2016,COPAY_EFF_9,271,datetime,NULL,NULL,NULL,YES,NULL
dbo,GROUP_DATA_2016,COPAY_EFF_10,272,datetime,NULL,NULL,NULL,YES,NULL
dbo,GROUP_DATA_2016,COPAY_NUM_3,273,int,NULL,10,0,YES,NULL
dbo,GROUP_DATA_2016,COPAY_NUM_4,274,int,NULL,10,0,YES,NULL
dbo,GROUP_DATA_2016,COPAY_NUM_5,275,int,NULL,10,0,YES,NULL
dbo,GROUP_DATA_2016,COPAY_NUM_6,276,int,NULL,10,0,YES,NULL
dbo,GROUP_DATA_2016,COPAY_NUM_7,277,int,NULL,10,0,YES,NULL
dbo,GROUP_DATA_2016,COPAY_NUM_8,278,int,NULL,10,0,YES,NULL
dbo,GROUP_DATA_2016,COPAY_NUM_9,279,int,NULL,10,0,YES,NULL
dbo,GROUP_DATA_2016,COPAY_NUM_10,280,int,NULL,10,0,YES,NULL
dbo,GROUP_DATA_2016,POS_TIP,281,char,1,NULL,NULL,YES,NULL
dbo,GROUP_DATA_2016,DS_TERM_LOGIC,282,char,1,NULL,NULL,YES,NULL
dbo,GROUP_DATA_2016,ADM_EFF_DATE_1,283,datetime,NULL,NULL,NULL,YES,NULL
dbo,GROUP_DATA_2016,ADM_SCHEDULE_NUMBER_1,284,int,NULL,10,0,YES,NULL
dbo,GROUP_DATA_2016,ADM_EFF_DATE_2,285,datetime,NULL,NULL,NULL,YES,NULL
dbo,GROUP_DATA_2016,ADM_SCHEDULE_NUMBER_2,286,int,NULL,10,0,YES,NULL
dbo,GROUP_DATA_2016,ADM_EFF_DATE_3,287,datetime,NULL,NULL,NULL,YES,NULL
dbo,GROUP_DATA_2016,ADM_SCHEDULE_NUMBER_3,288,int,NULL,10,0,YES,NULL
dbo,GROUP_DATA_2016,ADM_EFF_DATE_4,289,datetime,NULL,NULL,NULL,YES,NULL
dbo,GROUP_DATA_2016,ADM_SCHEDULE_NUMBER_4,290,int,NULL,10,0,YES,NULL
dbo,GROUP_DATA_2016,ADM_EFF_DATE_5,291,datetime,NULL,NULL,NULL,YES,NULL
dbo,GROUP_DATA_2016,ADM_SCHEDULE_NUMBER_5,292,int,NULL,10,0,YES,NULL
dbo,GROUP_DATA_2016,TC_ZIP_FLAG,293,char,1,NULL,NULL,YES,NULL
dbo,GROUP_DATA_2016,BROKER_NUMBER_1,294,varchar,4,NULL,NULL,YES,NULL
dbo,GROUP_DATA_2016,BROKER_EFF_DATE_1,295,datetime,NULL,NULL,NULL,YES,NULL
dbo,GROUP_DATA_2016,BROKER_NUMBER_2,296,varchar,4,NULL,NULL,YES,NULL
dbo,GROUP_DATA_2016,BROKER_EFF_DATE_2,297,datetime,NULL,NULL,NULL,YES,NULL
dbo,GROUP_DATA_2016,BROKER_NUMBER_3,298,varchar,4,NULL,NULL,YES,NULL
dbo,GROUP_DATA_2016,BROKER_EFF_DATE_3,299,datetime,NULL,NULL,NULL,YES,NULL
dbo,GROUP_DATA_2016,HOSPICE_FLAG,300,char,1,NULL,NULL,YES,NULL
dbo,GROUP_DATA_2016,GOVT_REJECT,301,char,1,NULL,NULL,YES,NULL
dbo,GROUP_DATA_2016,MEDICAL_INB_ACCUM_FLAG,302,char,1,NULL,NULL,YES,NULL
dbo,GROUP_DATA_2016,OPTIMAL_MAC_FLAG,303,char,1,NULL,NULL,YES,NULL
dbo,GROUP_DATA_2016,SPONSOR_TPA,304,char,4,NULL,NULL,YES,NULL
dbo,GROUP_DATA_2016,WarehouseLoadDate,305,datetime,NULL,NULL,NULL,YES,NULL
dbo,GROUP_DATA_2016,WarehouseChangeDate,306,datetime,NULL,NULL,NULL,YES,NULL
dbo,GROUP_DATA_2016,PPAP_NONGUAR_FUND,307,char,1,NULL,NULL,YES,NULL
dbo,GROUP_DATA_ACCOUNT_TYPE_DESCRIPTIONS,ACCOUNT_TYPE,1,char,6,NULL,NULL,YES,NULL
dbo,GROUP_DATA_ACCOUNT_TYPE_DESCRIPTIONS,ACCOUNT_DESCRIPTION,2,varchar,60,NULL,NULL,YES,NULL
dbo,GROUP_DATA_ACCOUNT_TYPE_DESCRIPTIONS,SYSTEM_FLAG,3,char,1,NULL,NULL,YES,NULL
dbo,GROUP_DATA_ACCOUNT_TYPE_DESCRIPTIONS,SPONSOR_FLAG,4,char,1,NULL,NULL,YES,NULL
dbo,GROUP_DATA_HOLD_11192022,GROUP_NUMBER,1,float,NULL,53,NULL,NO,NULL
dbo,GROUP_DATA_HOLD_11192022,GROUP_NAME,2,char,30,NULL,NULL,YES,NULL
dbo,GROUP_DATA_HOLD_11192022,ALT_GROUP_NUMBER,3,char,20,NULL,NULL,YES,NULL
dbo,GROUP_DATA_HOLD_11192022,SPONSOR_NUMBER,4,int,NULL,10,0,YES,NULL
dbo,GROUP_DATA_HOLD_11192022,SPONSOR_NAME,5,char,30,NULL,NULL,YES,NULL
dbo,GROUP_DATA_HOLD_11192022,SYSTEM_NUMBER,6,int,NULL,10,0,YES,NULL
dbo,GROUP_DATA_HOLD_11192022,SYSTEM_NAME,7,char,30,NULL,NULL,YES,NULL
dbo,GROUP_DATA_HOLD_11192022,SYSTEM_LINK,8,char,10,NULL,NULL,YES,NULL
dbo,GROUP_DATA_HOLD_11192022,GROUP_STREET,9,char,30,NULL,NULL,YES,NULL
dbo,GROUP_DATA_HOLD_11192022,GROUP_ZIP,10,varchar,5,NULL,NULL,YES,NULL
dbo,GROUP_DATA_HOLD_11192022,GROUP_EFF_DATE,11,datetime,NULL,NULL,NULL,YES,NULL
dbo,GROUP_DATA_HOLD_11192022,GROUP_TER_DATE,12,datetime,NULL,NULL,NULL,YES,NULL
dbo,GROUP_DATA_HOLD_11192022,DISP_FEE_DESCRIPTION,13,char,30,NULL,NULL,YES,NULL
dbo,GROUP_DATA_HOLD_11192022,COPAY_DESCRIPTION,14,char,30,NULL,NULL,YES,NULL
dbo,GROUP_DATA_HOLD_11192022,MASTER_GROUP,15,int,NULL,10,0,YES,NULL
dbo,GROUP_DATA_HOLD_11192022,GROUP_BENEFIT_CODE,16,char,16,NULL,NULL,YES,NULL
dbo,GROUP_DATA_HOLD_11192022,GROUP_MASTER_FLAG,17,char,1,NULL,NULL,YES,NULL
dbo,GROUP_DATA_HOLD_11192022,GROUP_BENEFIT_DESCRIPTION,18,char,30,NULL,NULL,YES,NULL
dbo,GROUP_DATA_HOLD_11192022,ODAW1_TC,19,int,NULL,10,0,YES,NULL
dbo,GROUP_DATA_HOLD_11192022,ODAW2_TC,20,int,NULL,10,0,YES,NULL
dbo,GROUP_DATA_HOLD_11192022,GEN_TC,21,int,NULL,10,0,YES,NULL
dbo,GROUP_DATA_HOLD_11192022,NP_TC,22,int,NULL,10,0,YES,NULL
dbo,GROUP_DATA_HOLD_11192022,SINGLE_TC,23,int,NULL,10,0,YES,NULL
dbo,GROUP_DATA_HOLD_11192022,BRAND_TC,24,int,NULL,10,0,YES,NULL
dbo,GROUP_DATA_HOLD_11192022,BC_TC,25,int,NULL,10,0,YES,NULL
dbo,GROUP_DATA_HOLD_11192022,COPAY_NUMBER,26,int,NULL,10,0,YES,NULL
dbo,GROUP_DATA_HOLD_11192022,FORMULARY,27,smallint,NULL,5,0,YES,NULL
dbo,GROUP_DATA_HOLD_11192022,PLAN_KEY,28,char,12,NULL,NULL,YES,NULL
dbo,GROUP_DATA_HOLD_11192022,SUB_GROUP,29,smallint,NULL,5,0,YES,NULL
dbo,GROUP_DATA_HOLD_11192022,FORMULARY_STRUCTURE,30,char,1,NULL,NULL,YES,NULL
dbo,GROUP_DATA_HOLD_11192022,ACTIVE_SYSTEM,31,char,1,NULL,NULL,YES,NULL
dbo,GROUP_DATA_HOLD_11192022,ODAW1_FIXED,32,decimal,NULL,6,2,YES,NULL
dbo,GROUP_DATA_HOLD_11192022,ODAW1_PCT,33,decimal,NULL,6,4,YES,NULL
dbo,GROUP_DATA_HOLD_11192022,ODAW2_FIXED,34,decimal,NULL,6,2,YES,NULL
dbo,GROUP_DATA_HOLD_11192022,ODAW2_PCT,35,decimal,NULL,6,4,YES,NULL
dbo,GROUP_DATA_HOLD_11192022,GEN_FIXED,36,decimal,NULL,6,2,YES,NULL
dbo,GROUP_DATA_HOLD_11192022,GEN_PCT,37,decimal,NULL,6,4,YES,NULL
dbo,GROUP_DATA_HOLD_11192022,NP_FIXED,38,decimal,NULL,6,2,YES,NULL
dbo,GROUP_DATA_HOLD_11192022,NP_PCT,39,decimal,NULL,6,4,YES,NULL
dbo,GROUP_DATA_HOLD_11192022,SINGLE_FIXED,40,decimal,NULL,6,2,YES,NULL
dbo,GROUP_DATA_HOLD_11192022,SINGLE_PCT,41,decimal,NULL,6,4,YES,NULL
dbo,GROUP_DATA_HOLD_11192022,BRAND_FIXED,42,decimal,NULL,6,2,YES,NULL
dbo,GROUP_DATA_HOLD_11192022,BRAND_PCT,43,decimal,NULL,6,4,YES,NULL
dbo,GROUP_DATA_HOLD_11192022,BC_FIXED,44,decimal,NULL,6,2,YES,NULL
dbo,GROUP_DATA_HOLD_11192022,BC_PCT,45,decimal,NULL,6,4,YES,NULL
dbo,GROUP_DATA_HOLD_11192022,DEPO_TC,46,int,NULL,10,0,YES,NULL
dbo,GROUP_DATA_HOLD_11192022,DEPO_FIXED,47,decimal,NULL,6,2,YES,NULL
dbo,GROUP_DATA_HOLD_11192022,DEPO_PCT,48,decimal,NULL,6,4,YES,NULL
dbo,GROUP_DATA_HOLD_11192022,INJ_TC,49,int,NULL,10,0,YES,NULL
dbo,GROUP_DATA_HOLD_11192022,INJ_FIXED,50,decimal,NULL,6,2,YES,NULL
dbo,GROUP_DATA_HOLD_11192022,INJ_PCT,51,decimal,NULL,6,4,YES,NULL
dbo,GROUP_DATA_HOLD_11192022,SPLIT_TC,52,int,NULL,10,0,YES,NULL
dbo,GROUP_DATA_HOLD_11192022,SPLIT_FIXED,53,decimal,NULL,6,2,YES,NULL
dbo,GROUP_DATA_HOLD_11192022,SPLIT_PCT,54,decimal,NULL,6,4,YES,NULL
dbo,GROUP_DATA_HOLD_11192022,SYS_LINK_DESCRIPTION,55,char,60,NULL,NULL,YES,NULL
dbo,GROUP_DATA_HOLD_11192022,COMP_TC,56,int,NULL,10,0,YES,NULL
dbo,GROUP_DATA_HOLD_11192022,COMP_FIXED,57,decimal,NULL,6,2,YES,NULL
dbo,GROUP_DATA_HOLD_11192022,COMP_PCT,58,decimal,NULL,6,4,YES,NULL
dbo,GROUP_DATA_HOLD_11192022,MULTI_TC,59,int,NULL,10,0,YES,NULL
dbo,GROUP_DATA_HOLD_11192022,MULTI_FIXED,60,decimal,NULL,6,2,YES,NULL
dbo,GROUP_DATA_HOLD_11192022,MULTI_PCT,61,decimal,NULL,6,4,YES,NULL
dbo,GROUP_DATA_HOLD_11192022,NPBC_TC,62,int,NULL,10,0,YES,NULL
dbo,GROUP_DATA_HOLD_11192022,NPBC_FIXED,63,decimal,NULL,6,2,YES,NULL
dbo,GROUP_DATA_HOLD_11192022,NPBC_PCT,64,decimal,NULL,6,4,YES,NULL
dbo,GROUP_DATA_HOLD_11192022,NPDAW1_TC,65,int,NULL,10,0,YES,NULL
dbo,GROUP_DATA_HOLD_11192022,NPDAW1_FIXED,66,decimal,NULL,6,2,YES,NULL
dbo,GROUP_DATA_HOLD_11192022,NPDAW1_PCT,67,decimal,NULL,6,4,YES,NULL
dbo,GROUP_DATA_HOLD_11192022,NPDAW2_TC,68,int,NULL,10,0,YES,NULL
dbo,GROUP_DATA_HOLD_11192022,NPDAW2_FIXED,69,decimal,NULL,6,2,YES,NULL
dbo,GROUP_DATA_HOLD_11192022,NPDAW2_PCT,70,decimal,NULL,6,4,YES,NULL
dbo,GROUP_DATA_HOLD_11192022,NPM_TC,71,int,NULL,10,0,YES,NULL
dbo,GROUP_DATA_HOLD_11192022,NPM_FIXED,72,decimal,NULL,6,2,YES,NULL
dbo,GROUP_DATA_HOLD_11192022,NPM_PCT,73,decimal,NULL,6,4,YES,NULL
dbo,GROUP_DATA_HOLD_11192022,NPN_TC,74,int,NULL,10,0,YES,NULL
dbo,GROUP_DATA_HOLD_11192022,NPN_FIXED,75,decimal,NULL,6,2,YES,NULL
dbo,GROUP_DATA_HOLD_11192022,NPN_PCT,76,decimal,NULL,6,4,YES,NULL
dbo,GROUP_DATA_HOLD_11192022,ODAW3_TC,77,int,NULL,10,0,YES,NULL
dbo,GROUP_DATA_HOLD_11192022,ODAW3_FIXED,78,decimal,NULL,6,2,YES,NULL
dbo,GROUP_DATA_HOLD_11192022,ODAW3_PCT,79,decimal,NULL,6,4,YES,NULL
dbo,GROUP_DATA_HOLD_11192022,DIFF_FLAG,80,char,1,NULL,NULL,YES,NULL
dbo,GROUP_DATA_HOLD_11192022,DIFF_TABLE_1,81,int,NULL,10,0,YES,NULL
dbo,GROUP_DATA_HOLD_11192022,DIFF_EFF_1,82,datetime,NULL,NULL,NULL,YES,NULL
dbo,GROUP_DATA_HOLD_11192022,DIFF_TER_1,83,datetime,NULL,NULL,NULL,YES,NULL
dbo,GROUP_DATA_HOLD_11192022,DIFF_TABLE_2,84,int,NULL,10,0,YES,NULL
dbo,GROUP_DATA_HOLD_11192022,DIFF_EFF_2,85,datetime,NULL,NULL,NULL,YES,NULL
dbo,GROUP_DATA_HOLD_11192022,DIFF_TER_2,86,datetime,NULL,NULL,NULL,YES,NULL
dbo,GROUP_DATA_HOLD_11192022,DIFF_TABLE_3,87,int,NULL,10,0,YES,NULL
dbo,GROUP_DATA_HOLD_11192022,DIFF_EFF_3,88,datetime,NULL,NULL,NULL,YES,NULL
dbo,GROUP_DATA_HOLD_11192022,DIFF_TER_3,89,datetime,NULL,NULL,NULL,YES,NULL
dbo,GROUP_DATA_HOLD_11192022,WAREHOUSE_GRP_POST_DATE,90,datetime,NULL,NULL,NULL,YES,NULL
dbo,GROUP_DATA_HOLD_11192022,SYS_STREET_1,91,varchar,30,NULL,NULL,YES,NULL
dbo,GROUP_DATA_HOLD_11192022,SYS_STREET_2,92,varchar,30,NULL,NULL,YES,NULL
dbo,GROUP_DATA_HOLD_11192022,SYS_CITY,93,varchar,18,NULL,NULL,YES,NULL
dbo,GROUP_DATA_HOLD_11192022,SYS_STATE,94,varchar,2,NULL,NULL,YES,NULL
dbo,GROUP_DATA_HOLD_11192022,SYS_ZIP,95,varchar,5,NULL,NULL,YES,NULL
dbo,GROUP_DATA_HOLD_11192022,SYS_ZIP_4,96,varchar,4,NULL,NULL,YES,NULL
dbo,GROUP_DATA_HOLD_11192022,SPO_STREET_1,97,varchar,24,NULL,NULL,YES,NULL
dbo,GROUP_DATA_HOLD_11192022,SPO_STREET_2,98,varchar,24,NULL,NULL,YES,NULL
dbo,GROUP_DATA_HOLD_11192022,SPO_CITY,99,varchar,18,NULL,NULL,YES,NULL
dbo,GROUP_DATA_HOLD_11192022,SPO_STATE,100,varchar,2,NULL,NULL,YES,NULL
dbo,GROUP_DATA_HOLD_11192022,SPO_ZIP_4,101,varchar,4,NULL,NULL,YES,NULL
dbo,GROUP_DATA_HOLD_11192022,SPO_NO_FINANCIAL,102,varchar,1,NULL,NULL,YES,NULL
dbo,GROUP_DATA_HOLD_11192022,SPO_MAIL_RETAIL_FLAG,103,varchar,1,NULL,NULL,YES,NULL
dbo,GROUP_DATA_HOLD_11192022,GROUP_CITY,104,varchar,18,NULL,NULL,YES,NULL
dbo,GROUP_DATA_HOLD_11192022,GROUP_STATE,105,varchar,2,NULL,NULL,YES,NULL
dbo,GROUP_DATA_HOLD_11192022,SPO_ZIP,106,varchar,5,NULL,NULL,YES,NULL
dbo,GROUP_DATA_HOLD_11192022,AcctType,107,varchar,50,NULL,NULL,YES,NULL
dbo,GROUP_DATA_HOLD_11192022,PURGE_STATUS,108,int,NULL,10,0,YES,NULL
dbo,GROUP_DATA_HOLD_11192022,SYSTEM_T_OFF_CYCLE,109,varchar,1,NULL,NULL,YES,NULL
dbo,GROUP_DATA_HOLD_11192022,PHYSICIAN_CODE_OPTION,110,varchar,1,NULL,NULL,YES,NULL
dbo,GROUP_DATA_HOLD_11192022,DEPENDENT_ELIG_OPTION,111,varchar,1,NULL,NULL,YES,NULL
dbo,GROUP_DATA_HOLD_11192022,VALID_BIRTH_OPTION,112,varchar,1,NULL,NULL,YES,NULL
dbo,GROUP_DATA_HOLD_11192022,CARDHOLDER_NUMBER_FLAG,113,varchar,1,NULL,NULL,YES,NULL
dbo,GROUP_DATA_HOLD_11192022,ACCUM_PROCESS,114,varchar,1,NULL,NULL,YES,NULL
dbo,GROUP_DATA_HOLD_11192022,BROKER,115,varchar,12,NULL,NULL,YES,NULL
dbo,GROUP_DATA_HOLD_11192022,SYSTEM_CLIENT_TYPE,116,varchar,5,NULL,NULL,YES,NULL
dbo,GROUP_DATA_HOLD_11192022,SPONSOR_ACCOUNT_TYPE,117,varchar,10,NULL,NULL,YES,NULL
dbo,GROUP_DATA_HOLD_11192022,IN_PATCH,118,char,1,NULL,NULL,YES,NULL
dbo,GROUP_DATA_HOLD_11192022,ENTRY_DATE,119,datetime,NULL,NULL,NULL,YES,NULL
dbo,GROUP_DATA_HOLD_11192022,CHANGE_DATE,120,datetime,NULL,NULL,NULL,YES,NULL
dbo,GROUP_DATA_HOLD_11192022,NETWORK_1,121,int,NULL,10,0,YES,NULL
dbo,GROUP_DATA_HOLD_11192022,NETWORK_EFFECTIVE_1,122,datetime,NULL,NULL,NULL,YES,NULL
dbo,GROUP_DATA_HOLD_11192022,NETWORK_TERM_1,123,datetime,NULL,NULL,NULL,YES,NULL
dbo,GROUP_DATA_HOLD_11192022,NETWORK_2,124,int,NULL,10,0,YES,NULL
dbo,GROUP_DATA_HOLD_11192022,NETWORK_EFFECTIVE_2,125,datetime,NULL,NULL,NULL,YES,NULL
dbo,GROUP_DATA_HOLD_11192022,NETWORK_TERM_2,126,datetime,NULL,NULL,NULL,YES,NULL
dbo,GROUP_DATA_HOLD_11192022,NETWORK_3,127,int,NULL,10,0,YES,NULL
dbo,GROUP_DATA_HOLD_11192022,NETWORK_EFFECTIVE_3,128,datetime,NULL,NULL,NULL,YES,NULL
dbo,GROUP_DATA_HOLD_11192022,NETWORK_TERM_3,129,datetime,NULL,NULL,NULL,YES,NULL
dbo,GROUP_DATA_HOLD_11192022,NETWORK_4,130,int,NULL,10,0,YES,NULL
dbo,GROUP_DATA_HOLD_11192022,NETWORK_EFFECTIVE_4,131,datetime,NULL,NULL,NULL,YES,NULL
dbo,GROUP_DATA_HOLD_11192022,NETWORK_TERM_4,132,datetime,NULL,NULL,NULL,YES,NULL
dbo,GROUP_DATA_HOLD_11192022,NETWORK_5,133,int,NULL,10,0,YES,NULL
dbo,GROUP_DATA_HOLD_11192022,NETWORK_EFFECTIVE_5,134,datetime,NULL,NULL,NULL,YES,NULL
dbo,GROUP_DATA_HOLD_11192022,NETWORK_TERM_5,135,datetime,NULL,NULL,NULL,YES,NULL
dbo,GROUP_DATA_HOLD_11192022,NETWORK_6,136,int,NULL,10,0,YES,NULL
dbo,GROUP_DATA_HOLD_11192022,NETWORK_EFFECTIVE_6,137,datetime,NULL,NULL,NULL,YES,NULL
dbo,GROUP_DATA_HOLD_11192022,NETWORK_TERM_6,138,datetime,NULL,NULL,NULL,YES,NULL
dbo,GROUP_DATA_HOLD_11192022,NETWORK_7,139,int,NULL,10,0,YES,NULL
dbo,GROUP_DATA_HOLD_11192022,NETWORK_EFFECTIVE_7,140,datetime,NULL,NULL,NULL,YES,NULL
dbo,GROUP_DATA_HOLD_11192022,NETWORK_TERM_7,141,datetime,NULL,NULL,NULL,YES,NULL
dbo,GROUP_DATA_HOLD_11192022,NETWORK_8,142,int,NULL,10,0,YES,NULL
dbo,GROUP_DATA_HOLD_11192022,NETWORK_EFFECTIVE_8,143,datetime,NULL,NULL,NULL,YES,NULL
dbo,GROUP_DATA_HOLD_11192022,NETWORK_TERM_8,144,datetime,NULL,NULL,NULL,YES,NULL
dbo,GROUP_DATA_HOLD_11192022,NETWORK_9,145,int,NULL,10,0,YES,NULL
dbo,GROUP_DATA_HOLD_11192022,NETWORK_EFFECTIVE_9,146,datetime,NULL,NULL,NULL,YES,NULL
dbo,GROUP_DATA_HOLD_11192022,NETWORK_TERM_9,147,datetime,NULL,NULL,NULL,YES,NULL
dbo,GROUP_DATA_HOLD_11192022,NETWORK_10,148,int,NULL,10,0,YES,NULL
dbo,GROUP_DATA_HOLD_11192022,NETWORK_EFFECTIVE_10,149,datetime,NULL,NULL,NULL,YES,NULL
dbo,GROUP_DATA_HOLD_11192022,NETWORK_TERM_10,150,datetime,NULL,NULL,NULL,YES,NULL
dbo,GROUP_DATA_HOLD_11192022,BIRTH_MONTH_FLAG,151,char,2,NULL,NULL,YES,NULL
dbo,GROUP_DATA_HOLD_11192022,MAIL_ORDER_NABP_1,152,int,NULL,10,0,YES,NULL
dbo,GROUP_DATA_HOLD_11192022,MAIL_ORDER_EFF_1,153,datetime,NULL,NULL,NULL,YES,NULL
dbo,GROUP_DATA_HOLD_11192022,MAIL_ORDER_NABP_2,154,int,NULL,10,0,YES,NULL
dbo,GROUP_DATA_HOLD_11192022,MAIL_ORDER_EFF_2,155,datetime,NULL,NULL,NULL,YES,NULL
dbo,GROUP_DATA_HOLD_11192022,MAIL_ORDER_NABP_3,156,int,NULL,10,0,YES,NULL
dbo,GROUP_DATA_HOLD_11192022,MAIL_ORDER_EFF_3,157,datetime,NULL,NULL,NULL,YES,NULL
dbo,GROUP_DATA_HOLD_11192022,DEDUCT_COPAY,158,int,NULL,10,0,YES,NULL
dbo,GROUP_DATA_HOLD_11192022,MAX_COPAY,159,int,NULL,10,0,YES,NULL
dbo,GROUP_DATA_HOLD_11192022,TROOP_COPAY,160,int,NULL,10,0,YES,NULL
dbo,GROUP_DATA_HOLD_11192022,ROLLOVER_DATE_2,161,datetime,NULL,NULL,NULL,YES,NULL
dbo,GROUP_DATA_HOLD_11192022,ROLLOVER_DATE_3,162,datetime,NULL,NULL,NULL,YES,NULL
dbo,GROUP_DATA_HOLD_11192022,ROLLOVER_DATE_4,163,datetime,NULL,NULL,NULL,YES,NULL
dbo,GROUP_DATA_HOLD_11192022,ROLLOVER_DATE_5,164,datetime,NULL,NULL,NULL,YES,NULL
dbo,GROUP_DATA_HOLD_11192022,ROLLOVER_DATE_6,165,datetime,NULL,NULL,NULL,YES,NULL
dbo,GROUP_DATA_HOLD_11192022,ROLLOVER_DATE_7,166,datetime,NULL,NULL,NULL,YES,NULL
dbo,GROUP_DATA_HOLD_11192022,ROLLOVER_DATE_8,167,datetime,NULL,NULL,NULL,YES,NULL
dbo,GROUP_DATA_HOLD_11192022,ROLLOVER_DATE_9,168,datetime,NULL,NULL,NULL,YES,NULL
dbo,GROUP_DATA_HOLD_11192022,ROLLOVER_DATE_10,169,datetime,NULL,NULL,NULL,YES,NULL
dbo,GROUP_DATA_HOLD_11192022,ROLLOVER_DATE_1,170,datetime,NULL,NULL,NULL,YES,NULL
dbo,GROUP_DATA_HOLD_11192022,DISP_FEE_EFF_DATE_1,171,datetime,NULL,NULL,NULL,YES,NULL
dbo,GROUP_DATA_HOLD_11192022,COPAY_EFF_DATE_1,172,datetime,NULL,NULL,NULL,YES,NULL
dbo,GROUP_DATA_HOLD_11192022,COPAY_NUMBER_1,173,int,NULL,10,0,YES,NULL
dbo,GROUP_DATA_HOLD_11192022,COPAY_NUMBER_2,174,int,NULL,10,0,YES,NULL
dbo,GROUP_DATA_HOLD_11192022,PLAN_EFF_DATE_1,175,datetime,NULL,NULL,NULL,YES,NULL
dbo,GROUP_DATA_HOLD_11192022,LIMIT_KIND_1,176,varchar,1,NULL,NULL,YES,NULL
dbo,GROUP_DATA_HOLD_11192022,PLAN_NUMBER_2,177,varchar,4,NULL,NULL,YES,NULL
dbo,GROUP_DATA_HOLD_11192022,LIMIT_KIND_2,178,varchar,1,NULL,NULL,YES,NULL
dbo,GROUP_DATA_HOLD_11192022,PLAN_NAME,179,varchar,30,NULL,NULL,YES,NULL
dbo,GROUP_DATA_HOLD_11192022,MAX_SINGLE,180,int,NULL,10,0,YES,NULL
dbo,GROUP_DATA_HOLD_11192022,MAX_FAMILY,181,int,NULL,10,0,YES,NULL
dbo,GROUP_DATA_HOLD_11192022,DEDUCT_SINGLE,182,int,NULL,10,0,YES,NULL
dbo,GROUP_DATA_HOLD_11192022,DEDUCT_FAMILY,183,int,NULL,10,0,YES,NULL
dbo,GROUP_DATA_HOLD_11192022,LIMIT_MONTHS,184,int,NULL,10,0,YES,NULL
dbo,GROUP_DATA_HOLD_11192022,LIMIT_MEMBER,185,int,NULL,10,0,YES,NULL
dbo,GROUP_DATA_HOLD_11192022,GROUP_STREET_2,186,varchar,40,NULL,NULL,YES,NULL
dbo,GROUP_DATA_HOLD_11192022,DEPENDENT_ELIGIBILITY,187,varchar,1,NULL,NULL,YES,NULL
dbo,GROUP_DATA_HOLD_11192022,DEDUCT_COPAY_2,188,int,NULL,10,0,YES,NULL
dbo,GROUP_DATA_HOLD_11192022,MAX_COPAY_2,189,int,NULL,10,0,YES,NULL
dbo,GROUP_DATA_HOLD_11192022,LIMIT_KIND_3,190,varchar,1,NULL,NULL,YES,NULL
dbo,GROUP_DATA_HOLD_11192022,DEDUCT_COPAY_3,191,int,NULL,10,0,YES,NULL
dbo,GROUP_DATA_HOLD_11192022,MAX_COPAY_3,192,int,NULL,10,0,YES,NULL
dbo,GROUP_DATA_HOLD_11192022,LIMIT_KIND_4,193,varchar,1,NULL,NULL,YES,NULL
dbo,GROUP_DATA_HOLD_11192022,DEDUCT_COPAY_4,194,int,NULL,10,0,YES,NULL
dbo,GROUP_DATA_HOLD_11192022,MAX_COPAY_4,195,int,NULL,10,0,YES,NULL
dbo,GROUP_DATA_HOLD_11192022,LIMIT_KIND_5,196,varchar,1,NULL,NULL,YES,NULL
dbo,GROUP_DATA_HOLD_11192022,DEDUCT_COPAY_5,197,int,NULL,10,0,YES,NULL
dbo,GROUP_DATA_HOLD_11192022,MAX_COPAY_5,198,int,NULL,10,0,YES,NULL
dbo,GROUP_DATA_HOLD_11192022,LIMIT_KIND_6,199,varchar,1,NULL,NULL,YES,NULL
dbo,GROUP_DATA_HOLD_11192022,DEDUCT_COPAY_6,200,int,NULL,10,0,YES,NULL
dbo,GROUP_DATA_HOLD_11192022,MAX_COPAY_6,201,int,NULL,10,0,YES,NULL
dbo,GROUP_DATA_HOLD_11192022,LIMIT_KIND_7,202,varchar,1,NULL,NULL,YES,NULL
dbo,GROUP_DATA_HOLD_11192022,DEDUCT_COPAY_7,203,int,NULL,10,0,YES,NULL
dbo,GROUP_DATA_HOLD_11192022,MAX_COPAY_7,204,int,NULL,10,0,YES,NULL
dbo,GROUP_DATA_HOLD_11192022,LIMIT_KIND_8,205,varchar,1,NULL,NULL,YES,NULL
dbo,GROUP_DATA_HOLD_11192022,DEDUCT_COPAY_8,206,int,NULL,10,0,YES,NULL
dbo,GROUP_DATA_HOLD_11192022,MAX_COPAY_8,207,int,NULL,10,0,YES,NULL
dbo,GROUP_DATA_HOLD_11192022,LIMIT_KIND_9,208,varchar,1,NULL,NULL,YES,NULL
dbo,GROUP_DATA_HOLD_11192022,DEDUCT_COPAY_9,209,int,NULL,10,0,YES,NULL
dbo,GROUP_DATA_HOLD_11192022,MAX_COPAY_9,210,int,NULL,10,0,YES,NULL
dbo,GROUP_DATA_HOLD_11192022,LIMIT_KIND_10,211,varchar,1,NULL,NULL,YES,NULL
dbo,GROUP_DATA_HOLD_11192022,DEDUCT_COPAY_10,212,int,NULL,10,0,YES,NULL
dbo,GROUP_DATA_HOLD_11192022,MAX_COPAY_10,213,int,NULL,10,0,YES,NULL
dbo,GROUP_DATA_HOLD_11192022,DEPENDENT_AGE_LIMT_1,214,int,NULL,10,0,YES,NULL
dbo,GROUP_DATA_HOLD_11192022,COLLEGE_AGE_LIMIT_1,215,int,NULL,10,0,YES,NULL
dbo,GROUP_DATA_HOLD_11192022,DISABILITY_AGE_LIMIT_1,216,int,NULL,10,0,YES,NULL
dbo,GROUP_DATA_HOLD_11192022,SPECIAL_AGE_LIMIT_1,217,int,NULL,10,0,YES,NULL
dbo,GROUP_DATA_HOLD_11192022,DEPENDENT_AGE_LIMIT_2,218,int,NULL,10,0,YES,NULL
dbo,GROUP_DATA_HOLD_11192022,COLLEGE_AGE_LIMT_2,219,int,NULL,10,0,YES,NULL
dbo,GROUP_DATA_HOLD_11192022,DISABILITY_AGE_LIMIT_2,220,int,NULL,10,0,YES,NULL
dbo,GROUP_DATA_HOLD_11192022,SPECIAL_AGE_LIMIT_2,221,int,NULL,10,0,YES,NULL
dbo,GROUP_DATA_HOLD_11192022,DEPENDENT_AGE_LIMIT_3,222,int,NULL,10,0,YES,NULL
dbo,GROUP_DATA_HOLD_11192022,COLLEGE_AGE_LIMIT_3,223,int,NULL,10,0,YES,NULL
dbo,GROUP_DATA_HOLD_11192022,DISABILITY_AGE_LIMIT_3,224,int,NULL,10,0,YES,NULL
dbo,GROUP_DATA_HOLD_11192022,SPECIAL_AGE_LIMIT_3,225,int,NULL,10,0,YES,NULL
dbo,GROUP_DATA_HOLD_11192022,NETWORK_NUMBER_90_DAY,226,int,NULL,10,0,YES,NULL
dbo,GROUP_DATA_HOLD_11192022,OPTION_FLAG_90_DAY,227,char,1,NULL,NULL,YES,NULL
dbo,GROUP_DATA_HOLD_11192022,SPONSOR_CHANGE,228,char,15,NULL,NULL,YES,NULL
dbo,GROUP_DATA_HOLD_11192022,AGE_DATE_CYMD_1,229,datetime,NULL,NULL,NULL,YES,NULL
dbo,GROUP_DATA_HOLD_11192022,AGE_DATE_CYMD_2,230,datetime,NULL,NULL,NULL,YES,NULL
dbo,GROUP_DATA_HOLD_11192022,AGE_DATE_CYMD_3,231,datetime,NULL,NULL,NULL,YES,NULL
dbo,GROUP_DATA_HOLD_11192022,AO_CYMD_1,232,datetime,NULL,NULL,NULL,YES,NULL
dbo,GROUP_DATA_HOLD_11192022,AO_NUMBER_1,233,int,NULL,10,0,YES,NULL
dbo,GROUP_DATA_HOLD_11192022,AO_CYMD_2,234,datetime,NULL,NULL,NULL,YES,NULL
dbo,GROUP_DATA_HOLD_11192022,AO_NUMBER_2,235,int,NULL,10,0,YES,NULL
dbo,GROUP_DATA_HOLD_11192022,AO_CYMD_3,236,datetime,NULL,NULL,NULL,YES,NULL
dbo,GROUP_DATA_HOLD_11192022,AO_NUMBER_3,237,int,NULL,10,0,YES,NULL
dbo,GROUP_DATA_HOLD_11192022,AO_CYMD_4,238,datetime,NULL,NULL,NULL,YES,NULL
dbo,GROUP_DATA_HOLD_11192022,AO_NUMBER_4,239,int,NULL,10,0,YES,NULL
dbo,GROUP_DATA_HOLD_11192022,AO_CYMD_5,240,datetime,NULL,NULL,NULL,YES,NULL
dbo,GROUP_DATA_HOLD_11192022,AO_NUMBER_5,241,int,NULL,10,0,YES,NULL
dbo,GROUP_DATA_HOLD_11192022,BACK_BILL_DATE,242,datetime,NULL,NULL,NULL,YES,NULL
dbo,GROUP_DATA_HOLD_11192022,BACK_BILL_TYP_CODE,243,char,1,NULL,NULL,YES,NULL
dbo,GROUP_DATA_HOLD_11192022,CARD_FLAG,244,char,8,NULL,NULL,YES,NULL
dbo,GROUP_DATA_HOLD_11192022,CARDS_SINGLE,245,int,NULL,10,0,YES,NULL
dbo,GROUP_DATA_HOLD_11192022,CARDS_FAMILY,246,int,NULL,10,0,YES,NULL
dbo,GROUP_DATA_HOLD_11192022,DISP_FEE_EFF_DATE_2,247,datetime,NULL,NULL,NULL,YES,NULL
dbo,GROUP_DATA_HOLD_11192022,DISP_FEE_EFF_DATE_3,248,datetime,NULL,NULL,NULL,YES,NULL
dbo,GROUP_DATA_HOLD_11192022,DISP_SCHEDULE_NUMBER_1,249,int,NULL,10,0,YES,NULL
dbo,GROUP_DATA_HOLD_11192022,DISP_SCHEDULE_NUMBER_2,250,int,NULL,10,0,YES,NULL
dbo,GROUP_DATA_HOLD_11192022,DISP_SCHEDULE_NUMBER_3,251,int,NULL,10,0,YES,NULL
dbo,GROUP_DATA_HOLD_11192022,DRUG_DETAIL_FLAG,252,char,1,NULL,NULL,YES,NULL
dbo,GROUP_DATA_HOLD_11192022,PA_PHONE,253,char,21,NULL,NULL,YES,NULL
dbo,GROUP_DATA_HOLD_11192022,PERIOD_ENDING_DATE,254,datetime,NULL,NULL,NULL,YES,NULL
dbo,GROUP_DATA_HOLD_11192022,SUB_FLAG,255,char,1,NULL,NULL,YES,NULL
dbo,GROUP_DATA_HOLD_11192022,TROOP_COPAY_2,256,int,NULL,10,0,YES,NULL
dbo,GROUP_DATA_HOLD_11192022,TROOP_COPAY_3,257,int,NULL,10,0,YES,NULL
dbo,GROUP_DATA_HOLD_11192022,TROOP_EFF_DATE_1,258,datetime,NULL,NULL,NULL,YES,NULL
dbo,GROUP_DATA_HOLD_11192022,TROOP_EFF_DATE_2,259,datetime,NULL,NULL,NULL,YES,NULL
dbo,GROUP_DATA_HOLD_11192022,TROOP_EFF_DATE_3,260,datetime,NULL,NULL,NULL,YES,NULL
dbo,GROUP_DATA_HOLD_11192022,YEAR_ROLL_DATE_1,261,datetime,NULL,NULL,NULL,YES,NULL
dbo,GROUP_DATA_HOLD_11192022,YEAR_ROLL_DATE_2,262,datetime,NULL,NULL,NULL,YES,NULL
dbo,GROUP_DATA_HOLD_11192022,YEAR_ROLL_DATE_3,263,datetime,NULL,NULL,NULL,YES,NULL
dbo,GROUP_DATA_HOLD_11192022,COPAY_EFF_2,264,datetime,NULL,NULL,NULL,YES,NULL
dbo,GROUP_DATA_HOLD_11192022,COPAY_EFF_3,265,datetime,NULL,NULL,NULL,YES,NULL
dbo,GROUP_DATA_HOLD_11192022,COPAY_EFF_4,266,datetime,NULL,NULL,NULL,YES,NULL
dbo,GROUP_DATA_HOLD_11192022,COPAY_EFF_5,267,datetime,NULL,NULL,NULL,YES,NULL
dbo,GROUP_DATA_HOLD_11192022,COPAY_EFF_6,268,datetime,NULL,NULL,NULL,YES,NULL
dbo,GROUP_DATA_HOLD_11192022,COPAY_EFF_7,269,datetime,NULL,NULL,NULL,YES,NULL
dbo,GROUP_DATA_HOLD_11192022,COPAY_EFF_8,270,datetime,NULL,NULL,NULL,YES,NULL
dbo,GROUP_DATA_HOLD_11192022,COPAY_EFF_9,271,datetime,NULL,NULL,NULL,YES,NULL
dbo,GROUP_DATA_HOLD_11192022,COPAY_EFF_10,272,datetime,NULL,NULL,NULL,YES,NULL
dbo,GROUP_DATA_HOLD_11192022,COPAY_NUM_3,273,int,NULL,10,0,YES,NULL
dbo,GROUP_DATA_HOLD_11192022,COPAY_NUM_4,274,int,NULL,10,0,YES,NULL
dbo,GROUP_DATA_HOLD_11192022,COPAY_NUM_5,275,int,NULL,10,0,YES,NULL
dbo,GROUP_DATA_HOLD_11192022,COPAY_NUM_6,276,int,NULL,10,0,YES,NULL
dbo,GROUP_DATA_HOLD_11192022,COPAY_NUM_7,277,int,NULL,10,0,YES,NULL
dbo,GROUP_DATA_HOLD_11192022,COPAY_NUM_8,278,int,NULL,10,0,YES,NULL
dbo,GROUP_DATA_HOLD_11192022,COPAY_NUM_9,279,int,NULL,10,0,YES,NULL
dbo,GROUP_DATA_HOLD_11192022,COPAY_NUM_10,280,int,NULL,10,0,YES,NULL
dbo,GROUP_DATA_HOLD_11192022,POS_TIP,281,char,1,NULL,NULL,YES,NULL
dbo,GROUP_DATA_HOLD_11192022,DS_TERM_LOGIC,282,char,1,NULL,NULL,YES,NULL
dbo,GROUP_DATA_HOLD_11192022,ADM_EFF_DATE_1,283,datetime,NULL,NULL,NULL,YES,NULL
dbo,GROUP_DATA_HOLD_11192022,ADM_SCHEDULE_NUMBER_1,284,int,NULL,10,0,YES,NULL
dbo,GROUP_DATA_HOLD_11192022,ADM_EFF_DATE_2,285,datetime,NULL,NULL,NULL,YES,NULL
dbo,GROUP_DATA_HOLD_11192022,ADM_SCHEDULE_NUMBER_2,286,int,NULL,10,0,YES,NULL
dbo,GROUP_DATA_HOLD_11192022,ADM_EFF_DATE_3,287,datetime,NULL,NULL,NULL,YES,NULL
dbo,GROUP_DATA_HOLD_11192022,ADM_SCHEDULE_NUMBER_3,288,int,NULL,10,0,YES,NULL
dbo,GROUP_DATA_HOLD_11192022,ADM_EFF_DATE_4,289,datetime,NULL,NULL,NULL,YES,NULL
dbo,GROUP_DATA_HOLD_11192022,ADM_SCHEDULE_NUMBER_4,290,int,NULL,10,0,YES,NULL
dbo,GROUP_DATA_HOLD_11192022,ADM_EFF_DATE_5,291,datetime,NULL,NULL,NULL,YES,NULL
dbo,GROUP_DATA_HOLD_11192022,ADM_SCHEDULE_NUMBER_5,292,int,NULL,10,0,YES,NULL
dbo,GROUP_DATA_HOLD_11192022,TC_ZIP_FLAG,293,char,1,NULL,NULL,YES,NULL
dbo,GROUP_DATA_HOLD_11192022,BROKER_NUMBER_1,294,varchar,4,NULL,NULL,YES,NULL
dbo,GROUP_DATA_HOLD_11192022,BROKER_EFF_DATE_1,295,datetime,NULL,NULL,NULL,YES,NULL
dbo,GROUP_DATA_HOLD_11192022,BROKER_NUMBER_2,296,varchar,4,NULL,NULL,YES,NULL
dbo,GROUP_DATA_HOLD_11192022,BROKER_EFF_DATE_2,297,datetime,NULL,NULL,NULL,YES,NULL
dbo,GROUP_DATA_HOLD_11192022,BROKER_NUMBER_3,298,varchar,4,NULL,NULL,YES,NULL
dbo,GROUP_DATA_HOLD_11192022,BROKER_EFF_DATE_3,299,datetime,NULL,NULL,NULL,YES,NULL
dbo,GROUP_DATA_HOLD_11192022,HOSPICE_FLAG,300,char,1,NULL,NULL,YES,NULL
dbo,GROUP_DATA_HOLD_11192022,GOVT_REJECT,301,char,1,NULL,NULL,YES,NULL
dbo,GROUP_DATA_HOLD_11192022,MEDICAL_INB_ACCUM_FLAG,302,char,1,NULL,NULL,YES,NULL
dbo,GROUP_DATA_HOLD_11192022,OPTIMAL_MAC_FLAG,303,char,1,NULL,NULL,YES,NULL
dbo,GROUP_DATA_HOLD_11192022,SPONSOR_TPA,304,char,4,NULL,NULL,YES,NULL
dbo,GROUP_DATA_HOLD_11192022,WarehouseLoadDate,305,datetime,NULL,NULL,NULL,YES,NULL
dbo,GROUP_DATA_HOLD_11192022,WarehouseChangeDate,306,datetime,NULL,NULL,NULL,YES,NULL
dbo,GROUP_DATA_HOLD_11192022,PPAP_NONGUAR_FUND,307,char,1,NULL,NULL,YES,NULL
dbo,GROUP_DATA_HOLD_11192022,MASTER_GROUP_NAME,308,varchar,30,NULL,NULL,YES,NULL
dbo,GROUP_DATA_HOLD_11192022,SCTransDate,309,datetime,NULL,NULL,NULL,YES,NULL
dbo,GROUP_DATA_HOLD_11192022,Zip4,310,int,NULL,10,0,YES,NULL
dbo,GROUP_DATA_HOLD_11192022,PlanEffDate2,311,datetime,NULL,NULL,NULL,YES,NULL
dbo,GROUP_DATA_HOLD_11192022,PlanEffDate3,312,datetime,NULL,NULL,NULL,YES,NULL
dbo,GROUP_DATA_HOLD_11192022,PlanNumber3,313,varchar,4,NULL,NULL,YES,NULL
dbo,GROUP_DATA_HOLD_11192022,PlanEffDate4,314,datetime,NULL,NULL,NULL,YES,NULL
dbo,GROUP_DATA_HOLD_11192022,PlanNumber4,315,varchar,4,NULL,NULL,YES,NULL
dbo,GROUP_DATA_HOLD_11192022,PlanEffDate5,316,datetime,NULL,NULL,NULL,YES,NULL
dbo,GROUP_DATA_HOLD_11192022,PlanNumber5,317,varchar,4,NULL,NULL,YES,NULL
dbo,GROUP_DATA_HOLD_11192022,PlanEffDate6,318,datetime,NULL,NULL,NULL,YES,NULL
dbo,GROUP_DATA_HOLD_11192022,PlanNumber6,319,varchar,4,NULL,NULL,YES,NULL
dbo,GROUP_DATA_HOLD_11192022,PlanEffDate7,320,datetime,NULL,NULL,NULL,YES,NULL
dbo,GROUP_DATA_HOLD_11192022,PlanNumber7,321,varchar,4,NULL,NULL,YES,NULL
dbo,GROUP_DATA_HOLD_11192022,PlanEffDate8,322,datetime,NULL,NULL,NULL,YES,NULL
dbo,GROUP_DATA_HOLD_11192022,PlanNumber8,323,varchar,4,NULL,NULL,YES,NULL
dbo,GROUP_DATA_HOLD_11192022,PlanEffDate9,324,datetime,NULL,NULL,NULL,YES,NULL
dbo,GROUP_DATA_HOLD_11192022,PlanNumber9,325,varchar,4,NULL,NULL,YES,NULL
dbo,GROUP_DATA_HOLD_11192022,PlanEffDate10,326,datetime,NULL,NULL,NULL,YES,NULL
dbo,GROUP_DATA_HOLD_11192022,PlanNumber10,327,varchar,4,NULL,NULL,YES,NULL
dbo,GROUP_DATA_HOLD_11192022,RolloverDate11,328,datetime,NULL,NULL,NULL,YES,NULL
dbo,GROUP_DATA_HOLD_11192022,RolloverDate12,329,datetime,NULL,NULL,NULL,YES,NULL
dbo,GROUP_DATA_HOLD_11192022,RolloverDate13,330,datetime,NULL,NULL,NULL,YES,NULL
dbo,GROUP_DATA_HOLD_11192022,RolloverDate14,331,datetime,NULL,NULL,NULL,YES,NULL
dbo,GROUP_DATA_HOLD_11192022,RolloverDate15,332,datetime,NULL,NULL,NULL,YES,NULL
dbo,GROUP_DATA_HOLD_11192022,RolloverDate16,333,datetime,NULL,NULL,NULL,YES,NULL
dbo,GROUP_DATA_HOLD_11192022,RolloverDate17,334,datetime,NULL,NULL,NULL,YES,NULL
dbo,GROUP_DATA_HOLD_11192022,RolloverDate18,335,datetime,NULL,NULL,NULL,YES,NULL
dbo,GROUP_DATA_HOLD_11192022,BenefitCode2,336,char,16,NULL,NULL,YES,NULL
dbo,GROUP_DATA_HOLD_11192022,BenefitCode3,337,char,16,NULL,NULL,YES,NULL
dbo,GROUP_DATA_HOLD_11192022,BenefitCode4,338,char,16,NULL,NULL,YES,NULL
dbo,GROUP_DATA_HOLD_11192022,BenefitCode5,339,char,16,NULL,NULL,YES,NULL
dbo,GROUP_DATA_HOLD_11192022,COBFeeFlag,340,char,1,NULL,NULL,YES,NULL
dbo,GROUP_DATA_HOLD_11192022,Flag340B,341,char,1,NULL,NULL,YES,NULL
dbo,GROUP_DATA_HOLD_11192022,PlanNumber1,342,varchar,4,NULL,NULL,YES,NULL
dbo,GroupToGroupXWalk,SponsorNbr,1,int,NULL,10,0,NO,NULL
dbo,GroupToGroupXWalk,CompuGroup,2,varchar,16,NULL,NULL,NO,NULL
dbo,GroupToGroupXWalk,SequenceNbr,3,int,NULL,10,0,NO,NULL
dbo,GroupToGroupXWalk,GroupNbr,4,float,NULL,53,NULL,YES,NULL
dbo,GroupToGroupXWalk,EffDate,5,datetime,NULL,NULL,NULL,YES,NULL
dbo,GroupToGroupXWalk,TermDate,6,datetime,NULL,NULL,NULL,YES,NULL
dbo,GroupToGroupXWalk,AddID,7,varchar,15,NULL,NULL,YES,NULL
dbo,GroupToGroupXWalk,ChangeID,8,varchar,15,NULL,NULL,YES,NULL
dbo,GroupToGroupXWalk,AddDate,9,datetime,NULL,NULL,NULL,YES,NULL
dbo,GroupToGroupXWalk,ChangeDate,10,datetime,NULL,NULL,NULL,YES,NULL
dbo,GroupToGroupXWalk,WarehouseLoadDate,11,datetime,NULL,NULL,NULL,YES,NULL
dbo,GroupToGroupXWalk,WarehouseChangeDate,12,datetime,NULL,NULL,NULL,YES,NULL
dbo,HARPCSCensus,Sponsor,1,int,NULL,10,0,YES,NULL
dbo,HARPCSCensus,MasterGroup,2,int,NULL,10,0,YES,NULL
dbo,HARPCSCensus,SiteCode,3,varchar,20,NULL,NULL,YES,NULL
dbo,HARPCSCensus,Group,4,float,NULL,53,NULL,YES,NULL
dbo,HARPCSCensus,SiteName,5,varchar,255,NULL,NULL,YES,NULL
dbo,HARPCSCensus,Year_Month,6,int,NULL,10,0,YES,NULL
dbo,HARPCSCensus,Patients,7,int,NULL,10,0,YES,NULL
dbo,HCPCS,NDC,1,decimal,NULL,11,0,YES,NULL
dbo,HCPCS,NDCMod,2,varchar,50,NULL,NULL,YES,NULL
dbo,HCPCS,HCPCS,3,varchar,50,NULL,NULL,YES,NULL
dbo,HCPCS,HCPCSMod,4,varchar,50,NULL,NULL,YES,NULL
dbo,HCPCS,RelationshipStartDate,5,datetime,NULL,NULL,NULL,YES,NULL
dbo,HCPCS,RelationshipEndDate,6,datetime,NULL,NULL,NULL,YES,NULL
dbo,HCPCS,HCPCSDescription,7,varchar,255,NULL,NULL,YES,NULL
dbo,HCPCS,NDCLabel,8,varchar,255,NULL,NULL,YES,NULL
dbo,HCPCS,NumberItemsNDCPackage,9,decimal,NULL,18,3,YES,NULL
dbo,HCPCS,NDCPackageMeasure,10,varchar,50,NULL,NULL,YES,NULL
dbo,HCPCS,NDCPackageType,11,varchar,50,NULL,NULL,YES,NULL
dbo,HCPCS,RouteOfAdmin,12,varchar,50,NULL,NULL,YES,NULL
dbo,HCPCS,NDCBillingUnits,13,varchar,50,NULL,NULL,YES,NULL
dbo,HCPCS,HCPCSAmount1,14,decimal,NULL,18,3,YES,NULL
dbo,HCPCS,HCPCSMeasure1,15,varchar,50,NULL,NULL,YES,NULL
dbo,HCPCS,ConversionFactor,16,decimal,NULL,18,5,YES,NULL
dbo,HCPCS,StartDate1,17,datetime,NULL,NULL,NULL,YES,NULL
dbo,HCPCS,EndDate1,18,datetime,NULL,NULL,NULL,YES,NULL
dbo,HCPCS,PriorStartDate2,19,datetime,NULL,NULL,NULL,YES,NULL
dbo,HCPCS,PriorEndDate2,20,datetime,NULL,NULL,NULL,YES,NULL
dbo,HCPCS,PriorConversionFactor2,21,decimal,NULL,18,5,YES,NULL
dbo,HCPCS,PriorStartDate3,22,datetime,NULL,NULL,NULL,YES,NULL
dbo,HCPCS,PriorEndDate3,23,datetime,NULL,NULL,NULL,YES,NULL
dbo,HCPCS,PriorConversionFactor3,24,decimal,NULL,18,5,YES,NULL
dbo,HCPCS,WarehouseLoadDate,25,datetime,NULL,NULL,NULL,YES,NULL
dbo,HCPCSNDCCrosswalk,HCSPCSCode,1,varchar,10,NULL,NULL,YES,NULL
dbo,HCPCSNDCCrosswalk,ShortDescription,2,varchar,250,NULL,NULL,YES,NULL
dbo,HCPCSNDCCrosswalk,LabelerName,3,varchar,250,NULL,NULL,YES,NULL
dbo,HCPCSNDCCrosswalk,NDC2,4,numeric,NULL,11,0,YES,NULL
dbo,HCPCSNDCCrosswalk,DrugName,5,varchar,250,NULL,NULL,YES,NULL
dbo,HCPCSNDCCrosswalk,HCPCSDosage,6,varchar,250,NULL,NULL,YES,NULL
dbo,HCPCSNDCCrosswalk,PkgSize,7,varchar,250,NULL,NULL,YES,NULL
dbo,HCPCSNDCCrosswalk,PkgQty,8,varchar,250,NULL,NULL,YES,NULL
dbo,HCPCSNDCCrosswalk,BillUnits,9,varchar,250,NULL,NULL,YES,NULL
dbo,HCPCSNDCCrosswalk,BillUnitsPkg,10,varchar,250,NULL,NULL,YES,NULL
dbo,HCPCSNDCCrosswalk,FileName,11,varchar,250,NULL,NULL,YES,NULL
dbo,HCPCSNDCCrosswalk,WarehouseLoadDate,12,datetime,NULL,NULL,NULL,YES,NULL
dbo,Holidays,Name,1,varchar,100,NULL,NULL,NO,NULL
dbo,Holidays,Value,2,datetime,NULL,NULL,NULL,NO,NULL
dbo,HospiceCensus,Sponsor,1,int,NULL,10,0,YES,NULL
dbo,HospiceCensus,MasterGroup,2,int,NULL,10,0,YES,NULL
dbo,HospiceCensus,SiteCode,3,varchar,20,NULL,NULL,YES,NULL
dbo,HospiceCensus,GentivaCode,4,varchar,10,NULL,NULL,YES,NULL
dbo,HospiceCensus,SiteName,5,varchar,255,NULL,NULL,YES,NULL
dbo,HospiceCensus,Year_Month,6,int,NULL,10,0,YES,NULL
dbo,HospiceCensus,Patients,7,int,NULL,10,0,YES,NULL
dbo,HospiceLeaseCensus,Sponsor,1,int,NULL,10,0,YES,NULL
dbo,HospiceLeaseCensus,MasterGroup,2,int,NULL,10,0,YES,NULL
dbo,HospiceLeaseCensus,SiteCode,3,varchar,20,NULL,NULL,YES,NULL
dbo,HospiceLeaseCensus,GentivaCode,4,varchar,10,NULL,NULL,YES,NULL
dbo,HospiceLeaseCensus,SiteName,5,varchar,255,NULL,NULL,YES,NULL
dbo,HospiceLeaseCensus,Year_Month,6,int,NULL,10,0,YES,NULL
dbo,HospiceLeaseCensus,Patients,7,int,NULL,10,0,YES,NULL
dbo,HospiceSiteCode,Region,1,varchar,120,NULL,NULL,YES,NULL
dbo,HospiceSiteCode,Area,2,varchar,120,NULL,NULL,YES,NULL
dbo,HospiceSiteCode,Parent,3,varchar,120,NULL,NULL,YES,NULL
dbo,HospiceSiteCode,RegionalManager,4,varchar,120,NULL,NULL,YES,NULL
dbo,HospiceSiteCode,NMDR,5,varchar,120,NULL,NULL,YES,NULL
dbo,HospiceSiteCode,SiteName,6,varchar,120,NULL,NULL,YES,NULL
dbo,HospiceSiteCode,SiteCode,7,varchar,20,NULL,NULL,YES,NULL
dbo,HospiceSiteCode,GentivaCode,8,varchar,20,NULL,NULL,YES,NULL
dbo,HospiceSiteCode,MasterGroup,9,varchar,20,NULL,NULL,YES,NULL
dbo,HPS_SITE_CODE_DESCRIPTIONS,Site Code,1,varchar,3,NULL,NULL,YES,NULL
dbo,HPS_SITE_CODE_DESCRIPTIONS,Site Description,2,nvarchar,255,NULL,NULL,YES,NULL
dbo,INLOG,INL_SYSTEM_NBR,1,int,NULL,10,0,NO,NULL
dbo,INLOG,INL_SPONSOR_NBR,2,int,NULL,10,0,NO,NULL
dbo,INLOG,INL_GROUP_NBR,3,float,NULL,53,NULL,NO,NULL
dbo,INLOG,INL_PERIOD_ENDING,4,datetime,NULL,NULL,NULL,NO,NULL
dbo,INLOG,INL_ALT_GROUP_NBR,5,char,20,NULL,NULL,YES,NULL
dbo,INLOG,INL_GROUP_NAME,6,char,30,NULL,NULL,YES,NULL
dbo,INLOG,INL_SYS_CLAIM_INV_NUM,7,int,NULL,10,0,YES,NULL
dbo,INLOG,INL_SPO_CLAIM_INV_NUM,8,int,NULL,10,0,YES,NULL
dbo,INLOG,INL_GRP_CLAIM_INV_NUM,9,int,NULL,10,0,YES,NULL
dbo,INLOG,INL_CLAIM_COUNT,10,int,NULL,10,0,YES,NULL
dbo,INLOG,INL_CLAIM_INV_AMT,11,decimal,NULL,18,2,YES,NULL
dbo,INLOG,INL_COPAY,12,decimal,NULL,18,2,YES,NULL
dbo,INLOG,INL_DISP_FEE,13,decimal,NULL,18,2,YES,NULL
dbo,INLOG,INL_ING_COST,14,decimal,NULL,18,2,YES,NULL
dbo,INLOG,INL_TAX,15,decimal,NULL,18,2,YES,NULL
dbo,INLOG,INL_DIFF_ADMIN,16,decimal,NULL,18,2,YES,NULL
dbo,INLOG,INL_SYS_ADMIN_FEE,17,decimal,NULL,18,2,YES,NULL
dbo,INLOG,INL_SPO_ADMIN_FEE,18,decimal,NULL,18,2,YES,NULL
dbo,INLOG,INL_GRP_ADMIN_FEE,19,decimal,NULL,18,2,YES,NULL
dbo,INLOG,INL_SYS_ADMIN_INV_NUM,20,int,NULL,10,0,YES,NULL
dbo,INLOG,INL_SPO_ADMIN_INV_NUM,21,int,NULL,10,0,YES,NULL
dbo,INLOG,INL_GRP_ADMIN_INV_NUM,22,int,NULL,10,0,YES,NULL
dbo,INLOG,INL_CLAIM_PAID_FLAG,23,char,1,NULL,NULL,YES,NULL
dbo,INLOG,INL_ADMIN_PAID_FLAG,24,char,1,NULL,NULL,YES,NULL
dbo,INLOG,INL_CLAIM_PAID_DATE,25,datetime,NULL,NULL,NULL,YES,NULL
dbo,INLOG,INL_ADMIN_PAID_DATE,26,datetime,NULL,NULL,NULL,YES,NULL
dbo,INLOG,INL_CHECK_CHARGE,27,decimal,NULL,18,2,YES,NULL
dbo,INLOG,INL_MKT_CHARGE,28,decimal,NULL,18,2,YES,NULL
dbo,INLOG,INL_NUMBER_OF_CHECKS,29,int,NULL,10,0,YES,NULL
dbo,INLOG,INL_SPECIAL_PERIOD_ENDING,30,datetime,NULL,NULL,NULL,YES,NULL
dbo,INLOG,INL_TA_AMT,31,decimal,NULL,18,2,YES,NULL
dbo,INLOG,INL_FILE_DATE,32,datetime,NULL,NULL,NULL,YES,NULL
dbo,INLOG,INL_MANUAL_DATE,33,datetime,NULL,NULL,NULL,YES,NULL
dbo,INLOG,INL_RENTED_NETWORK_CLAIMS,34,int,NULL,10,0,YES,NULL
dbo,INLOG,INL_RENTED_NETWORK_AMOUNT,35,decimal,NULL,18,2,YES,NULL
dbo,INLOG,INL_CLAIM_CHK_REC_DATE,36,datetime,NULL,NULL,NULL,YES,NULL
dbo,INLOG,INL_CLAIM_CHK_REF_NUM,37,char,20,NULL,NULL,YES,NULL
dbo,INLOG,INL_CLAIM_CHK_REF_AMT,38,decimal,NULL,18,2,YES,NULL
dbo,INLOG,INL_ADMIN_CHK_REC_DATE,39,datetime,NULL,NULL,NULL,YES,NULL
dbo,INLOG,INL_ADMIN_CHK_REF_NUM,40,char,20,NULL,NULL,YES,NULL
dbo,INLOG,INL_ADMIN_CHK_REF_AMT,41,decimal,NULL,18,2,YES,NULL
dbo,INLOG,INL_ADMIN_FEE,42,decimal,NULL,18,2,YES,NULL
dbo,INLOG,INL_SYS_CARD_FEE,43,decimal,NULL,18,2,YES,NULL
dbo,INLOG,INL_SPO_CARD_FEE,44,decimal,NULL,18,2,YES,NULL
dbo,INLOG,INL_GRP_CARD_FEE,45,decimal,NULL,18,2,YES,NULL
dbo,INLOG,INL_SYS_CARD_INV,46,int,NULL,10,0,YES,NULL
dbo,INLOG,INL_SPO_CARD_INV,47,int,NULL,10,0,YES,NULL
dbo,INLOG,INL_GRP_CARD_INV,48,int,NULL,10,0,YES,NULL
dbo,INLOG,INL_NUM_OF_CARDS,49,int,NULL,10,0,YES,NULL
dbo,INLOG,INL_CLIENT_DISCOUNT_FEE,50,decimal,NULL,18,2,YES,NULL
dbo,INLOG,INL_PDM_DISCOUNT_FEE,51,decimal,NULL,18,2,YES,NULL
dbo,INLOG,INL_BROKER_CLAIM_COUNT,52,int,NULL,10,0,YES,NULL
dbo,INLOG,INL_BROKER_AMT_SYS,53,decimal,NULL,18,2,YES,NULL
dbo,INLOG,INL_BROKER_AMT_SPO,54,decimal,NULL,18,2,YES,NULL
dbo,INLOG,INL_BROKER_AMT_GRP,55,decimal,NULL,18,2,YES,NULL
dbo,INLOG,INL_MED_SUB_CLAIM_COUNT,56,int,NULL,10,0,YES,NULL
dbo,INLOG,EPSClaimCount,57,int,NULL,10,0,YES,NULL
dbo,INLOG,EPSSysAdminAmount,58,decimal,NULL,18,2,YES,NULL
dbo,INLOG,EPSSpoAdminAmount,59,decimal,NULL,18,2,YES,NULL
dbo,INLOG,EPSGrpAdminAmount,60,decimal,NULL,18,2,YES,NULL
dbo,INLOG,EPSClaimAmount,61,decimal,NULL,18,2,YES,NULL
dbo,INLOG,ServFeeClaimCount,62,int,NULL,10,0,YES,NULL
dbo,INLOG,ServFeeSysAdminAmount,63,decimal,NULL,18,2,YES,NULL
dbo,INLOG,ServFeeSpoAdminAmount,64,decimal,NULL,18,2,YES,NULL
dbo,INLOG,ServFeeGrpAdminAmount,65,decimal,NULL,18,2,YES,NULL
dbo,INLOG,ServFeeClaimAmount,66,decimal,NULL,18,2,YES,NULL
dbo,INLOG,NoFinClaimCount,67,int,NULL,10,0,YES,NULL
dbo,INLOG,NoFinSysAdminAmount,68,decimal,NULL,18,2,YES,NULL
dbo,INLOG,NoFinSpoAdminAmount,69,decimal,NULL,18,2,YES,NULL
dbo,INLOG,NoFinGrpAdminAmount,70,decimal,NULL,18,2,YES,NULL
dbo,INLOG,NoFinClaimAmount,71,decimal,NULL,18,2,YES,NULL
dbo,INLOG_ABCTesting_10022020,INL_SYSTEM_NBR,1,int,NULL,10,0,NO,NULL
dbo,INLOG_ABCTesting_10022020,INL_SPONSOR_NBR,2,int,NULL,10,0,NO,NULL
dbo,INLOG_ABCTesting_10022020,INL_GROUP_NBR,3,float,NULL,53,NULL,NO,NULL
dbo,INLOG_ABCTesting_10022020,INL_PERIOD_ENDING,4,datetime,NULL,NULL,NULL,NO,NULL
dbo,INLOG_ABCTesting_10022020,INL_ALT_GROUP_NBR,5,char,20,NULL,NULL,YES,NULL
dbo,INLOG_ABCTesting_10022020,INL_GROUP_NAME,6,char,30,NULL,NULL,YES,NULL
dbo,INLOG_ABCTesting_10022020,INL_SYS_CLAIM_INV_NUM,7,int,NULL,10,0,YES,NULL
dbo,INLOG_ABCTesting_10022020,INL_SPO_CLAIM_INV_NUM,8,int,NULL,10,0,YES,NULL
dbo,INLOG_ABCTesting_10022020,INL_GRP_CLAIM_INV_NUM,9,int,NULL,10,0,YES,NULL
dbo,INLOG_ABCTesting_10022020,INL_CLAIM_COUNT,10,int,NULL,10,0,YES,NULL
dbo,INLOG_ABCTesting_10022020,INL_CLAIM_INV_AMT,11,decimal,NULL,18,2,YES,NULL
dbo,INLOG_ABCTesting_10022020,INL_COPAY,12,decimal,NULL,18,2,YES,NULL
dbo,INLOG_ABCTesting_10022020,INL_DISP_FEE,13,decimal,NULL,18,2,YES,NULL
dbo,INLOG_ABCTesting_10022020,INL_ING_COST,14,decimal,NULL,18,2,YES,NULL
dbo,INLOG_ABCTesting_10022020,INL_TAX,15,decimal,NULL,18,2,YES,NULL
dbo,INLOG_ABCTesting_10022020,INL_DIFF_ADMIN,16,decimal,NULL,18,2,YES,NULL
dbo,INLOG_ABCTesting_10022020,INL_SYS_ADMIN_FEE,17,decimal,NULL,18,2,YES,NULL
dbo,INLOG_ABCTesting_10022020,INL_SPO_ADMIN_FEE,18,decimal,NULL,18,2,YES,NULL
dbo,INLOG_ABCTesting_10022020,INL_GRP_ADMIN_FEE,19,decimal,NULL,18,2,YES,NULL
dbo,INLOG_ABCTesting_10022020,INL_SYS_ADMIN_INV_NUM,20,int,NULL,10,0,YES,NULL
dbo,INLOG_ABCTesting_10022020,INL_SPO_ADMIN_INV_NUM,21,int,NULL,10,0,YES,NULL
dbo,INLOG_ABCTesting_10022020,INL_GRP_ADMIN_INV_NUM,22,int,NULL,10,0,YES,NULL
dbo,INLOG_ABCTesting_10022020,INL_CLAIM_PAID_FLAG,23,char,1,NULL,NULL,YES,NULL
dbo,INLOG_ABCTesting_10022020,INL_ADMIN_PAID_FLAG,24,char,1,NULL,NULL,YES,NULL
dbo,INLOG_ABCTesting_10022020,INL_CLAIM_PAID_DATE,25,datetime,NULL,NULL,NULL,YES,NULL
dbo,INLOG_ABCTesting_10022020,INL_ADMIN_PAID_DATE,26,datetime,NULL,NULL,NULL,YES,NULL
dbo,INLOG_ABCTesting_10022020,INL_CHECK_CHARGE,27,decimal,NULL,18,2,YES,NULL
dbo,INLOG_ABCTesting_10022020,INL_MKT_CHARGE,28,decimal,NULL,18,2,YES,NULL
dbo,INLOG_ABCTesting_10022020,INL_NUMBER_OF_CHECKS,29,int,NULL,10,0,YES,NULL
dbo,INLOG_ABCTesting_10022020,INL_SPECIAL_PERIOD_ENDING,30,datetime,NULL,NULL,NULL,YES,NULL
dbo,INLOG_ABCTesting_10022020,INL_TA_AMT,31,decimal,NULL,18,2,YES,NULL
dbo,INLOG_ABCTesting_10022020,INL_FILE_DATE,32,datetime,NULL,NULL,NULL,YES,NULL
dbo,INLOG_ABCTesting_10022020,INL_MANUAL_DATE,33,datetime,NULL,NULL,NULL,YES,NULL
dbo,INLOG_ABCTesting_10022020,INL_RENTED_NETWORK_CLAIMS,34,int,NULL,10,0,YES,NULL
dbo,INLOG_ABCTesting_10022020,INL_RENTED_NETWORK_AMOUNT,35,decimal,NULL,18,2,YES,NULL
dbo,INLOG_ABCTesting_10022020,INL_CLAIM_CHK_REC_DATE,36,datetime,NULL,NULL,NULL,YES,NULL
dbo,INLOG_ABCTesting_10022020,INL_CLAIM_CHK_REF_NUM,37,char,20,NULL,NULL,YES,NULL
dbo,INLOG_ABCTesting_10022020,INL_CLAIM_CHK_REF_AMT,38,decimal,NULL,18,2,YES,NULL
dbo,INLOG_ABCTesting_10022020,INL_ADMIN_CHK_REC_DATE,39,datetime,NULL,NULL,NULL,YES,NULL
dbo,INLOG_ABCTesting_10022020,INL_ADMIN_CHK_REF_NUM,40,char,20,NULL,NULL,YES,NULL
dbo,INLOG_ABCTesting_10022020,INL_ADMIN_CHK_REF_AMT,41,decimal,NULL,18,2,YES,NULL
dbo,INLOG_ABCTesting_10022020,INL_ADMIN_FEE,42,decimal,NULL,18,2,YES,NULL
dbo,INLOG_ABCTesting_10022020,INL_SYS_CARD_FEE,43,decimal,NULL,18,2,YES,NULL
dbo,INLOG_ABCTesting_10022020,INL_SPO_CARD_FEE,44,decimal,NULL,18,2,YES,NULL
dbo,INLOG_ABCTesting_10022020,INL_GRP_CARD_FEE,45,decimal,NULL,18,2,YES,NULL
dbo,INLOG_ABCTesting_10022020,INL_SYS_CARD_INV,46,int,NULL,10,0,YES,NULL
dbo,INLOG_ABCTesting_10022020,INL_SPO_CARD_INV,47,int,NULL,10,0,YES,NULL
dbo,INLOG_ABCTesting_10022020,INL_GRP_CARD_INV,48,int,NULL,10,0,YES,NULL
dbo,INLOG_ABCTesting_10022020,INL_NUM_OF_CARDS,49,int,NULL,10,0,YES,NULL
dbo,INLOG_ABCTesting_10022020,INL_CLIENT_DISCOUNT_FEE,50,decimal,NULL,18,2,YES,NULL
dbo,INLOG_ABCTesting_10022020,INL_PDM_DISCOUNT_FEE,51,decimal,NULL,18,2,YES,NULL
dbo,INLOG_ABCTesting_10022020,INL_BROKER_CLAIM_COUNT,52,int,NULL,10,0,YES,NULL
dbo,INLOG_ABCTesting_10022020,INL_BROKER_AMT_SYS,53,decimal,NULL,18,2,YES,NULL
dbo,INLOG_ABCTesting_10022020,INL_BROKER_AMT_SPO,54,decimal,NULL,18,2,YES,NULL
dbo,INLOG_ABCTesting_10022020,INL_BROKER_AMT_GRP,55,decimal,NULL,18,2,YES,NULL
dbo,INLOG_ABCTesting_10022020,INL_MED_SUB_CLAIM_COUNT,56,int,NULL,10,0,YES,NULL
dbo,INLOG_ABCTesting_10022020,EPSClaimCount,57,int,NULL,10,0,YES,NULL
dbo,INLOG_ABCTesting_10022020,EPSSysAdminAmount,58,decimal,NULL,18,2,YES,NULL
dbo,INLOG_ABCTesting_10022020,EPSSpoAdminAmount,59,decimal,NULL,18,2,YES,NULL
dbo,INLOG_ABCTesting_10022020,EPSGrpAdminAmount,60,decimal,NULL,18,2,YES,NULL
dbo,INLOG_ABCTesting_10022020,EPSClaimAmount,61,decimal,NULL,18,2,YES,NULL
dbo,INLOG_ABCTesting_10022020,ServFeeClaimCount,62,int,NULL,10,0,YES,NULL
dbo,INLOG_ABCTesting_10022020,ServFeeSysAdminAmount,63,decimal,NULL,18,2,YES,NULL
dbo,INLOG_ABCTesting_10022020,ServFeeSpoAdminAmount,64,decimal,NULL,18,2,YES,NULL
dbo,INLOG_ABCTesting_10022020,ServFeeGrpAdminAmount,65,decimal,NULL,18,2,YES,NULL
dbo,INLOG_ABCTesting_10022020,ServFeeClaimAmount,66,decimal,NULL,18,2,YES,NULL
dbo,INLOG_ABCTesting_10022020,NoFinClaimCount,67,int,NULL,10,0,YES,NULL
dbo,INLOG_ABCTesting_10022020,NoFinSysAdminAmount,68,decimal,NULL,18,2,YES,NULL
dbo,INLOG_ABCTesting_10022020,NoFinSpoAdminAmount,69,decimal,NULL,18,2,YES,NULL
dbo,INLOG_ABCTesting_10022020,NoFinGrpAdminAmount,70,decimal,NULL,18,2,YES,NULL
dbo,INLOG_ABCTesting_10022020,NoFinClaimAmount,71,decimal,NULL,18,2,YES,NULL
dbo,INLOG_AUDIT,DateofRun,1,datetime,NULL,NULL,NULL,YES,NULL
dbo,INLOG_AUDIT,TransactionSystemNumber,2,int,NULL,10,0,NO,NULL
dbo,INLOG_AUDIT,TransactionSponsorNumber,3,int,NULL,10,0,NO,NULL
dbo,INLOG_AUDIT,TransactionGroupNumber,4,float,NULL,53,NULL,NO,NULL
dbo,INLOG_AUDIT,TransactionClaimCount,5,int,NULL,10,0,YES,NULL
dbo,INLOG_AUDIT,TransactionAmountPaid,6,decimal,NULL,18,2,YES,NULL
dbo,INLOG_AUDIT,TransactionPeriodEnding,7,datetime,NULL,NULL,NULL,YES,NULL
dbo,INLOG_AUDIT,TransactionInputFileName,8,varchar,255,NULL,NULL,NO,NULL
dbo,INLOG_AUDIT,AuditSystemNumber,9,int,NULL,10,0,YES,NULL
dbo,INLOG_AUDIT,AuditSponsorNumber,10,int,NULL,10,0,YES,NULL
dbo,INLOG_AUDIT,AuditGroupNumber,11,float,NULL,53,NULL,YES,NULL
dbo,INLOG_AUDIT,AuditClaimCount,12,int,NULL,10,0,YES,NULL
dbo,INLOG_AUDIT,AuditAmountPaid,13,decimal,NULL,18,2,YES,NULL
dbo,INLOG_AUDIT,AuditPeriodEnding,14,datetime,NULL,NULL,NULL,YES,NULL
dbo,INLOG_AUDIT,AuditClaimCountDifference,15,int,NULL,10,0,YES,NULL
dbo,INLOG_AUDIT,AuditAmountPaidDifference,16,decimal,NULL,18,2,YES,NULL
dbo,INLOG_TestTwicePE09152020,INL_SYSTEM_NBR,1,int,NULL,10,0,NO,NULL
dbo,INLOG_TestTwicePE09152020,INL_SPONSOR_NBR,2,int,NULL,10,0,NO,NULL
dbo,INLOG_TestTwicePE09152020,INL_GROUP_NBR,3,float,NULL,53,NULL,NO,NULL
dbo,INLOG_TestTwicePE09152020,INL_PERIOD_ENDING,4,datetime,NULL,NULL,NULL,NO,NULL
dbo,INLOG_TestTwicePE09152020,INL_ALT_GROUP_NBR,5,char,20,NULL,NULL,YES,NULL
dbo,INLOG_TestTwicePE09152020,INL_GROUP_NAME,6,char,30,NULL,NULL,YES,NULL
dbo,INLOG_TestTwicePE09152020,INL_SYS_CLAIM_INV_NUM,7,int,NULL,10,0,YES,NULL
dbo,INLOG_TestTwicePE09152020,INL_SPO_CLAIM_INV_NUM,8,int,NULL,10,0,YES,NULL
dbo,INLOG_TestTwicePE09152020,INL_GRP_CLAIM_INV_NUM,9,int,NULL,10,0,YES,NULL
dbo,INLOG_TestTwicePE09152020,INL_CLAIM_COUNT,10,int,NULL,10,0,YES,NULL
dbo,INLOG_TestTwicePE09152020,INL_CLAIM_INV_AMT,11,decimal,NULL,18,2,YES,NULL
dbo,INLOG_TestTwicePE09152020,INL_COPAY,12,decimal,NULL,18,2,YES,NULL
dbo,INLOG_TestTwicePE09152020,INL_DISP_FEE,13,decimal,NULL,18,2,YES,NULL
dbo,INLOG_TestTwicePE09152020,INL_ING_COST,14,decimal,NULL,18,2,YES,NULL
dbo,INLOG_TestTwicePE09152020,INL_TAX,15,decimal,NULL,18,2,YES,NULL
dbo,INLOG_TestTwicePE09152020,INL_DIFF_ADMIN,16,decimal,NULL,18,2,YES,NULL
dbo,INLOG_TestTwicePE09152020,INL_SYS_ADMIN_FEE,17,decimal,NULL,18,2,YES,NULL
dbo,INLOG_TestTwicePE09152020,INL_SPO_ADMIN_FEE,18,decimal,NULL,18,2,YES,NULL
dbo,INLOG_TestTwicePE09152020,INL_GRP_ADMIN_FEE,19,decimal,NULL,18,2,YES,NULL
dbo,INLOG_TestTwicePE09152020,INL_SYS_ADMIN_INV_NUM,20,int,NULL,10,0,YES,NULL
dbo,INLOG_TestTwicePE09152020,INL_SPO_ADMIN_INV_NUM,21,int,NULL,10,0,YES,NULL
dbo,INLOG_TestTwicePE09152020,INL_GRP_ADMIN_INV_NUM,22,int,NULL,10,0,YES,NULL
dbo,INLOG_TestTwicePE09152020,INL_CLAIM_PAID_FLAG,23,char,1,NULL,NULL,YES,NULL
dbo,INLOG_TestTwicePE09152020,INL_ADMIN_PAID_FLAG,24,char,1,NULL,NULL,YES,NULL
dbo,INLOG_TestTwicePE09152020,INL_CLAIM_PAID_DATE,25,datetime,NULL,NULL,NULL,YES,NULL
dbo,INLOG_TestTwicePE09152020,INL_ADMIN_PAID_DATE,26,datetime,NULL,NULL,NULL,YES,NULL
dbo,INLOG_TestTwicePE09152020,INL_CHECK_CHARGE,27,decimal,NULL,18,2,YES,NULL
dbo,INLOG_TestTwicePE09152020,INL_MKT_CHARGE,28,decimal,NULL,18,2,YES,NULL
dbo,INLOG_TestTwicePE09152020,INL_NUMBER_OF_CHECKS,29,int,NULL,10,0,YES,NULL
dbo,INLOG_TestTwicePE09152020,INL_SPECIAL_PERIOD_ENDING,30,datetime,NULL,NULL,NULL,YES,NULL
dbo,INLOG_TestTwicePE09152020,INL_TA_AMT,31,decimal,NULL,18,2,YES,NULL
dbo,INLOG_TestTwicePE09152020,INL_FILE_DATE,32,datetime,NULL,NULL,NULL,YES,NULL
dbo,INLOG_TestTwicePE09152020,INL_MANUAL_DATE,33,datetime,NULL,NULL,NULL,YES,NULL
dbo,INLOG_TestTwicePE09152020,INL_RENTED_NETWORK_CLAIMS,34,int,NULL,10,0,YES,NULL
dbo,INLOG_TestTwicePE09152020,INL_RENTED_NETWORK_AMOUNT,35,decimal,NULL,18,2,YES,NULL
dbo,INLOG_TestTwicePE09152020,INL_CLAIM_CHK_REC_DATE,36,datetime,NULL,NULL,NULL,YES,NULL
dbo,INLOG_TestTwicePE09152020,INL_CLAIM_CHK_REF_NUM,37,char,20,NULL,NULL,YES,NULL
dbo,INLOG_TestTwicePE09152020,INL_CLAIM_CHK_REF_AMT,38,decimal,NULL,18,2,YES,NULL
dbo,INLOG_TestTwicePE09152020,INL_ADMIN_CHK_REC_DATE,39,datetime,NULL,NULL,NULL,YES,NULL
dbo,INLOG_TestTwicePE09152020,INL_ADMIN_CHK_REF_NUM,40,char,20,NULL,NULL,YES,NULL
dbo,INLOG_TestTwicePE09152020,INL_ADMIN_CHK_REF_AMT,41,decimal,NULL,18,2,YES,NULL
dbo,INLOG_TestTwicePE09152020,INL_ADMIN_FEE,42,decimal,NULL,18,2,YES,NULL
dbo,INLOG_TestTwicePE09152020,INL_SYS_CARD_FEE,43,decimal,NULL,18,2,YES,NULL
dbo,INLOG_TestTwicePE09152020,INL_SPO_CARD_FEE,44,decimal,NULL,18,2,YES,NULL
dbo,INLOG_TestTwicePE09152020,INL_GRP_CARD_FEE,45,decimal,NULL,18,2,YES,NULL
dbo,INLOG_TestTwicePE09152020,INL_SYS_CARD_INV,46,int,NULL,10,0,YES,NULL
dbo,INLOG_TestTwicePE09152020,INL_SPO_CARD_INV,47,int,NULL,10,0,YES,NULL
dbo,INLOG_TestTwicePE09152020,INL_GRP_CARD_INV,48,int,NULL,10,0,YES,NULL
dbo,INLOG_TestTwicePE09152020,INL_NUM_OF_CARDS,49,int,NULL,10,0,YES,NULL
dbo,INLOG_TestTwicePE09152020,INL_CLIENT_DISCOUNT_FEE,50,decimal,NULL,18,2,YES,NULL
dbo,INLOG_TestTwicePE09152020,INL_PDM_DISCOUNT_FEE,51,decimal,NULL,18,2,YES,NULL
dbo,INLOG_TestTwicePE09152020,INL_BROKER_CLAIM_COUNT,52,int,NULL,10,0,YES,NULL
dbo,INLOG_TestTwicePE09152020,INL_BROKER_AMT_SYS,53,decimal,NULL,18,2,YES,NULL
dbo,INLOG_TestTwicePE09152020,INL_BROKER_AMT_SPO,54,decimal,NULL,18,2,YES,NULL
dbo,INLOG_TestTwicePE09152020,INL_BROKER_AMT_GRP,55,decimal,NULL,18,2,YES,NULL
dbo,INLOG_TestTwicePE09152020,INL_MED_SUB_CLAIM_COUNT,56,int,NULL,10,0,YES,NULL
dbo,INLOG_TestTwicePE09152020,EPSClaimCount,57,int,NULL,10,0,YES,NULL
dbo,INLOG_TestTwicePE09152020,EPSSysAdminAmount,58,decimal,NULL,18,2,YES,NULL
dbo,INLOG_TestTwicePE09152020,EPSSpoAdminAmount,59,decimal,NULL,18,2,YES,NULL
dbo,INLOG_TestTwicePE09152020,EPSGrpAdminAmount,60,decimal,NULL,18,2,YES,NULL
dbo,INLOG_TestTwicePE09152020,EPSClaimAmount,61,decimal,NULL,18,2,YES,NULL
dbo,INLOG_TestTwicePE09152020,ServFeeClaimCount,62,int,NULL,10,0,YES,NULL
dbo,INLOG_TestTwicePE09152020,ServFeeSysAdminAmount,63,decimal,NULL,18,2,YES,NULL
dbo,INLOG_TestTwicePE09152020,ServFeeSpoAdminAmount,64,decimal,NULL,18,2,YES,NULL
dbo,INLOG_TestTwicePE09152020,ServFeeGrpAdminAmount,65,decimal,NULL,18,2,YES,NULL
dbo,INLOG_TestTwicePE09152020,ServFeeClaimAmount,66,decimal,NULL,18,2,YES,NULL
dbo,INLOG_TestTwicePE09152020,NoFinClaimCount,67,int,NULL,10,0,YES,NULL
dbo,INLOG_TestTwicePE09152020,NoFinSysAdminAmount,68,decimal,NULL,18,2,YES,NULL
dbo,INLOG_TestTwicePE09152020,NoFinSpoAdminAmount,69,decimal,NULL,18,2,YES,NULL
dbo,INLOG_TestTwicePE09152020,NoFinGrpAdminAmount,70,decimal,NULL,18,2,YES,NULL
dbo,INLOG_TestTwicePE09152020,NoFinClaimAmount,71,decimal,NULL,18,2,YES,NULL
dbo,InternationalClassificationOfDiseases9,ICDPrefix,1,varchar,1,NULL,NULL,NO,NULL
dbo,InternationalClassificationOfDiseases9,ICDCode,2,varchar,7,NULL,NULL,NO,NULL
dbo,InternationalClassificationOfDiseases9,ICDDescription,3,varchar,50,NULL,NULL,YES,NULL
dbo,InternationalClassificationOfDiseases9,ActivityChangeCode,4,varchar,1,NULL,NULL,YES,NULL
dbo,InternationalClassificationOfDiseases9,LastChangeDate,5,datetime,NULL,NULL,NULL,YES,NULL
dbo,InternationalClassificationOfDiseasesX,ICDPrefix,1,varchar,1,NULL,NULL,NO,NULL
dbo,InternationalClassificationOfDiseasesX,ICDCode,2,varchar,7,NULL,NULL,NO,NULL
dbo,InternationalClassificationOfDiseasesX,DiseaseCode,3,int,NULL,10,0,NO,NULL
dbo,InternationalClassificationOfDiseasesX,ActivityChangeCode,4,varchar,1,NULL,NULL,YES,NULL
dbo,InternationalClassificationOfDiseasesX,LastChangeDate,5,datetime,NULL,NULL,NULL,YES,NULL
dbo,JOB_ACTIVITY_AUDIT,JAA_KEY,1,uniqueidentifier,NULL,NULL,NULL,NO,(newid())
dbo,JOB_ACTIVITY_AUDIT,DateofRun,2,datetime,NULL,NULL,NULL,YES,NULL
dbo,JOB_ACTIVITY_AUDIT,ETL_FindFileTime,3,datetime,NULL,NULL,NULL,YES,NULL
dbo,JOB_ACTIVITY_AUDIT,ETL_BeginIndexTime,4,datetime,NULL,NULL,NULL,YES,NULL
dbo,JOB_ACTIVITY_AUDIT,ETL_EndTime,5,datetime,NULL,NULL,NULL,YES,NULL
dbo,JOB_ACTIVITY_AUDIT,RecordsRead,6,int,NULL,10,0,YES,NULL
dbo,JOB_ACTIVITY_AUDIT,RecordsInserted,7,int,NULL,10,0,YES,NULL
dbo,JOB_ACTIVITY_AUDIT,RecordsUpdated,8,int,NULL,10,0,YES,NULL
dbo,JOB_ACTIVITY_AUDIT,ProcessName,9,varchar,255,NULL,NULL,YES,NULL
dbo,JOB_ACTIVITY_AUDIT,DatabaseFileName,10,varchar,255,NULL,NULL,YES,NULL
dbo,JOB_ACTIVITY_AUDIT,DatabaseFileRecordCount,11,int,NULL,10,0,YES,NULL
dbo,JOB_ACTIVITY_AUDIT,TransactionFileOrigination,12,varchar,50,NULL,NULL,YES,NULL
dbo,JOB_ACTIVITY_AUDIT,TransactionProcessDate,13,datetime,NULL,NULL,NULL,YES,NULL
dbo,JOB_ACTIVITY_AUDIT,TransactionSystemNumber,14,int,NULL,10,0,YES,NULL
dbo,JOB_ACTIVITY_AUDIT,TransactionClaimCount,15,int,NULL,10,0,YES,NULL
dbo,JOB_ACTIVITY_AUDIT,TransactionAmountPaid,16,decimal,NULL,18,2,YES,NULL
dbo,JOB_ACTIVITY_AUDIT,TransactionPeriodEnding,17,datetime,NULL,NULL,NULL,YES,NULL
dbo,JOB_ACTIVITY_AUDIT,TransactionInputFileRecordCount,18,int,NULL,10,0,YES,NULL
dbo,JOB_ACTIVITY_AUDIT,TransactionInputFileName,19,varchar,255,NULL,NULL,YES,NULL
dbo,JOB_ACTIVITY_AUDIT,AuditProcessDate,20,datetime,NULL,NULL,NULL,YES,NULL
dbo,JOB_ACTIVITY_AUDIT,AuditSystemNumber,21,int,NULL,10,0,YES,NULL
dbo,JOB_ACTIVITY_AUDIT,AuditClaimCount,22,int,NULL,10,0,YES,NULL
dbo,JOB_ACTIVITY_AUDIT,AuditAmountPaid,23,decimal,NULL,18,2,YES,NULL
dbo,JOB_ACTIVITY_AUDIT,AuditCopayAmount,24,decimal,NULL,18,2,YES,NULL
dbo,JOB_ACTIVITY_AUDIT,AuditPeriodEnding,25,datetime,NULL,NULL,NULL,YES,NULL
dbo,JOB_ACTIVITY_AUDIT,AuditClaimCountDifference,26,int,NULL,10,0,YES,NULL
dbo,JOB_ACTIVITY_AUDIT,AuditAmountPaidDifference,27,decimal,NULL,18,2,YES,NULL
dbo,JOB_ACTIVITY_AUDIT,WarehouseName,28,varchar,50,NULL,NULL,YES,NULL
dbo,JOB_ACTIVITY_AUDIT,TotalRecordsErrored,29,int,NULL,10,0,YES,NULL
dbo,KilledUsers,spid,1,int,NULL,10,0,YES,NULL
dbo,KilledUsers,dbname,2,varchar,50,NULL,NULL,YES,NULL
dbo,KilledUsers,loginname,3,varchar,50,NULL,NULL,YES,NULL
dbo,KilledUsers,hostname,4,varchar,50,NULL,NULL,YES,NULL
dbo,KilledUsers,killdatetime,5,datetime,NULL,NULL,NULL,YES,(getdate())
dbo,LIMIT_TABLE,LimitYear,1,int,NULL,10,0,NO,NULL
dbo,LIMIT_TABLE,LimitMonth,2,int,NULL,10,0,NO,NULL
dbo,LIMIT_TABLE,LimitNumber,3,decimal,NULL,10,0,NO,NULL
dbo,LIMIT_TABLE,LimitMemberNumber,4,int,NULL,10,0,NO,NULL
dbo,LIMIT_TABLE,LimitBin,5,int,NULL,10,0,NO,NULL
dbo,LIMIT_TABLE,LimitRollDate,6,datetime,NULL,NULL,NULL,NO,NULL
dbo,LIMIT_TABLE,LimitClaims,7,int,NULL,10,0,YES,NULL
dbo,LIMIT_TABLE,LimitTIngBil,8,decimal,NULL,18,2,YES,NULL
dbo,LIMIT_TABLE,LimitTCopay,9,decimal,NULL,18,2,YES,NULL
dbo,LIMIT_TABLE,LimitTDisp,10,decimal,NULL,18,2,YES,NULL
dbo,LIMIT_TABLE,LimitTTax,11,decimal,NULL,18,2,YES,NULL
dbo,LIMIT_TABLE,LimitTIngPaid,12,decimal,NULL,18,2,YES,NULL
dbo,LIMIT_TABLE,LimitRx1,13,varchar,12,NULL,NULL,YES,NULL
dbo,LIMIT_TABLE,LimitRxDate1,14,datetime,NULL,NULL,NULL,YES,NULL
dbo,LIMIT_TABLE,LimitIngBil1,15,decimal,NULL,18,2,YES,NULL
dbo,LIMIT_TABLE,LimitCopay1,16,decimal,NULL,18,2,YES,NULL
dbo,LIMIT_TABLE,LimitDisp1,17,decimal,NULL,18,2,YES,NULL
dbo,LIMIT_TABLE,LimitTax1,18,decimal,NULL,18,2,YES,NULL
dbo,LIMIT_TABLE,LimitIngPaid1,19,decimal,NULL,18,2,YES,NULL
dbo,LIMIT_TABLE,LimitRej1,20,int,NULL,10,0,YES,NULL
dbo,LIMIT_TABLE,LimitRx2,21,varchar,12,NULL,NULL,YES,NULL
dbo,LIMIT_TABLE,LimitRxDate2,22,datetime,NULL,NULL,NULL,YES,NULL
dbo,LIMIT_TABLE,LimitIngBil2,23,decimal,NULL,18,2,YES,NULL
dbo,LIMIT_TABLE,LimitCopay2,24,decimal,NULL,18,2,YES,NULL
dbo,LIMIT_TABLE,LimitDisp2,25,decimal,NULL,18,2,YES,NULL
dbo,LIMIT_TABLE,LimitTax2,26,decimal,NULL,18,2,YES,NULL
dbo,LIMIT_TABLE,LimitIngPaid2,27,decimal,NULL,18,2,YES,NULL
dbo,LIMIT_TABLE,LimitRej2,28,int,NULL,10,0,YES,NULL
dbo,LIMIT_TABLE,LimitRx3,29,varchar,12,NULL,NULL,YES,NULL
dbo,LIMIT_TABLE,LimitRxDate3,30,datetime,NULL,NULL,NULL,YES,NULL
dbo,LIMIT_TABLE,LimitIngBil3,31,decimal,NULL,18,2,YES,NULL
dbo,LIMIT_TABLE,LimitCopay3,32,decimal,NULL,18,2,YES,NULL
dbo,LIMIT_TABLE,LimitDisp3,33,decimal,NULL,18,2,YES,NULL
dbo,LIMIT_TABLE,LimitTax3,34,decimal,NULL,18,2,YES,NULL
dbo,LIMIT_TABLE,LimitIngPaid3,35,decimal,NULL,18,2,YES,NULL
dbo,LIMIT_TABLE,LimitRej3,36,int,NULL,10,0,YES,NULL
dbo,LIMIT_TABLE,LimitMetDate,37,datetime,NULL,NULL,NULL,YES,NULL
dbo,LIMIT_TABLE,LimitLastQuarterCarryOver,38,decimal,NULL,18,2,YES,NULL
dbo,LIMIT_TABLE,LimitDeductFlag,39,char,1,NULL,NULL,YES,NULL
dbo,LIMIT_TABLE,LimitDeductDate,40,int,NULL,10,0,YES,NULL
dbo,LIMIT_TABLE,LimitStopFlag,41,char,1,NULL,NULL,YES,NULL
dbo,LIMIT_TABLE,LimitStopDate,42,datetime,NULL,NULL,NULL,YES,NULL
dbo,LIMIT_TABLE,LimitMedicalDeduct,43,decimal,NULL,18,2,YES,NULL
dbo,LIMIT_TABLE,LimitMedOutOfPocket,44,decimal,NULL,18,2,YES,NULL
dbo,LIMIT_TABLE,LimitMetDateMax,45,int,NULL,10,0,YES,NULL
dbo,LIMIT_TABLE,LimitHalfLetter,46,int,NULL,10,0,YES,NULL
dbo,LIMIT_TABLE,LimitEobLetter,47,int,NULL,10,0,YES,NULL
dbo,LIMIT_TABLE,LimitSponsorCarryOver,48,int,NULL,10,0,YES,NULL
dbo,LIMIT_TABLE,LimitAddToMax,49,decimal,NULL,18,2,YES,NULL
dbo,LIMIT_TABLE,LimitRecalcDate1,50,datetime,NULL,NULL,NULL,YES,NULL
dbo,LIMIT_TABLE,LimitRecalcCode1,51,int,NULL,10,0,YES,NULL
dbo,LIMIT_TABLE,LimitRecalcDate2,52,datetime,NULL,NULL,NULL,YES,NULL
dbo,LIMIT_TABLE,LimitRecalcCode2,53,int,NULL,10,0,YES,NULL
dbo,LIMIT_TABLE,LimitRecalcDate3,54,datetime,NULL,NULL,NULL,YES,NULL
dbo,LIMIT_TABLE,LimitRecalcCode3,55,int,NULL,10,0,YES,NULL
dbo,LIMIT_TABLE,LimitDontRecalcFlag,56,char,1,NULL,NULL,YES,NULL
dbo,LIMIT_TABLE,LimitMClaims,57,int,NULL,10,0,YES,NULL
dbo,LIMIT_TABLE,LimitMIngBil,58,decimal,NULL,18,2,YES,NULL
dbo,LIMIT_TABLE,LimitMCopay,59,decimal,NULL,18,2,YES,NULL
dbo,LIMIT_TABLE,LimitMDisp,60,decimal,NULL,18,2,YES,NULL
dbo,LIMIT_TABLE,LimitMTax,61,decimal,NULL,18,2,YES,NULL
dbo,LIMIT_TABLE,LimitMIngPaid,62,decimal,NULL,18,2,YES,NULL
dbo,LIMIT_TABLE,LimitMetDateDeductMail,63,int,NULL,10,0,YES,NULL
dbo,LIMIT_TABLE,LimitLastQuaCarryOverMail,64,decimal,NULL,18,2,YES,NULL
dbo,LIMIT_TABLE,LimitMetDateMaxMail,65,int,NULL,10,0,YES,NULL
dbo,LIMIT_TABLE,LimitAddToMaxMail,66,decimal,NULL,18,2,YES,NULL
dbo,LIMIT_TABLE,LimitLetterCode,67,char,10,NULL,NULL,YES,NULL
dbo,LIMIT_TABLE,LimitDeductibleAmtOnly,68,decimal,NULL,18,2,YES,NULL
dbo,LIMIT_TABLE,LimitTaBeginBal,69,decimal,NULL,18,2,YES,NULL
dbo,LIMIT_TABLE,LimitTaLcd,70,decimal,NULL,10,0,YES,NULL
dbo,LIMIT_TABLE,LimitTaRunBal,71,decimal,NULL,18,2,YES,NULL
dbo,LIMIT_TABLE,LimitRetalPenaltyAmt,72,decimal,NULL,18,2,YES,NULL
dbo,LIMIT_TABLE,LimitMailPenaltyAmt,73,decimal,NULL,18,2,YES,NULL
dbo,LIMIT_TABLE,LimitTroopAmount,74,decimal,NULL,18,2,YES,NULL
dbo,LIMIT_TABLE,LimitAddToTroop,75,decimal,NULL,18,2,YES,NULL
dbo,LIMIT_TABLE,LimitTotDrug2250,76,varchar,25,NULL,NULL,YES,NULL
dbo,LIMIT_TABLE,LimitTotDrug5100,77,varchar,25,NULL,NULL,YES,NULL
dbo,LIMIT_TABLE,LimitStandDeductOnly,78,decimal,NULL,18,2,YES,NULL
dbo,LIMIT_TABLE,LimitAddDate,79,datetime,NULL,NULL,NULL,YES,NULL
dbo,LIMIT_TABLE,LimitChgDate,80,datetime,NULL,NULL,NULL,YES,NULL
dbo,LIMIT_TABLE,LimitNumberOnCard,81,varchar,20,NULL,NULL,YES,NULL
dbo,LIMIT_TABLE,LimitAddtoTroopfromFIR,82,decimal,NULL,18,2,YES,NULL
dbo,LIMIT_TABLE,LimitAddtoTDSfromFIR,83,decimal,NULL,18,2,YES,NULL
dbo,LIMIT_TABLE,LimitLastDateofFIRTransaction,84,datetime,NULL,NULL,NULL,YES,NULL
dbo,LIMIT_TABLE,LimitAddtoDeductfromFIR,85,decimal,NULL,18,2,YES,NULL
dbo,LimitTableDaily,SystemNbr,1,int,NULL,10,0,NO,NULL
dbo,LimitTableDaily,SponsorNbr,2,int,NULL,10,0,NO,NULL
dbo,LimitTableDaily,GroupNbr,3,bigint,NULL,19,0,NO,NULL
dbo,LimitTableDaily,CardholderNbr,4,char,10,NULL,NULL,NO,NULL
dbo,LimitTableDaily,MemberNbr,5,char,2,NULL,NULL,NO,NULL
dbo,LimitTableDaily,Bin,6,int,NULL,10,0,NO,NULL
dbo,LimitTableDaily,RollUpCode,7,varchar,20,NULL,NULL,NO,NULL
dbo,LimitTableDaily,RollDate,8,datetime,NULL,NULL,NULL,NO,NULL
dbo,LimitTableDaily,ExtractDate,9,datetime,NULL,NULL,NULL,YES,NULL
dbo,LimitTableDaily,Claims,10,int,NULL,10,0,YES,NULL
dbo,LimitTableDaily,TIngBil,11,decimal,NULL,18,2,YES,NULL
dbo,LimitTableDaily,TCopay,12,decimal,NULL,18,2,YES,NULL
dbo,LimitTableDaily,TDisp,13,decimal,NULL,18,2,YES,NULL
dbo,LimitTableDaily,TTax,14,decimal,NULL,18,2,YES,NULL
dbo,LimitTableDaily,TIngPaid,15,decimal,NULL,18,2,YES,NULL
dbo,LimitTableDaily,Rx1,16,bigint,NULL,19,0,YES,NULL
dbo,LimitTableDaily,RxDate1,17,datetime,NULL,NULL,NULL,YES,NULL
dbo,LimitTableDaily,IngBil1,18,decimal,NULL,18,2,YES,NULL
dbo,LimitTableDaily,Copay1,19,decimal,NULL,18,2,YES,NULL
dbo,LimitTableDaily,Disp1,20,decimal,NULL,18,2,YES,NULL
dbo,LimitTableDaily,Tax1,21,decimal,NULL,18,2,YES,NULL
dbo,LimitTableDaily,IngPaid1,22,decimal,NULL,18,2,YES,NULL
dbo,LimitTableDaily,Rej1,23,int,NULL,10,0,YES,NULL
dbo,LimitTableDaily,Rx2,24,bigint,NULL,19,0,YES,NULL
dbo,LimitTableDaily,RxDate2,25,datetime,NULL,NULL,NULL,YES,NULL
dbo,LimitTableDaily,IngBil2,26,decimal,NULL,18,2,YES,NULL
dbo,LimitTableDaily,Copay2,27,decimal,NULL,18,2,YES,NULL
dbo,LimitTableDaily,Disp2,28,decimal,NULL,18,2,YES,NULL
dbo,LimitTableDaily,Tax2,29,decimal,NULL,18,2,YES,NULL
dbo,LimitTableDaily,IngPaid2,30,decimal,NULL,18,2,YES,NULL
dbo,LimitTableDaily,Rej2,31,int,NULL,10,0,YES,NULL
dbo,LimitTableDaily,Rx3,32,bigint,NULL,19,0,YES,NULL
dbo,LimitTableDaily,RxDate3,33,datetime,NULL,NULL,NULL,YES,NULL
dbo,LimitTableDaily,IngBil3,34,decimal,NULL,18,2,YES,NULL
dbo,LimitTableDaily,Copay3,35,decimal,NULL,18,2,YES,NULL
dbo,LimitTableDaily,Disp3,36,decimal,NULL,18,2,YES,NULL
dbo,LimitTableDaily,Tax3,37,decimal,NULL,18,2,YES,NULL
dbo,LimitTableDaily,IngPaid3,38,decimal,NULL,18,2,YES,NULL
dbo,LimitTableDaily,Rej3,39,int,NULL,10,0,YES,NULL
dbo,LimitTableDaily,MetDate,40,datetime,NULL,NULL,NULL,YES,NULL
dbo,LimitTableDaily,LastQtrCarryOver,41,decimal,NULL,18,2,YES,NULL
dbo,LimitTableDaily,DeductFlag,42,char,1,NULL,NULL,YES,NULL
dbo,LimitTableDaily,DeductDate,43,datetime,NULL,NULL,NULL,YES,NULL
dbo,LimitTableDaily,StopFlag,44,char,1,NULL,NULL,YES,NULL
dbo,LimitTableDaily,StopDate,45,datetime,NULL,NULL,NULL,YES,NULL
dbo,LimitTableDaily,MedicalDeduct,46,decimal,NULL,18,2,YES,NULL
dbo,LimitTableDaily,MedOutOfPocket,47,decimal,NULL,18,2,YES,NULL
dbo,LimitTableDaily,MetDateMax,48,datetime,NULL,NULL,NULL,YES,NULL
dbo,LimitTableDaily,HalfLetter,49,datetime,NULL,NULL,NULL,YES,NULL
dbo,LimitTableDaily,EOBLetter,50,datetime,NULL,NULL,NULL,YES,NULL
dbo,LimitTableDaily,SponsorCarryOver,51,int,NULL,10,0,YES,NULL
dbo,LimitTableDaily,AddToMax,52,decimal,NULL,18,2,YES,NULL
dbo,LimitTableDaily,RecalcDate1,53,datetime,NULL,NULL,NULL,YES,NULL
dbo,LimitTableDaily,RecalcCode1,54,int,NULL,10,0,YES,NULL
dbo,LimitTableDaily,RecalcDate2,55,datetime,NULL,NULL,NULL,YES,NULL
dbo,LimitTableDaily,RecalcCode2,56,int,NULL,10,0,YES,NULL
dbo,LimitTableDaily,RecalcDate3,57,datetime,NULL,NULL,NULL,YES,NULL
dbo,LimitTableDaily,RecalcCode3,58,int,NULL,10,0,YES,NULL
dbo,LimitTableDaily,DontRecalcFlag,59,char,1,NULL,NULL,YES,NULL
dbo,LimitTableDaily,MClaims,60,int,NULL,10,0,YES,NULL
dbo,LimitTableDaily,MIngBil,61,decimal,NULL,18,2,YES,NULL
dbo,LimitTableDaily,MCopay,62,decimal,NULL,18,2,YES,NULL
dbo,LimitTableDaily,MDisp,63,decimal,NULL,18,2,YES,NULL
dbo,LimitTableDaily,MTax,64,decimal,NULL,18,2,YES,NULL
dbo,LimitTableDaily,MIngPaid,65,decimal,NULL,18,2,YES,NULL
dbo,LimitTableDaily,MetDateDeductMail,66,datetime,NULL,NULL,NULL,YES,NULL
dbo,LimitTableDaily,LastQtrCarryOverMail,67,decimal,NULL,18,2,YES,NULL
dbo,LimitTableDaily,MetDateMaxMail,68,datetime,NULL,NULL,NULL,YES,NULL
dbo,LimitTableDaily,AddToMaxMail,69,decimal,NULL,18,2,YES,NULL
dbo,LimitTableDaily,LetterCode,70,char,10,NULL,NULL,YES,NULL
dbo,LimitTableDaily,DeductAmtOnly,71,decimal,NULL,18,2,YES,NULL
dbo,LimitTableDaily,TABeginBal,72,decimal,NULL,18,2,YES,NULL
dbo,LimitTableDaily,TALCD,73,int,NULL,10,0,YES,NULL
dbo,LimitTableDaily,TARunBal,74,decimal,NULL,18,2,YES,NULL
dbo,LimitTableDaily,RetailPenaltyAmt,75,decimal,NULL,18,2,YES,NULL
dbo,LimitTableDaily,MailPenaltyAmt,76,decimal,NULL,18,2,YES,NULL
dbo,LimitTableDaily,TroopAmt,77,decimal,NULL,18,2,YES,NULL
dbo,LimitTableDaily,AddToTroop,78,decimal,NULL,18,2,YES,NULL
dbo,LimitTableDaily,TotDrug2250,79,decimal,NULL,18,2,YES,NULL
dbo,LimitTableDaily,TotDrug5100,80,decimal,NULL,18,2,YES,NULL
dbo,LimitTableDaily,StandDeductOnly,81,decimal,NULL,18,2,YES,NULL
dbo,LimitTableDaily,MedAddToDeduct,82,decimal,NULL,18,2,YES,NULL
dbo,LimitTableDaily,MedAddToAmtPaid,83,decimal,NULL,18,2,YES,NULL
dbo,LimitTableDaily,AddToSingleMax,84,decimal,NULL,18,2,YES,NULL
dbo,LimitTableDaily,AddToFamilyMax,85,decimal,NULL,18,2,YES,NULL
dbo,LimitTableDaily,AddToLifeMax,86,decimal,NULL,18,2,YES,NULL
dbo,LimitTableDaily,AddToTroopFir,87,decimal,NULL,18,2,YES,NULL
dbo,LimitTableDaily,AddToTDSFir,88,decimal,NULL,18,2,YES,NULL
dbo,LimitTableDaily,LastFirDate,89,datetime,NULL,NULL,NULL,YES,NULL
dbo,LimitTableDaily,AddToDeductFir,90,decimal,NULL,18,2,YES,NULL
dbo,LimitTableDaily,RestkLimit,91,char,1,NULL,NULL,YES,NULL
dbo,LimitTableDaily,CarryForwardOOP,92,decimal,NULL,18,2,YES,NULL
dbo,LimitTableDaily,CarryForwardDed,93,decimal,NULL,18,2,YES,NULL
dbo,LimitTableDaily,AddDate,94,datetime,NULL,NULL,NULL,YES,NULL
dbo,LimitTableDaily,ChangeDate,95,datetime,NULL,NULL,NULL,YES,NULL
dbo,LimitTableDaily,WarehouseLoadDate,96,datetime,NULL,NULL,NULL,NO,NULL
dbo,LimitTableDaily,WarehouseChangeDate,97,datetime,NULL,NULL,NULL,YES,NULL
dbo,LimitTableDaily,PDMAddToDed,98,decimal,NULL,18,2,YES,NULL
dbo,LimitTableDaily,PDMAddToOOP,99,decimal,NULL,18,2,YES,NULL
dbo,LimitTableDaily,AddID,100,varchar,15,NULL,NULL,YES,NULL
dbo,LimitTableDaily,ChangeID,101,varchar,15,NULL,NULL,YES,NULL
dbo,LimitTableDaily,DiffIngCostPaid,102,decimal,NULL,18,2,YES,NULL
dbo,LimitTableDaily,DiffDispFee,103,decimal,NULL,18,2,YES,NULL
dbo,LimitTableDaily,LimitMbrMax,104,decimal,NULL,18,2,YES,NULL
dbo,LinuxLoginAudit,LinuxLoginAuditID,1,int,NULL,10,0,NO,NULL
dbo,LinuxLoginAudit,Login,2,nvarchar,-1,NULL,NULL,YES,NULL
dbo,LinuxLoginAudit,StartTime,3,datetimeoffset,NULL,NULL,NULL,YES,NULL
dbo,LinuxLoginAudit,EndTime,4,datetimeoffset,NULL,NULL,NULL,YES,NULL
dbo,LinuxLoginAudit,OAuthUser,5,nvarchar,-1,NULL,NULL,YES,NULL
dbo,LinuxLoginAudit,Name,6,nvarchar,-1,NULL,NULL,YES,NULL
dbo,LOGIN_USERS,LOGIN,1,char,30,NULL,NULL,YES,NULL
dbo,LOGIN_USERS,GROUP_NUMBER,2,float,NULL,53,NULL,YES,NULL
dbo,LOGIN_USERS,SPONSOR_NUMBER,3,int,NULL,10,0,YES,NULL
dbo,LOGIN_USERS,SYSTEM_NUMBER,4,smallint,NULL,5,0,YES,NULL
dbo,LOGIN_USERS,SYSTEM_LINK,5,char,10,NULL,NULL,YES,NULL
dbo,LOGIN_USERS,MASTER_GROUP,6,int,NULL,10,0,YES,NULL
dbo,LOGIN_USERS,SUB_GROUP,7,float,NULL,53,NULL,YES,NULL
dbo,LoginUsersTransaction,PermNumber,1,bigint,NULL,19,0,NO,NULL
dbo,LoginUsersTransaction,UserName,2,varchar,16,NULL,NULL,NO,NULL
dbo,LoginUsersTransaction,Level,3,int,NULL,10,0,NO,NULL
dbo,LoginUsersTransaction,ExcludeInclude,4,char,1,NULL,NULL,YES,NULL
dbo,LoginUsersTransaction,StartUpFlexMenu,5,varchar,12,NULL,NULL,YES,NULL
dbo,LoginUsersTransaction,HidePharmClientDisplay,6,char,1,NULL,NULL,YES,NULL
dbo,LoginUsersTransaction,WarehouseLoadDate,7,datetime,NULL,NULL,NULL,YES,NULL
dbo,LoginUsersTransaction,WarehouseChangeDate,8,datetime,NULL,NULL,NULL,YES,NULL
dbo,MAC_DATA,MAC_NUMBER,1,int,NULL,10,0,NO,NULL
dbo,MAC_DATA,GPI,2,char,14,NULL,NULL,NO,NULL
dbo,MAC_DATA,CHANGE_DATE_1,3,datetime,NULL,NULL,NULL,YES,NULL
dbo,MAC_DATA,MAC_UNIT_PRICE_1,4,decimal,NULL,10,5,YES,NULL
dbo,MAC_DATA,CHANGE_DATE_2,5,datetime,NULL,NULL,NULL,YES,NULL
dbo,MAC_DATA,MAC_UNIT_PRICE_2,6,decimal,NULL,10,5,YES,NULL
dbo,MAC_DATA,CHANGE_DATE_3,7,datetime,NULL,NULL,NULL,YES,NULL
dbo,MAC_DATA,MAC_UNIT_PRICE_3,8,decimal,NULL,10,5,YES,NULL
dbo,MAC_DATA,CHANGE_DATE_4,9,datetime,NULL,NULL,NULL,YES,NULL
dbo,MAC_DATA,MAC_UNIT_PRICE_4,10,decimal,NULL,10,5,YES,NULL
dbo,MAC_DATA,CHANGE_DATE_5,11,datetime,NULL,NULL,NULL,YES,NULL
dbo,MAC_DATA,MAC_UNIT_PRICE_5,12,decimal,NULL,10,5,YES,NULL
dbo,MAC_DATA,CHANGE_DATE_6,13,datetime,NULL,NULL,NULL,YES,NULL
dbo,MAC_DATA,MAC_UNIT_PRICE_6,14,decimal,NULL,10,5,YES,NULL
dbo,MAC_DATA,CHANGE_DATE_7,15,datetime,NULL,NULL,NULL,YES,NULL
dbo,MAC_DATA,MAC_UNIT_PRICE_7,16,decimal,NULL,10,5,YES,NULL
dbo,MAC_DATA,CHANGE_DATE_8,17,datetime,NULL,NULL,NULL,YES,NULL
dbo,MAC_DATA,MAC_UNIT_PRICE_8,18,decimal,NULL,10,5,YES,NULL
dbo,MAC_DATA,CHANGE_DATE_9,19,datetime,NULL,NULL,NULL,YES,NULL
dbo,MAC_DATA,MAC_UNIT_PRICE_9,20,decimal,NULL,10,5,YES,NULL
dbo,MAC_DATA,CHANGE_DATE_10,21,datetime,NULL,NULL,NULL,YES,NULL
dbo,MAC_DATA,MAC_UNIT_PRICE_10,22,decimal,NULL,10,5,YES,NULL
dbo,MAC_DATA,TYPE_CODE,23,char,2,NULL,NULL,YES,NULL
dbo,MAC_DATA,NDC,24,decimal,NULL,11,0,YES,NULL
dbo,MAC_DATA,ON_GENERIC_ONLY,25,char,1,NULL,NULL,YES,NULL
dbo,MAC_DATA,PREVAILS_FLAG,26,char,1,NULL,NULL,YES,NULL
dbo,MAC_DATA,MINIMUM_PACK_SIZE,27,decimal,NULL,8,3,YES,NULL
dbo,MAC_DATA,PURGE_STATUS,28,int,NULL,10,0,YES,NULL
dbo,MAC_DATA,WarehouseLoadDate,29,datetime,NULL,NULL,NULL,YES,NULL
dbo,MAC_DATA,WarehouseChangeDate,30,datetime,NULL,NULL,NULL,YES,NULL
dbo,MAC_Factor,TableNumber,1,int,NULL,10,0,NO,NULL
dbo,MAC_Factor,EffectiveDate,2,datetime,NULL,NULL,NULL,NO,NULL
dbo,MAC_Factor,Factor,3,decimal,NULL,18,4,YES,NULL
dbo,MAC_Factor,UCR_THS,4,decimal,NULL,18,2,YES,NULL
dbo,MAC_Factor,Descr1,5,varchar,30,NULL,NULL,YES,NULL
dbo,MAC_Factor,Descr2,6,varchar,30,NULL,NULL,YES,NULL
dbo,MAC_Factor,WarehouseLoadDate,7,datetime,NULL,NULL,NULL,YES,NULL
dbo,MAC_Factor,WarehouseChangeDate,8,datetime,NULL,NULL,NULL,YES,NULL
dbo,MASTER_GROUP_DATA,GROUP_NUMBER,1,float,NULL,53,NULL,NO,NULL
dbo,MASTER_GROUP_DATA,GROUP_NAME,2,varchar,50,NULL,NULL,YES,NULL
dbo,MASTER_GROUP_DATA,SPONSOR_NUMBER,3,int,NULL,10,0,NO,NULL
dbo,MASTER_GROUP_DATA,SPONSOR_NAME,4,varchar,50,NULL,NULL,YES,NULL
dbo,MASTER_GROUP_DATA,SYSTEM_NUMBER,5,int,NULL,10,0,NO,NULL
dbo,MASTER_GROUP_DATA,SYSTEM_NAME,6,varchar,50,NULL,NULL,YES,NULL
dbo,MASTER_GROUP_DATA,SYSTEM_LINK,7,varchar,50,NULL,NULL,YES,NULL
dbo,MASTER_GROUP_DATA,SYS_LINK_DESCRIPTION,8,varchar,50,NULL,NULL,YES,NULL
dbo,MASTER_GROUP_DATA,MASTER_GROUP,9,float,NULL,53,NULL,YES,NULL
dbo,MedcoDIR,"ContractPlan ",1,varchar,50,NULL,NULL,YES,NULL
dbo,MedcoDIR,NDC,2,decimal,NULL,11,0,YES,NULL
dbo,MedcoDIR,RebateDollars,3,float,NULL,53,NULL,YES,NULL
dbo,MedcoDIR,AllOtherDIR,4,float,NULL,53,NULL,YES,NULL
dbo,MedcoDIR,Comments,5,varchar,-1,NULL,NULL,YES,NULL
dbo,MedcoDIR,PDMILoadDate,6,datetime,NULL,NULL,NULL,YES,NULL
dbo,MedcoDIR,PDMISponsor,7,int,NULL,10,0,YES,NULL
dbo,MedcoDIR,DIRYear,8,int,NULL,10,0,YES,NULL
dbo,MedcoDistributionFunds,CARRIER_OPERATIONAL_ID,1,varchar,50,NULL,NULL,YES,NULL
dbo,MedcoDistributionFunds,FILL_DRUG_FORMULARY_ID,2,varchar,50,NULL,NULL,YES,NULL
dbo,MedcoDistributionFunds,CONTRACT_OPERATIONAL_ID,3,varchar,50,NULL,NULL,YES,NULL
dbo,MedcoDistributionFunds,ELIG_GROUP_OPERATIONAL_ID,4,varchar,50,NULL,NULL,YES,NULL
dbo,MedcoDistributionFunds,insurance_cde,5,float,NULL,53,NULL,YES,NULL
dbo,MedcoDistributionFunds,LOCATOR_ID,6,varchar,50,NULL,NULL,YES,NULL
dbo,MedcoDistributionFunds,BRAND_GENERIC_CDE,7,varchar,50,NULL,NULL,YES,NULL
dbo,MedcoDistributionFunds,Service_Qtr,8,varchar,50,NULL,NULL,YES,NULL
dbo,MedcoDistributionFunds,Total_Claims,9,float,NULL,53,NULL,YES,NULL
dbo,MedcoDistributionFunds,Brand_Claims,10,float,NULL,53,NULL,YES,NULL
dbo,MedcoDistributionFunds,Guarantee_Rate,11,float,NULL,53,NULL,YES,NULL
dbo,MedcoDistributionFunds,Admin_Fee,12,float,NULL,53,NULL,YES,NULL
dbo,MedcoDistributionFunds,Total_Guarantee_Amount,13,float,NULL,53,NULL,YES,NULL
dbo,MedcoDistributionFunds,PDMILoadDate,14,datetime,NULL,NULL,NULL,YES,NULL
dbo,MedcoDistributionFunds,Admin_Fee_amount,15,float,NULL,53,NULL,YES,NULL
dbo,MedcoDistributionFunds,PDMIBatchClaim,16,varchar,25,NULL,NULL,YES,NULL
dbo,MedcoDistroLipitor,CARRIER_OPERATIONAL_ID,1,varchar,50,NULL,NULL,YES,NULL
dbo,MedcoDistroLipitor,LOAD_BATCH_NBR,2,varchar,50,NULL,NULL,YES,NULL
dbo,MedcoDistroLipitor,FILL_DRUG_FORMULARY_ID,3,varchar,50,NULL,NULL,YES,NULL
dbo,MedcoDistroLipitor,CONTRACT_OPERATIONAL_ID,4,varchar,50,NULL,NULL,YES,NULL
dbo,MedcoDistroLipitor,ELIG_GROUP_OPERATIONAL_ID,5,varchar,50,NULL,NULL,YES,NULL
dbo,MedcoDistroLipitor,INSURANCE_CDE,6,float,NULL,53,NULL,YES,NULL
dbo,MedcoDistroLipitor,LOCATOR_ID,7,varchar,50,NULL,NULL,YES,NULL
dbo,MedcoDistroLipitor,BRAND_GENERIC_CDE,8,varchar,50,NULL,NULL,YES,NULL
dbo,MedcoDistroLipitor,MAIL_RETAIL_CDE,9,varchar,50,NULL,NULL,YES,NULL
dbo,MedcoDistroLipitor,SERVICED_DTE,10,datetime,NULL,NULL,NULL,YES,NULL
dbo,MedcoDistroLipitor,Total Claims,11,float,NULL,53,NULL,YES,NULL
dbo,MedcoDistroLipitor," Brand Claims ",12,float,NULL,53,NULL,YES,NULL
dbo,MedcoDistroLipitor,Guarantee Rate,13,float,NULL,53,NULL,YES,NULL
dbo,MedcoDistroLipitor,Admin Fee,14,float,NULL,53,NULL,YES,NULL
dbo,MedcoDistroLipitor,Total Guarantee Amount,15,float,NULL,53,NULL,YES,NULL
dbo,MedcoDistroLipitor,PDMIDateofLoad,16,datetime,NULL,NULL,NULL,YES,NULL
dbo,MedcoDistroNoGaurantee,alloc_year,1,varchar,50,NULL,NULL,YES,NULL
dbo,MedcoDistroNoGaurantee,period_nbr,2,varchar,50,NULL,NULL,YES,NULL
dbo,MedcoDistroNoGaurantee,carrier_oper_id,3,varchar,50,NULL,NULL,YES,NULL
dbo,MedcoDistroNoGaurantee,contract_oper_id,4,varchar,50,NULL,NULL,YES,NULL
dbo,MedcoDistroNoGaurantee,dte_run,5,datetime,NULL,NULL,NULL,YES,NULL
dbo,MedcoDistroNoGaurantee,clm_type,6,varchar,50,NULL,NULL,YES,NULL
dbo,MedcoDistroNoGaurantee,insurance_cde,7,float,NULL,53,NULL,YES,NULL
dbo,MedcoDistroNoGaurantee,pass_thru_txt,8,varchar,50,NULL,NULL,YES,NULL
dbo,MedcoDistroNoGaurantee,gross_rebate,9,float,NULL,53,NULL,YES,NULL
dbo,MedcoDistroNoGaurantee,mgt_fee,10,float,NULL,53,NULL,YES,NULL
dbo,MedcoDistroNoGaurantee,net_rebates,11,float,NULL,53,NULL,YES,NULL
dbo,MedcoDistroNoGaurantee,PDMILoadDate,12,datetime,NULL,NULL,NULL,YES,NULL
dbo,MedcoDistroNoGaurantee,PDMCLAIMKEY,13,char,14,NULL,NULL,YES,NULL
dbo,MedcoRebate,RecordCode,1,char,2,NULL,NULL,YES,NULL
dbo,MedcoRebate,Carrier,2,char,4,NULL,NULL,YES,NULL
dbo,MedcoRebate,Contract,3,char,8,NULL,NULL,YES,NULL
dbo,MedcoRebate,GroupID,4,char,15,NULL,NULL,YES,NULL
dbo,MedcoRebate,NDC,5,char,19,NULL,NULL,YES,NULL
dbo,MedcoRebate,ProductQualifier,6,char,2,NULL,NULL,YES,NULL
dbo,MedcoRebate,QuantityDispensed,7,decimal,NULL,18,3,YES,NULL
dbo,MedcoRebate,DateofService,8,datetime,NULL,NULL,NULL,YES,NULL
dbo,MedcoRebate,ProviderID,9,char,15,NULL,NULL,YES,NULL
dbo,MedcoRebate,ProviderIDQualifier,10,char,2,NULL,NULL,YES,NULL
dbo,MedcoRebate,RxNumber,11,bigint,NULL,19,0,YES,NULL
dbo,MedcoRebate,FillNumber,12,int,NULL,10,0,YES,NULL
dbo,MedcoRebate,MemberState,13,char,2,NULL,NULL,YES,NULL
dbo,MedcoRebate,ClaimIndicator,14,char,2,NULL,NULL,YES,NULL
dbo,MedcoRebate,AdjustmentReasonCode,15,char,3,NULL,NULL,YES,NULL
dbo,MedcoRebate,ClaimType,16,char,1,NULL,NULL,YES,NULL
dbo,MedcoRebate,DaysSupply,17,int,NULL,10,0,YES,NULL
dbo,MedcoRebate,MemberLastName,18,varchar,30,NULL,NULL,YES,NULL
dbo,MedcoRebate,PDMIGroupNbr,19,varchar,25,NULL,NULL,YES,NULL
dbo,MedcoRebate,CMSContractNumber,20,varchar,5,NULL,NULL,YES,NULL
dbo,MedcoRebate,PBP,21,varchar,3,NULL,NULL,YES,NULL
dbo,MedcoRebate,LICSIndicator,22,char,1,NULL,NULL,YES,NULL
dbo,MedcoRebate,LOCFormularyID,23,varchar,8,NULL,NULL,YES,NULL
dbo,MedcoRebate,DateReceived,24,datetime,NULL,NULL,NULL,YES,NULL
dbo,MedcoRebate,MediaType,25,char,1,NULL,NULL,YES,NULL
dbo,MedcoRebate,SubmissionCode,26,char,2,NULL,NULL,YES,NULL
dbo,MedcoRebate,MailRetailCode,27,char,1,NULL,NULL,YES,NULL
dbo,MedcoRebate,BrandGeneric,28,char,1,NULL,NULL,YES,NULL
dbo,MedcoRebate,DispenseStatus,29,char,1,NULL,NULL,YES,NULL
dbo,MedcoRebate,CompoundCode,30,char,1,NULL,NULL,YES,NULL
dbo,MedcoRebate,OtherCoverageCode,31,char,2,NULL,NULL,YES,NULL
dbo,MedcoRebate,UnitofMeasure,32,char,2,NULL,NULL,YES,NULL
dbo,MedcoRebate,ExtClaimType,33,char,1,NULL,NULL,YES,NULL
dbo,MedcoRebate,PayPlanID,34,varchar,10,NULL,NULL,YES,NULL
dbo,MedcoRebate,MemberNumber,35,varchar,20,NULL,NULL,YES,NULL
dbo,MedcoRebate,Relationship,36,char,2,NULL,NULL,YES,NULL
dbo,MedcoRebate,EligibilityCode,37,int,NULL,10,0,YES,NULL
dbo,MedcoRebate,PatientBirthDate,38,datetime,NULL,NULL,NULL,YES,NULL
dbo,MedcoRebate,PatientFirstName,39,varchar,25,NULL,NULL,YES,NULL
dbo,MedcoRebate,PatientLastName,40,varchar,25,NULL,NULL,YES,NULL
dbo,MedcoRebate,PatientMiddleInitial,41,char,1,NULL,NULL,YES,NULL
dbo,MedcoRebate,PatientGender,42,char,1,NULL,NULL,YES,NULL
dbo,MedcoRebate,PatientAddress,43,varchar,50,NULL,NULL,YES,NULL
dbo,MedcoRebate,PatientCity,44,varchar,25,NULL,NULL,YES,NULL
dbo,MedcoRebate,PatientState,45,char,2,NULL,NULL,YES,NULL
dbo,MedcoRebate,PatientZip,46,varchar,15,NULL,NULL,YES,NULL
dbo,MedcoRebate,MemberZip,47,varchar,15,NULL,NULL,YES,NULL
dbo,MedcoRebate,PersonNumber,48,char,3,NULL,NULL,YES,NULL
dbo,MedcoRebate,PatientPhone,49,varchar,15,NULL,NULL,YES,NULL
dbo,MedcoRebate,EmployerID,50,varchar,15,NULL,NULL,YES,NULL
dbo,MedcoRebate,PatientIDQualifier,51,char,2,NULL,NULL,YES,NULL
dbo,MedcoRebate,PatientID,52,varchar,20,NULL,NULL,YES,NULL
dbo,MedcoRebate,UnitAWP,53,decimal,NULL,18,4,YES,NULL
dbo,MedcoRebate,TotalAWP,54,decimal,NULL,18,2,YES,NULL
dbo,MedcoRebate,IngredientCost,55,decimal,NULL,18,2,YES,NULL
dbo,MedcoRebate,DispenseFee,56,decimal,NULL,18,2,YES,NULL
dbo,MedcoRebate,TotalPatientPay,57,decimal,NULL,18,2,YES,NULL
dbo,MedcoRebate,Tax,58,decimal,NULL,18,2,YES,NULL
dbo,MedcoRebate,DAW,59,char,1,NULL,NULL,YES,NULL
dbo,MedcoRebate,NetCheckAmount,60,decimal,NULL,18,2,YES,NULL
dbo,MedcoRebate,CheckDate,61,datetime,NULL,NULL,NULL,YES,NULL
dbo,MedcoRebate,DeductApplied,62,decimal,NULL,18,2,YES,NULL
dbo,MedcoRebate,GeoCode,63,varchar,10,NULL,NULL,YES,NULL
dbo,MedcoRebate,TaxRate,64,decimal,NULL,18,4,YES,NULL
dbo,MedcoRebate,DrugNumber,65,varchar,10,NULL,NULL,YES,NULL
dbo,MedcoRebate,CommType1,66,char,1,NULL,NULL,YES,NULL
dbo,MedcoRebate,CommType2,67,char,2,NULL,NULL,YES,NULL
dbo,MedcoRebate,PrescriberID,68,varchar,15,NULL,NULL,YES,NULL
dbo,MedcoRebate,PrescriberIDQualifier,69,char,2,NULL,NULL,YES,NULL
dbo,MedcoRebate,PrescriberLastName,70,varchar,35,NULL,NULL,YES,NULL
dbo,MedcoRebate,PrescriberMiddleName,71,varchar,25,NULL,NULL,YES,NULL
dbo,MedcoRebate,PrescriberFirstName,72,varchar,25,NULL,NULL,YES,NULL
dbo,MedcoRebate,PrescriberSuffix,73,char,4,NULL,NULL,YES,NULL
dbo,MedcoRebate,PrescriberTitle,74,varchar,20,NULL,NULL,YES,NULL
dbo,MedcoRebate,PrescriberAddress1,75,varchar,50,NULL,NULL,YES,NULL
dbo,MedcoRebate,PrescriberAddress2,76,varchar,50,NULL,NULL,YES,NULL
dbo,MedcoRebate,PrescriberAddress3,77,varchar,50,NULL,NULL,YES,NULL
dbo,MedcoRebate,PrescriberCity,78,varchar,30,NULL,NULL,YES,NULL
dbo,MedcoRebate,PrescriberState,79,char,2,NULL,NULL,YES,NULL
dbo,MedcoRebate,PrescriberCountry,80,char,2,NULL,NULL,YES,NULL
dbo,MedcoRebate,PrescriberZip,81,varchar,15,NULL,NULL,YES,NULL
dbo,MedcoRebate,PrescriberPhone,82,varchar,35,NULL,NULL,YES,NULL
dbo,MedcoRebate,PCPID,83,varchar,20,NULL,NULL,YES,NULL
dbo,MedcoRebate,ClinicID,84,varchar,20,NULL,NULL,YES,NULL
dbo,MedcoRebate,PriorAuthorization,85,char,1,NULL,NULL,YES,NULL
dbo,MedcoRebate,PriorAuthorizationType,86,char,2,NULL,NULL,YES,NULL
dbo,MedcoRebate,ExternalClaimNumber,87,varchar,15,NULL,NULL,YES,NULL
dbo,MedcoRebate,NRXGroup,88,char,3,NULL,NULL,YES,NULL
dbo,MedcoRebate,NRXSubGroup,89,char,15,NULL,NULL,YES,NULL
dbo,MedcoRebate,FormularyIndicator,90,char,1,NULL,NULL,YES,NULL
dbo,MedcoRebate,Copay,91,decimal,NULL,18,2,YES,NULL
dbo,MedcoRebate,NCPDPRejectCode,92,varchar,21,NULL,NULL,YES,NULL
dbo,MedcoRebate,INTFormIndicator,93,char,1,NULL,NULL,YES,NULL
dbo,MedcoRebate,INTBrandGeneric,94,char,1,NULL,NULL,YES,NULL
dbo,MedcoRebate,IncentiveAmount,95,decimal,NULL,18,2,YES,NULL
dbo,MedcoRebate,FormularyID,96,char,5,NULL,NULL,YES,NULL
dbo,MedcoRebate,PDMIBatchClaim,97,varchar,25,NULL,NULL,YES,NULL
dbo,MedcoRebate,AlternateMDId,98,varchar,20,NULL,NULL,YES,NULL
dbo,MedcoRebate,MDType,99,char,4,NULL,NULL,YES,NULL
dbo,MedcoRebate,SequenceNumber,100,varchar,10,NULL,NULL,YES,NULL
dbo,MedcoRebate,CompoundType,101,char,2,NULL,NULL,YES,NULL
dbo,MedcoRebate,C223LICSIndicator,102,char,1,NULL,NULL,YES,NULL
dbo,MedcoRebate,DrugCoverageIndicator,103,char,1,NULL,NULL,YES,NULL
dbo,MedcoRebate,TierCode,104,char,1,NULL,NULL,YES,NULL
dbo,MedcoRebate,LineOfBusiness,105,char,1,NULL,NULL,YES,NULL
dbo,MedcoRebate,C228CMSContract,106,char,5,NULL,NULL,YES,NULL
dbo,MedcoRebate,C229PBPNumber,107,char,3,NULL,NULL,YES,NULL
dbo,MedcoRebate,ExpandedInternalID,108,varchar,20,NULL,NULL,YES,NULL
dbo,MedcoRebate,NewPassThrough,109,varchar,60,NULL,NULL,YES,NULL
dbo,MedcoRebate,MEDDStartStage,110,char,2,NULL,NULL,YES,NULL
dbo,MedcoRebate,MEDDEndStage,111,char,2,NULL,NULL,YES,NULL
dbo,MedcoRebate,DrugSpendDedStage,112,decimal,NULL,18,2,YES,NULL
dbo,MedcoRebate,DrugSpendIntStage,113,decimal,NULL,18,2,YES,NULL
dbo,MedcoRebate,DrugSpendGapStage,114,decimal,NULL,18,2,YES,NULL
dbo,MedcoRebate,DrugSpendCatStage,115,decimal,NULL,18,2,YES,NULL
dbo,MedcoRebate,CopayDifferential,116,char,1,NULL,NULL,YES,NULL
dbo,MedcoRebate,MACIndentifier,117,char,1,NULL,NULL,YES,NULL
dbo,MedcoRebate,MedicaidIndicator,118,char,1,NULL,NULL,YES,NULL
dbo,MedcoRebate,PDMIDateofLoad,119,datetime,NULL,NULL,NULL,YES,NULL
dbo,MedcoRebate,DataOrigination,120,varchar,150,NULL,NULL,YES,NULL
dbo,MedcoRebate,ProcessDate,121,datetime,NULL,NULL,NULL,YES,NULL
dbo,MedcoRebate,ClaimCounter,122,int,NULL,10,0,YES,NULL
dbo,MedcoRebate,RebateClaimType,123,varchar,10,NULL,NULL,YES,NULL
dbo,MedcoRebateClaimKeyAggregate,PDMIBatchClaim,1,varchar,14,NULL,NULL,YES,NULL
dbo,MedcoRebateClaimKeyAggregate,Brand_Claims,2,int,NULL,10,0,YES,NULL
dbo,MedcoRebateClaimKeyAggregate,Total_Claims,3,int,NULL,10,0,YES,NULL
dbo,MedcoRebateClaimKeyAggregate,Total_Guarantee_Amount,4,money,NULL,19,4,YES,NULL
dbo,MedcoRebateClaimKeyAggregate,GuaranteeRate,5,money,NULL,19,4,YES,NULL
dbo,MedcoRebateSystemFees,SystemLink,1,varchar,10,NULL,NULL,YES,NULL
dbo,MedcoRebateSystemFees,SystemNumber,2,int,NULL,10,0,YES,NULL
dbo,MedcoRebateSystemFees,PDMIFee,3,decimal,NULL,10,3,YES,NULL
dbo,MedcoRebateSystemFees,PDMIPercent,4,decimal,NULL,6,4,YES,NULL
dbo,MedcoRebateSystemFees,PHFee,5,decimal,NULL,10,4,YES,NULL
dbo,MedcoRebateSystemFees_2015,SystemLink,1,varchar,10,NULL,NULL,YES,NULL
dbo,MedcoRebateSystemFees_2015,SystemNumber,2,int,NULL,10,0,YES,NULL
dbo,MedcoRebateSystemFees_2015,PDMIFee,3,decimal,NULL,10,3,YES,NULL
dbo,MedcoRebateSystemFees_2015,PDMIPercent,4,decimal,NULL,6,4,YES,NULL
dbo,MedcoRebateSystemFees_2015,PHFee,5,decimal,NULL,10,4,YES,NULL
dbo,MedcoRebateSystemFees_2016,SystemLink,1,varchar,10,NULL,NULL,YES,NULL
dbo,MedcoRebateSystemFees_2016,SystemNumber,2,int,NULL,10,0,YES,NULL
dbo,MedcoRebateSystemFees_2016,PDMIFee,3,decimal,NULL,10,3,YES,NULL
dbo,MedcoRebateSystemFees_2016,PDMIPercent,4,decimal,NULL,6,4,YES,NULL
dbo,MedcoRebateSystemFees_2016,PHFee,5,decimal,NULL,10,4,YES,NULL
dbo,MedcoTrueUp,alloc_year,1,varchar,50,NULL,NULL,YES,NULL
dbo,MedcoTrueUp,period_nbr,2,varchar,50,NULL,NULL,YES,NULL
dbo,MedcoTrueUp,carrier_oper_id,3,varchar,50,NULL,NULL,YES,NULL
dbo,MedcoTrueUp,contract_oper_id,4,varchar,50,NULL,NULL,YES,NULL
dbo,MedcoTrueUp,group_oper_id,5,varchar,50,NULL,NULL,YES,NULL
dbo,MedcoTrueUp,pass_thru_txt,6,varchar,50,NULL,NULL,YES,NULL
dbo,MedcoTrueUp,net_rebate,7,float,NULL,53,NULL,YES,NULL
dbo,MedcoTrueUp,PDMILoadDate,8,datetime,NULL,NULL,NULL,YES,NULL
dbo,MEDNAME,Drug_Descriptor_Identifier,1,varchar,6,NULL,NULL,NO,NULL
dbo,MEDNAME,Drug_Name,2,char,30,NULL,NULL,YES,NULL
dbo,MEDNAME,Route_of_Administration,3,char,2,NULL,NULL,YES,NULL
dbo,MEDNAME,Dosage_Form,4,char,4,NULL,NULL,YES,NULL
dbo,MEDNAME,Strength,5,char,15,NULL,NULL,YES,NULL
dbo,MEDNAME,Strength_Unit_of_Measure,6,char,10,NULL,NULL,YES,NULL
dbo,MEDNAME,Bioequivalence_Code,7,char,1,NULL,NULL,YES,NULL
dbo,MEDNAME,Controlled_Substance_Code,8,char,1,NULL,NULL,YES,NULL
dbo,MEDNAME,Efficacy_Code,9,char,1,NULL,NULL,YES,NULL
dbo,MEDNAME,Legend_Indicator_Code,10,char,1,NULL,NULL,YES,NULL
dbo,MEDNAME,Generic_Code,11,char,1,NULL,NULL,YES,NULL
dbo,MEDNAME,Brand_Name_Code,12,char,1,NULL,NULL,YES,NULL
dbo,MEDNAME,Name_Source_Code,13,char,1,NULL,NULL,YES,NULL
dbo,MEDNAME,Generic_Product_Identifier,14,char,14,NULL,NULL,YES,NULL
dbo,MEDNAME,Knowledge_Base_Drug_Code,15,decimal,NULL,10,0,YES,NULL
dbo,MEDNAME,New_Drug_Descriptor_Identifier,16,varchar,6,NULL,NULL,YES,NULL
dbo,MEDNAME,Screenable_Flag,17,char,1,NULL,NULL,YES,NULL
dbo,MEDNAME,Knowledge_Base_Drug_Code_Flag,18,char,1,NULL,NULL,YES,NULL
dbo,MEDNAME,Reserve,19,char,13,NULL,NULL,YES,NULL
dbo,MEDNAME,Transaction_Code,20,char,1,NULL,NULL,YES,NULL
dbo,MEDNAME,Last_Change_Date,21,datetime,NULL,NULL,NULL,YES,NULL
dbo,MEDNAME,WarehouseLoadDate,22,datetime,NULL,NULL,NULL,YES,NULL
dbo,MEDNAME,WarehouseChangeDate,23,datetime,NULL,NULL,NULL,YES,NULL
dbo,MEDNDC,NDC_UPC_HRI,1,decimal,NULL,11,0,NO,NULL
dbo,MEDNDC,Drug_Descriptor_Identifier,2,varchar,6,NULL,NULL,YES,NULL
dbo,MEDNDC,TEE_Code,3,char,2,NULL,NULL,YES,NULL
dbo,MEDNDC,DEA_Class_Code,4,char,1,NULL,NULL,YES,NULL
dbo,MEDNDC,DESI_Code,5,char,1,NULL,NULL,YES,NULL
dbo,MEDNDC,RX_OTC_Indicator_Code,6,char,1,NULL,NULL,YES,NULL
dbo,MEDNDC,Generic_Product_Packaging_Code,7,char,8,NULL,NULL,YES,NULL
dbo,MEDNDC,Old_NDC_UPC_HRI,8,decimal,NULL,11,0,YES,NULL
dbo,MEDNDC,New_NDC_UPD_HRI,9,decimal,NULL,11,0,YES,NULL
dbo,MEDNDC,Repackage_Code,10,char,1,NULL,NULL,YES,NULL
dbo,MEDNDC,ID_Number_Format_Code,11,char,1,NULL,NULL,YES,NULL
dbo,MEDNDC,Third_Party_Restriction_Code,12,char,1,NULL,NULL,YES,NULL
dbo,MEDNDC,Knowledge_Base_Drug_Code,13,decimal,NULL,10,0,YES,NULL
dbo,MEDNDC,Knowledge_Base_Drug_Code_Flag,14,char,1,NULL,NULL,YES,NULL
dbo,MEDNDC,Labeler_Code,15,varchar,5,NULL,NULL,YES,NULL
dbo,MEDNDC,Multi_Source_Code,16,char,1,NULL,NULL,YES,NULL
dbo,MEDNDC,Name_Type_Code,17,char,1,NULL,NULL,YES,NULL
dbo,MEDNDC,Item_Status_Flag,18,char,1,NULL,NULL,YES,NULL
dbo,MEDNDC,Innerpack_Code,19,char,1,NULL,NULL,YES,NULL
dbo,MEDNDC,Clinic_Pack_Code,20,char,1,NULL,NULL,YES,NULL
dbo,MEDNDC,Reimbursement_Indicator,21,char,1,NULL,NULL,YES,NULL
dbo,MEDNDC,Pricing_Spread_Code,22,char,1,NULL,NULL,YES,NULL
dbo,MEDNDC,Reserve,23,char,41,NULL,NULL,YES,NULL
dbo,MEDNDC,Transaction_Code,24,char,1,NULL,NULL,YES,NULL
dbo,MEDNDC,Last_Change_Date,25,datetime,NULL,NULL,NULL,YES,NULL
dbo,MEDNDC,WarehouseLoadDate,26,datetime,NULL,NULL,NULL,YES,NULL
dbo,MEDNDC,WarehouseChangeDate,27,datetime,NULL,NULL,NULL,YES,NULL
dbo,MedSubClaims,CLAIM_KEY,1,char,14,NULL,NULL,NO,NULL
dbo,MedSubClaims,BATCH_NUMBER,2,char,8,NULL,NULL,YES,NULL
dbo,MedSubClaims,CLAIM_NUMBER,3,int,NULL,10,0,YES,NULL
dbo,MedSubClaims,CLAIM_TYPE,4,int,NULL,10,0,YES,NULL
dbo,MedSubClaims,PAYMENT_DIR,5,int,NULL,10,0,YES,NULL
dbo,MedSubClaims,CARDHOLDER_NUMBER,6,char,10,NULL,NULL,YES,NULL
dbo,MedSubClaims,MEMBER_NUMBER,7,char,2,NULL,NULL,YES,NULL
dbo,MedSubClaims,PHARMACY_NUMBER,8,int,NULL,10,0,YES,NULL
dbo,MedSubClaims,NETWORK_KEY,9,char,16,NULL,NULL,YES,NULL
dbo,MedSubClaims,CHAIN_NUMBER,10,int,NULL,10,0,YES,NULL
dbo,MedSubClaims,REJECT_CODE_1,11,int,NULL,10,0,YES,NULL
dbo,MedSubClaims,REJECT_CODE_2,12,int,NULL,10,0,YES,NULL
dbo,MedSubClaims,PROCESS_DATE,13,datetime,NULL,NULL,NULL,YES,NULL
dbo,MedSubClaims,RX_NUMBER,14,bigint,NULL,19,0,YES,NULL
dbo,MedSubClaims,RX_DATE,15,datetime,NULL,NULL,NULL,YES,NULL
dbo,MedSubClaims,RX_TIME,16,datetime,NULL,NULL,NULL,YES,NULL
dbo,MedSubClaims,NEW_REFILL,17,char,1,NULL,NULL,YES,NULL
dbo,MedSubClaims,GENERIC_CODE,18,char,1,NULL,NULL,YES,NULL
dbo,MedSubClaims,DRUG_PREF_IND,19,char,2,NULL,NULL,YES,NULL
dbo,MedSubClaims,METRIC_QUANTITY,20,decimal,NULL,18,3,YES,NULL
dbo,MedSubClaims,DAYS_SUPPLY,21,int,NULL,10,0,YES,NULL
dbo,MedSubClaims,ING_BILLED,22,decimal,NULL,18,2,YES,NULL
dbo,MedSubClaims,ING_PAID,23,decimal,NULL,18,2,YES,NULL
dbo,MedSubClaims,DISP_FEE,24,decimal,NULL,18,2,YES,NULL
dbo,MedSubClaims,COPAY,25,decimal,NULL,18,2,YES,NULL
dbo,MedSubClaims,TAX,26,decimal,NULL,18,2,YES,NULL
dbo,MedSubClaims,ADMIN_FEE,27,decimal,NULL,18,2,YES,NULL
dbo,MedSubClaims,AMOUNT_PAID,28,decimal,NULL,18,2,YES,NULL
dbo,MedSubClaims,UCR_AMOUNT,29,decimal,NULL,18,2,YES,NULL
dbo,MedSubClaims,AWP_PROCESSED,30,decimal,NULL,18,5,YES,NULL
dbo,MedSubClaims,GENERIC_SAVINGS,31,decimal,NULL,18,2,YES,NULL
dbo,MedSubClaims,MEMBER_BIRTH,32,datetime,NULL,NULL,NULL,YES,NULL
dbo,MedSubClaims,SEX,33,char,1,NULL,NULL,YES,NULL
dbo,MedSubClaims,CARDHOLDER_KEY,34,char,20,NULL,NULL,YES,NULL
dbo,MedSubClaims,PHYSICIAN_KEY,35,char,14,NULL,NULL,YES,NULL
dbo,MedSubClaims,DIAGNOSIS_CODE,36,char,6,NULL,NULL,YES,NULL
dbo,MedSubClaims,GROUP_NUMBER,37,float,NULL,53,NULL,YES,NULL
dbo,MedSubClaims,DRUG_KEY,38,char,15,NULL,NULL,YES,NULL
dbo,MedSubClaims,GPI,39,char,14,NULL,NULL,YES,NULL
dbo,MedSubClaims,NDC_TYPE_CODE,40,int,NULL,10,0,YES,NULL
dbo,MedSubClaims,NDC,41,decimal,NULL,11,0,YES,NULL
dbo,MedSubClaims,MAIN_DRUG,42,char,1,NULL,NULL,YES,NULL
dbo,MedSubClaims,BENEFIT_KEY,43,char,24,NULL,NULL,YES,NULL
dbo,MedSubClaims,COPAY_KEY,44,char,12,NULL,NULL,YES,NULL
dbo,MedSubClaims,COPAY_TABLE,45,int,NULL,10,0,YES,NULL
dbo,MedSubClaims,DISPENSE_TABLE,46,int,NULL,10,0,YES,NULL
dbo,MedSubClaims,MAC_NUMBER,47,int,NULL,10,0,YES,NULL
dbo,MedSubClaims,DAW_INDICATOR,48,char,1,NULL,NULL,YES,NULL
dbo,MedSubClaims,COMPOUND_CODE,49,int,NULL,10,0,YES,NULL
dbo,MedSubClaims,THIRD_PARTY_CODE,50,char,1,NULL,NULL,YES,NULL
dbo,MedSubClaims,RX_OTC,51,char,1,NULL,NULL,YES,NULL
dbo,MedSubClaims,ADJUSTMENT_CODE_2,52,int,NULL,10,0,YES,NULL
dbo,MedSubClaims,GENERIC_TABLE,53,int,NULL,10,0,YES,NULL
dbo,MedSubClaims,REIMB_RATE_TABLE,54,int,NULL,10,0,YES,NULL
dbo,MedSubClaims,MAIL_ORDER_FLAG,55,char,1,NULL,NULL,YES,NULL
dbo,MedSubClaims,LINE_NUMBER,56,int,NULL,10,0,YES,NULL
dbo,MedSubClaims,CLAIMS_COUNTER,57,int,NULL,10,0,YES,NULL
dbo,MedSubClaims,CURRENT_CLAIM_INDICATOR,58,char,1,NULL,NULL,YES,NULL
dbo,MedSubClaims,PERIOD_ENDING,59,datetime,NULL,NULL,NULL,YES,NULL
dbo,MedSubClaims,PAID_DATE,60,datetime,NULL,NULL,NULL,YES,NULL
dbo,MedSubClaims,PRICE_INDICATOR,61,char,1,NULL,NULL,YES,NULL
dbo,MedSubClaims,ADJUSTMENT_CODE,62,int,NULL,10,0,YES,NULL
dbo,MedSubClaims,NETWORK_NUMBER,63,int,NULL,10,0,YES,NULL
dbo,MedSubClaims,STEP_THERAPY_NUMBER,64,int,NULL,10,0,YES,NULL
dbo,MedSubClaims,PCP_NUMBER,65,char,14,NULL,NULL,YES,NULL
dbo,MedSubClaims,DATE_KEY,66,char,14,NULL,NULL,YES,NULL
dbo,MedSubClaims,EXCEPTION_01,67,int,NULL,10,0,YES,NULL
dbo,MedSubClaims,OVERRIDE_1,68,int,NULL,10,0,YES,NULL
dbo,MedSubClaims,REL_CODE,69,char,2,NULL,NULL,YES,NULL
dbo,MedSubClaims,SKIP_LIMIT_FLAG,70,int,NULL,10,0,YES,NULL
dbo,MedSubClaims,EXCEPTION_02,71,int,NULL,10,0,YES,NULL
dbo,MedSubClaims,EXCEPTION_03,72,int,NULL,10,0,YES,NULL
dbo,MedSubClaims,EXCEPTION_04,73,int,NULL,10,0,YES,NULL
dbo,MedSubClaims,EXCEPTION_05,74,int,NULL,10,0,YES,NULL
dbo,MedSubClaims,EXCEPTION_06,75,int,NULL,10,0,YES,NULL
dbo,MedSubClaims,EXCEPTION_07,76,int,NULL,10,0,YES,NULL
dbo,MedSubClaims,EXCEPTION_08,77,int,NULL,10,0,YES,NULL
dbo,MedSubClaims,EXCEPTION_09,78,int,NULL,10,0,YES,NULL
dbo,MedSubClaims,EXCEPTION_10,79,int,NULL,10,0,YES,NULL
dbo,MedSubClaims,EXCEPTION_11,80,int,NULL,10,0,YES,NULL
dbo,MedSubClaims,EXCEPTION_12,81,int,NULL,10,0,YES,NULL
dbo,MedSubClaims,EXCEPTION_13,82,int,NULL,10,0,YES,NULL
dbo,MedSubClaims,EXCEPTION_14,83,int,NULL,10,0,YES,NULL
dbo,MedSubClaims,EXCEPTION_15,84,int,NULL,10,0,YES,NULL
dbo,MedSubClaims,EXCEPTION_16,85,int,NULL,10,0,YES,NULL
dbo,MedSubClaims,EXCEPTION_17,86,int,NULL,10,0,YES,NULL
dbo,MedSubClaims,EXCEPTION_18,87,int,NULL,10,0,YES,NULL
dbo,MedSubClaims,EXCEPTION_19,88,int,NULL,10,0,YES,NULL
dbo,MedSubClaims,EXCEPTION_20,89,int,NULL,10,0,YES,NULL
dbo,MedSubClaims,OVERRIDE_2,90,int,NULL,10,0,YES,NULL
dbo,MedSubClaims,OVERRIDE_3,91,int,NULL,10,0,YES,NULL
dbo,MedSubClaims,OVERRIDE_4,92,int,NULL,10,0,YES,NULL
dbo,MedSubClaims,OVERRIDE_5,93,int,NULL,10,0,YES,NULL
dbo,MedSubClaims,OVERRIDE_6,94,int,NULL,10,0,YES,NULL
dbo,MedSubClaims,OVERRIDE_7,95,int,NULL,10,0,YES,NULL
dbo,MedSubClaims,OVERRIDE_8,96,int,NULL,10,0,YES,NULL
dbo,MedSubClaims,OVERRIDE_9,97,int,NULL,10,0,YES,NULL
dbo,MedSubClaims,OVERRIDE_10,98,int,NULL,10,0,YES,NULL
dbo,MedSubClaims,FORM_GT,99,int,NULL,10,0,YES,NULL
dbo,MedSubClaims,MAINT_GT,100,int,NULL,10,0,YES,NULL
dbo,MedSubClaims,PHYSICIAN_KEY2,101,char,18,NULL,NULL,YES,NULL
dbo,MedSubClaims,ADJ_CODE_1,102,int,NULL,10,0,YES,NULL
dbo,MedSubClaims,ADJ_CODE_INFO,103,int,NULL,10,0,YES,NULL
dbo,MedSubClaims,COVERAGE_TYPE,104,char,1,NULL,NULL,YES,NULL
dbo,MedSubClaims,ORIG_RX_DATE,105,char,8,NULL,NULL,YES,NULL
dbo,MedSubClaims,REFILLS_AUTH,106,int,NULL,10,0,YES,NULL
dbo,MedSubClaims,REFILL_COUNT_NUM,107,int,NULL,10,0,YES,NULL
dbo,MedSubClaims,REVERSAL_CODE,108,int,NULL,10,0,YES,NULL
dbo,MedSubClaims,SYS_NUMBER,109,int,NULL,10,0,YES,NULL
dbo,MedSubClaims,SPONSOR_NUMBER,110,int,NULL,10,0,YES,NULL
dbo,MedSubClaims,UPD_CODE,111,int,NULL,10,0,YES,NULL
dbo,MedSubClaims,PHO_NUMBER,112,char,14,NULL,NULL,YES,NULL
dbo,MedSubClaims,CLAIM_CNTY,113,char,2,NULL,NULL,YES,NULL
dbo,MedSubClaims,MEMBER_FIRST_NAME,114,char,15,NULL,NULL,YES,NULL
dbo,MedSubClaims,MEMBER_MIDDLE_INITIAL,115,char,1,NULL,NULL,YES,NULL
dbo,MedSubClaims,MEMBER_LAST_NAME,116,char,20,NULL,NULL,YES,NULL
dbo,MedSubClaims,VERSION_NUMBER,117,char,1,NULL,NULL,YES,NULL
dbo,MedSubClaims,AWP_100_PERCENT,118,decimal,NULL,18,2,YES,NULL
dbo,MedSubClaims,DIFF_ING_PAID,119,decimal,NULL,18,2,YES,NULL
dbo,MedSubClaims,DIFF_DISP_FEE,120,decimal,NULL,18,2,YES,NULL
dbo,MedSubClaims,DIFF_TABLE_NUMBER,121,int,NULL,10,0,YES,NULL
dbo,MedSubClaims,MAC_REFERENCE_PRICE,122,decimal,NULL,18,2,YES,NULL
dbo,MedSubClaims,CONTRACT_RATE_PRICE,123,decimal,NULL,18,2,YES,NULL
dbo,MedSubClaims,ORDER_NUMBER,124,char,20,NULL,NULL,YES,NULL
dbo,MedSubClaims,DISPENSING_STATUS,125,char,1,NULL,NULL,YES,NULL
dbo,MedSubClaims,ASSOC_RX_DATE,126,datetime,NULL,NULL,NULL,YES,NULL
dbo,MedSubClaims,ASSOC_RX_NUMBER,127,bigint,NULL,19,0,YES,NULL
dbo,MedSubClaims,INTENDED_DAYS_SUPPLY,128,int,NULL,10,0,YES,NULL
dbo,MedSubClaims,PARTIAL_ING_COST_PAID,129,decimal,NULL,18,2,YES,NULL
dbo,MedSubClaims,INTENDED_MET_QTY,130,decimal,NULL,18,3,YES,NULL
dbo,MedSubClaims,TA_AMOUNT,131,decimal,NULL,18,2,YES,NULL
dbo,MedSubClaims,OTHER_COVERAGE_CODE,132,int,NULL,10,0,YES,NULL
dbo,MedSubClaims,OTHER_PAYOR_AMOUNT,133,decimal,NULL,18,2,YES,NULL
dbo,MedSubClaims,DATE_OF_INJURY,134,datetime,NULL,NULL,NULL,YES,NULL
dbo,MedSubClaims,INDEP_CODE,135,int,NULL,10,0,YES,NULL
dbo,MedSubClaims,PENALTY_AMOUNT,136,decimal,NULL,18,2,YES,NULL
dbo,MedSubClaims,PATIENT_LAST_NAME,137,char,20,NULL,NULL,YES,NULL
dbo,MedSubClaims,PATIENT_MIDDLE_INITIAL,138,char,1,NULL,NULL,YES,NULL
dbo,MedSubClaims,PATIENT_FIRST_NAME,139,char,15,NULL,NULL,YES,NULL
dbo,MedSubClaims,SUB_CLARIFICATION_CODE1,140,int,NULL,10,0,YES,NULL
dbo,MedSubClaims,SUB_CLARIFICATION_CODE2,141,int,NULL,10,0,YES,NULL
dbo,MedSubClaims,SUB_CLARIFICATION_CODE3,142,int,NULL,10,0,YES,NULL
dbo,MedSubClaims,PA_MC_CODE_AND_NUMBER,143,decimal,NULL,12,0,YES,NULL
dbo,MedSubClaims,LEVEL_OF_SERVICE,144,int,NULL,10,0,YES,NULL
dbo,MedSubClaims,MAX_AMT,145,decimal,NULL,18,2,YES,NULL
dbo,MedSubClaims,DEDUCT_AMT,146,decimal,NULL,18,2,YES,NULL
dbo,MedSubClaims,DMR_NABP,147,int,NULL,10,0,YES,NULL
dbo,MedSubClaims,OTHER_PAYER_ORDER,148,int,NULL,10,0,YES,NULL
dbo,MedSubClaims,NONLICS_DEDUCT_AMT,149,decimal,NULL,18,2,YES,NULL
dbo,MedSubClaims,STANDARD_DEDUCT_AMT,150,decimal,NULL,18,2,YES,NULL
dbo,MedSubClaims,SPECIAL_DEDUCT_AMT,151,decimal,NULL,18,2,YES,NULL
dbo,MedSubClaims,TEAM_MEMBER,152,char,4,NULL,NULL,YES,NULL
dbo,MedSubClaims,NPI_NUMBER,153,char,10,NULL,NULL,YES,NULL
dbo,MedSubClaims,CARD_SEQ_NUMBER,154,int,NULL,10,0,YES,NULL
dbo,MedSubClaims,PURGE_STATUS,155,int,NULL,10,0,YES,NULL
dbo,MedSubClaims,DATA_ERROR_MESSAGE,156,varchar,150,NULL,NULL,YES,NULL
dbo,MedSubClaims,PCN,157,char,10,NULL,NULL,YES,NULL
dbo,MedSubClaims,BIN_NUMBER,158,int,NULL,10,0,YES,NULL
dbo,MedSubClaims,EFT_PAYMENT,159,char,1,NULL,NULL,YES,NULL
dbo,MedSubClaims,MEDD_GAP_DISCOUNT,160,decimal,NULL,18,2,YES,NULL
dbo,MedSubClaims,MEDD_BEG_PHASE,161,char,1,NULL,NULL,YES,NULL
dbo,MedSubClaims,MEDD_END_PHASE,162,char,1,NULL,NULL,YES,NULL
dbo,MedSubClaims,RXNUMBER_LENGTH,163,int,NULL,10,0,YES,NULL
dbo,MedSubClaims,PATIENT_PAID_AMOUNT,164,decimal,NULL,18,2,YES,NULL
dbo,MedSubClaims,SUB_CLARIFICATION_COUNT,165,int,NULL,10,0,YES,NULL
dbo,MedSubClaims,OTHER_PAYER_BIN,166,int,NULL,10,0,YES,NULL
dbo,MedSubClaims,TRANS_REF_NUMBER,167,char,10,NULL,NULL,YES,NULL
dbo,MedSubClaims,OTHER_PAYER_PCN,168,char,14,NULL,NULL,YES,NULL
dbo,MedSubClaims,OTHER_PAYER_GROUP,169,char,14,NULL,NULL,YES,NULL
dbo,MedSubClaims,SOJ,170,char,2,NULL,NULL,YES,NULL
dbo,MedSubClaims,OTHER_PAYER_CARDHOLDER,171,char,20,NULL,NULL,YES,NULL
dbo,MedSubClaims,COMPOUND_DOSAGE_DESCRIPTION_CODE,172,char,2,NULL,NULL,YES,NULL
dbo,MedSubClaims,COMPOUND_DISPENSING_ID,173,char,1,NULL,NULL,YES,NULL
dbo,MedSubClaims,COMPOUND_COUNT,174,int,NULL,10,0,YES,NULL
dbo,MedSubClaims,AMT_APPLIED_PERIOD_DEDUCT,175,decimal,NULL,18,2,YES,NULL
dbo,MedSubClaims,AMT_EXCEED_PERIOD_BENEFIT,176,decimal,NULL,18,2,YES,NULL
dbo,MedSubClaims,AMT_COPAY,177,decimal,NULL,18,2,YES,NULL
dbo,MedSubClaims,AMT_COINSURANCE,178,decimal,NULL,18,2,YES,NULL
dbo,MedSubClaims,AMT_ATTR_PROCESSOR_FEE,179,decimal,NULL,18,2,YES,NULL
dbo,MedSubClaims,AMT_ATTR_SALES_TAX,180,decimal,NULL,18,2,YES,NULL
dbo,MedSubClaims,AMT_ATTR_PROVIDER_NET_SELECT,181,decimal,NULL,18,2,YES,NULL
dbo,MedSubClaims,AMT_ATTR_PROD_SEL_BRAND,182,decimal,NULL,18,2,YES,NULL
dbo,MedSubClaims,AMT_ATTR_PROD_SEL_NON_PF,183,decimal,NULL,18,2,YES,NULL
dbo,MedSubClaims,AMT_ATTR_PROD_SEL_BRD_NON_PF,184,decimal,NULL,18,2,YES,NULL
dbo,MedSubClaims,HEALTH_PLAN_FUNDED_ASSIST_AMT,185,decimal,NULL,18,2,YES,NULL
dbo,MedSubClaims,GROSS_AMOUNT_DUE,186,decimal,NULL,18,2,YES,NULL
dbo,MedSubClaims,INCENTIVE_AMOUNT_SUB,187,decimal,NULL,18,2,YES,NULL
dbo,MedSubClaims,DISPENSING_FEE_SUB,188,decimal,NULL,18,2,YES,NULL
dbo,MedSubClaims,OTHER_AMOUNT_CLAIMED_SUB,189,decimal,NULL,18,2,YES,NULL
dbo,MedSubClaims,FLAT_SALES_TAX_AMOUNT_SUB,190,decimal,NULL,18,2,YES,NULL
dbo,MedSubClaims,PCT_SALES_TAX_AMOUNT_SUB,191,decimal,NULL,18,2,YES,NULL
dbo,MedSubClaims,PCT_SALES_TAX_RATE_SUB,192,decimal,NULL,18,4,YES,NULL
dbo,MedSubClaims,MEDICAID_SUBROGATION,193,char,20,NULL,NULL,YES,NULL
dbo,MedSubClaims,MEDICAID_PAID_AMT,194,decimal,NULL,18,2,YES,NULL
dbo,MedSubClaims,PHARMACY_SERVICE_TYPE,195,int,NULL,10,0,YES,NULL
dbo,MedSubClaims,PHARMACIST_LICENSE,196,varchar,50,NULL,NULL,YES,NULL
dbo,MedSubClaims,SEQUENCE_NUMBER,197,varbinary,20,NULL,NULL,YES,NULL
dbo,MedSubClaims,UID,198,varchar,36,NULL,NULL,YES,NULL
dbo,MedSubClaims,NABP_7,199,varchar,7,NULL,NULL,YES,NULL
dbo,MedSubClaims,PREFERRED_STATUS,200,char,1,NULL,NULL,YES,NULL
dbo,MedSubClaims,RX_ORIGIN_CODE,201,int,NULL,10,0,YES,NULL
dbo,MedSubClaims,CUSTOMER_LOCATION,202,int,NULL,10,0,YES,NULL
dbo,MedSubClaims,ELIGIBILITY_CLARIFICATION_CODE,203,int,NULL,10,0,YES,NULL
dbo,MedSubClaims,PRIMARY_PRESCRIBER,204,char,10,NULL,NULL,YES,NULL
dbo,MedSubClaims,BASIS_OF_COST_DETERMINATION,205,char,2,NULL,NULL,YES,NULL
dbo,MedSubClaims,DOCUMENT_NUMBER,206,int,NULL,10,0,YES,NULL
dbo,MedSubClaims,TIME,207,time,NULL,NULL,NULL,YES,NULL
dbo,MedSubClaims,PROCESSOR_CONTROL_FLAG,208,char,1,NULL,NULL,YES,NULL
dbo,MedSubClaims,DMR_REIMBURSEMENT_PAYMENT_TYPE,209,int,NULL,10,0,YES,NULL
dbo,MedSubClaims,PHARMACY_OPTION,210,char,1,NULL,NULL,YES,NULL
dbo,MedSubClaims,PHARMACY_NAME,211,char,30,NULL,NULL,YES,NULL
dbo,MedSubClaims,PRODUCT_DESCRIPTION_ABBREVIATION,212,char,25,NULL,NULL,YES,NULL
dbo,MedSubClaims,ALT_CARDHOLDER_NUMBER,213,char,13,NULL,NULL,YES,NULL
dbo,MedSubClaims,ALT_GROUP_NUMBER,214,char,12,NULL,NULL,YES,NULL
dbo,MedSubClaims,THERA_CLASS,215,int,NULL,10,0,YES,NULL
dbo,MedSubClaims,RX_OTC_CLASS,216,char,1,NULL,NULL,YES,NULL
dbo,MedSubClaims,BATCH_DATE,217,datetime,NULL,NULL,NULL,YES,NULL
dbo,MedSubClaims,BENEFIT_CODE,218,char,16,NULL,NULL,YES,NULL
dbo,MedSubClaims,CLAIM_INDICATOR,219,char,1,NULL,NULL,YES,NULL
dbo,MedSubClaims,RX_DATE_JULIAN,220,int,NULL,10,0,YES,NULL
dbo,MedSubClaims,BATCH_DATE_JULIAN,221,int,NULL,10,0,YES,NULL
dbo,MedSubClaims,COUNTY,222,char,2,NULL,NULL,YES,NULL
dbo,MedSubClaims,SEQUENCENUMBER,223,varchar,20,NULL,NULL,YES,NULL
dbo,MedSubClaims,PHYSICIAN_NUMBER_X,224,varchar,50,NULL,NULL,YES,NULL
dbo,MedSubClaims,CMS_PART_D_FACILITY,225,varchar,1,NULL,NULL,YES,NULL
dbo,MedSubClaims,APPROVED_MSG_CODE,226,varchar,3,NULL,NULL,YES,NULL
dbo,MedSubClaims,TIME_HHMM,227,varchar,4,NULL,NULL,YES,NULL
dbo,MedSubClaims,RESTACK_BATCH,228,char,8,NULL,NULL,YES,NULL
dbo,MedSubClaims,RESTACK_CLAIM,229,int,NULL,10,0,YES,NULL
dbo,MedSubClaims,VARIABLE_MAC_FACTOR_RATE,230,decimal,NULL,18,5,YES,NULL
dbo,MedSubClaims,PATIENT_RESIDENCY,231,char,2,NULL,NULL,YES,NULL
dbo,MedSubClaims,SPECIAL_PACKAGING_IND,232,char,1,NULL,NULL,YES,NULL
dbo,MedSubClaims,PROF_SERVICE_CODE_1,233,char,2,NULL,NULL,YES,NULL
dbo,MedSubClaims,PROF_SERVICE_CODE_2,234,char,2,NULL,NULL,YES,NULL
dbo,MedSubClaims,PROF_SERVICE_CODE_3,235,char,2,NULL,NULL,YES,NULL
dbo,MedSubClaims,DUR_PPS_LVL_OF_EFFORT,236,char,2,NULL,NULL,YES,NULL
dbo,MedSubClaims,TROOP_AMT,237,decimal,NULL,18,2,YES,NULL
dbo,MedSubClaims,ETLDate,238,datetime,NULL,NULL,NULL,YES,NULL
dbo,MedSubClaims,ETLIndicator,239,char,1,NULL,NULL,YES,NULL
dbo,MedSubClaims,ManualChangeDate,240,datetime,NULL,NULL,NULL,YES,NULL
dbo,MedSubClaims,RedemptionCount,241,int,NULL,10,0,YES,NULL
dbo,MedSubClaims,DateOfReversal,242,datetime,NULL,NULL,NULL,YES,NULL
dbo,MedSubClaims,PackagingIndicator,243,char,1,NULL,NULL,YES,NULL
dbo,MedSubClaims,NoFinancialFlag,244,char,1,NULL,NULL,YES,NULL
dbo,MedSubClaims,ClaimTypeAlpha,245,char,2,NULL,NULL,YES,NULL
dbo,MedSubClaims,LTCIndicator,246,char,1,NULL,NULL,YES,NULL
dbo,MedSubClaims,DURLvlOfEffort_1,247,char,2,NULL,NULL,YES,NULL
dbo,MedSubClaims,DURReasonService_1,248,char,2,NULL,NULL,YES,NULL
dbo,MedSubClaims,DURProfServiceCode_1,249,char,2,NULL,NULL,YES,NULL
dbo,MedSubClaims,DURResultOfServCd_1,250,char,2,NULL,NULL,YES,NULL
dbo,MedSubClaims,DURLvlOfEffort_2,251,char,2,NULL,NULL,YES,NULL
dbo,MedSubClaims,DURReasonService_2,252,char,2,NULL,NULL,YES,NULL
dbo,MedSubClaims,DURProfServiceCode_2,253,char,2,NULL,NULL,YES,NULL
dbo,MedSubClaims,DURResultOfServCd_2,254,char,2,NULL,NULL,YES,NULL
dbo,MedSubClaims,DURLvlOfEffort_3,255,char,2,NULL,NULL,YES,NULL
dbo,MedSubClaims,DURReasonService_3,256,char,2,NULL,NULL,YES,NULL
dbo,MedSubClaims,DURProfServiceCode_3,257,char,2,NULL,NULL,YES,NULL
dbo,MedSubClaims,DURResultOfServCd_3,258,char,2,NULL,NULL,YES,NULL
dbo,MedSubClaims,DURLvlOfEffort_4,259,char,2,NULL,NULL,YES,NULL
dbo,MedSubClaims,DURReasonService_4,260,char,2,NULL,NULL,YES,NULL
dbo,MedSubClaims,DURProfServiceCode_4,261,char,2,NULL,NULL,YES,NULL
dbo,MedSubClaims,DURResultOfServCd_4,262,char,2,NULL,NULL,YES,NULL
dbo,MedSubClaims,DURLvlOfEffort_5,263,char,2,NULL,NULL,YES,NULL
dbo,MedSubClaims,DURReasonService_5,264,char,2,NULL,NULL,YES,NULL
dbo,MedSubClaims,DURProfServiceCode_5,265,char,2,NULL,NULL,YES,NULL
dbo,MedSubClaims,DURResultOfServCd_5,266,char,2,NULL,NULL,YES,NULL
dbo,MedSubClaims,DURLvlOfEffort_6,267,char,2,NULL,NULL,YES,NULL
dbo,MedSubClaims,DURReasonService_6,268,char,2,NULL,NULL,YES,NULL
dbo,MedSubClaims,DURProfServiceCode_6,269,char,2,NULL,NULL,YES,NULL
dbo,MedSubClaims,DURResultOfServCd_6,270,char,2,NULL,NULL,YES,NULL
dbo,MedSubClaims,DURLvlOfEffort_7,271,char,2,NULL,NULL,YES,NULL
dbo,MedSubClaims,DURReasonService_7,272,char,2,NULL,NULL,YES,NULL
dbo,MedSubClaims,DURProfServiceCode_7,273,char,2,NULL,NULL,YES,NULL
dbo,MedSubClaims,DURResultOfServCd_7,274,char,2,NULL,NULL,YES,NULL
dbo,MedSubClaims,DURLvlOfEffort_8,275,char,2,NULL,NULL,YES,NULL
dbo,MedSubClaims,DURReasonService_8,276,char,2,NULL,NULL,YES,NULL
dbo,MedSubClaims,DURProfServiceCode_8,277,char,2,NULL,NULL,YES,NULL
dbo,MedSubClaims,DURResultOfServCd_8,278,char,2,NULL,NULL,YES,NULL
dbo,MedSubClaims,DURLvlOfEffort_9,279,char,2,NULL,NULL,YES,NULL
dbo,MedSubClaims,DURReasonService_9,280,char,2,NULL,NULL,YES,NULL
dbo,MedSubClaims,DURProfServiceCode_9,281,char,2,NULL,NULL,YES,NULL
dbo,MedSubClaims,DURResultOfServCd_9,282,char,2,NULL,NULL,YES,NULL
dbo,MedSubClaims,SCDClaim,283,char,1,NULL,NULL,YES,NULL
dbo,MedSubClaims,Thresh5100,284,decimal,NULL,18,2,YES,NULL
dbo,MedSubClaims,C_FormularyIDFlag,285,char,1,NULL,NULL,YES,NULL
dbo,MedSubClaims,BrandConfigOccur,286,int,NULL,10,0,YES,NULL
dbo,MedSubClaims,CardIDSentFromPharm,287,char,20,NULL,NULL,YES,NULL
dbo,MedSubClaims,HMSPhysicianID,288,char,10,NULL,NULL,YES,NULL
dbo,MedSubClaims,Tier,289,char,1,NULL,NULL,YES,NULL
dbo,MedSubClaims,ClaimAdjudicationTime,290,char,26,NULL,NULL,YES,NULL
dbo,MedSubClaims,Age,291,int,NULL,10,0,YES,NULL
dbo,MedSubClaims,QuantityDispensed,292,decimal,NULL,18,3,YES,NULL
dbo,MedSubClaims,PreviousRestackBatch,293,char,8,NULL,NULL,YES,NULL
dbo,MedSubClaims,PreviousRestackClaim,294,int,NULL,10,0,YES,NULL
dbo,MedSubClaims,WACRefPrice,295,decimal,NULL,18,2,YES,NULL
dbo,MedSubClaims,SpecialtyFlag,296,char,1,NULL,NULL,YES,NULL
dbo,MedSubClaims,MailOrderIndication,297,char,4,NULL,NULL,YES,NULL
dbo,MedSubClaims,SpclPatientDispFee,298,decimal,NULL,18,2,YES,NULL
dbo,MedSubClaims,HMSPOID,299,varchar,10,NULL,NULL,YES,NULL
dbo,MedSubClaims,OrigRevBatch,300,varchar,8,NULL,NULL,YES,NULL
dbo,MedSubClaims,OrigRevClaim,301,int,NULL,10,0,YES,NULL
dbo,MedSubClaims,GrpBrokerNbr,302,varchar,4,NULL,NULL,YES,NULL
dbo,MedSubClaims,LastModifiedDate,303,datetime,NULL,NULL,NULL,YES,NULL
dbo,MedSubClaims,LastModifiedTime,304,datetime,NULL,NULL,NULL,YES,NULL
dbo,MedSubClaims,LastModifiedBy,305,varchar,20,NULL,NULL,YES,NULL
dbo,MedSubClaims,PaymentCenterID,306,varchar,6,NULL,NULL,YES,NULL
dbo,MedSubClaims,RemitReconciliationID,307,varchar,6,NULL,NULL,YES,NULL
dbo,MedSubClaims,PDMIRejectCode1,308,varchar,4,NULL,NULL,YES,NULL
dbo,MedSubClaims,PDMIRejectCode2,309,varchar,4,NULL,NULL,YES,NULL
dbo,MedSubClaims,PDMIRejectCode3,310,varchar,4,NULL,NULL,YES,NULL
dbo,MedSubClaims,PDMIRejectCode4,311,varchar,4,NULL,NULL,YES,NULL
dbo,MedSubClaims,PDMIRejectCode5,312,varchar,4,NULL,NULL,YES,NULL
dbo,MedSubClaims,PDMIRejectCode6,313,varchar,4,NULL,NULL,YES,NULL
dbo,MedSubClaims,PDMIRejectCode7,314,varchar,4,NULL,NULL,YES,NULL
dbo,MedSubClaims,PDMIRejectCode8,315,varchar,4,NULL,NULL,YES,NULL
dbo,MedSubClaims,PDMIRejectCode9,316,varchar,4,NULL,NULL,YES,NULL
dbo,MedSubClaims,PDMIRejectCode10,317,varchar,4,NULL,NULL,YES,NULL
dbo,MedSubClaims,PDMIRejectCode11,318,varchar,4,NULL,NULL,YES,NULL
dbo,MedSubClaims,PDMIRejectCode12,319,varchar,4,NULL,NULL,YES,NULL
dbo,MedSubClaims,PDMIRejectCode13,320,varchar,4,NULL,NULL,YES,NULL
dbo,MedSubClaims,PDMIRejectCode14,321,varchar,4,NULL,NULL,YES,NULL
dbo,MedSubClaims,PDMIRejectCode15,322,varchar,4,NULL,NULL,YES,NULL
dbo,MedSubClaims,PDMIRejectCode16,323,varchar,4,NULL,NULL,YES,NULL
dbo,MedSubClaims,PDMIRejectCode17,324,varchar,4,NULL,NULL,YES,NULL
dbo,MedSubClaims,PDMIRejectCode18,325,varchar,4,NULL,NULL,YES,NULL
dbo,MedSubClaims,PDMIRejectCode19,326,varchar,4,NULL,NULL,YES,NULL
dbo,MedSubClaims,PDMIRejectCode20,327,varchar,4,NULL,NULL,YES,NULL
dbo,MedSubClaims,AmountAppliedToOOP,328,decimal,NULL,18,2,YES,NULL
dbo,MedSubClaims,N1ClaimKey,329,char,14,NULL,NULL,YES,NULL
dbo,MedSubClaims,N1BatchNumber,330,char,8,NULL,NULL,YES,NULL
dbo,MedSubClaims,N1ClaimNumber,331,int,NULL,10,0,YES,NULL
dbo,MedSubClaims,UserID,332,varchar,15,NULL,NULL,YES,NULL
dbo,MedSubClaims,OpioidFactor,333,decimal,NULL,18,2,YES,NULL
dbo,MedSubClaims,ContractChainNumber,334,int,NULL,10,0,YES,NULL
dbo,MedSubClaims,DifferentialClaimType,335,char,6,NULL,NULL,YES,NULL
dbo,MedSubClaims,CarrierID,336,char,10,NULL,NULL,YES,NULL
dbo,MedSubClaims,PharmElectronicFee,337,decimal,NULL,18,2,YES,NULL
dbo,MedSubClaims,VaccineAdminFee,338,decimal,NULL,18,2,YES,NULL
dbo,MedSubClaims,PrescriberIDQualifier,339,char,10,NULL,NULL,YES,NULL
dbo,MedSubClaims,CTreeToggle,340,char,1,NULL,NULL,YES,NULL
dbo,MedSubClaims,OrigMEDGenCode,341,char,1,NULL,NULL,YES,NULL
dbo,MedSubClaims,OthPayCovgType,342,varchar,2,NULL,NULL,YES,NULL
dbo,MedSubClaims,ScriptCareClaim,343,char,1,NULL,NULL,YES,NULL
dbo,MedSubClaims,ScriptcareNetPricing,344,char,1,NULL,NULL,YES,NULL
dbo,MedSubClaims,QuantityPrescribed,345,decimal,NULL,18,3,YES,NULL
dbo,MedSubClaims,PDMIAdminFee,346,decimal,NULL,18,2,YES,NULL
dbo,MedSubClaims,ClientSysSpoAdminFee,347,decimal,NULL,18,2,YES,NULL
dbo,MedSubClaims,ClientSpoGrpAdminFee,348,decimal,NULL,18,2,YES,NULL
dbo,MedSubClaims,ClaimCategory,349,varchar,12,NULL,NULL,YES,NULL
dbo,MedSubClaims,PLAN_KEY,350,char,16,NULL,NULL,YES,NULL
dbo,MedSubClaims,PLAN_NUMBER,351,char,8,NULL,NULL,YES,NULL
dbo,MedSubClaims,ADD_TO_TROOP,352,decimal,NULL,18,2,YES,NULL
dbo,MedSubClaims,ClientBasisOfCost,353,varchar,2,NULL,NULL,YES,NULL
dbo,MedSubClaims,PharmBasisOfCost,354,varchar,2,NULL,NULL,YES,NULL
dbo,MedSubClaims,GroupFromPharm,355,varchar,15,NULL,NULL,YES,NULL
dbo,MedSubClaims,TaxExemptFlag,356,char,1,NULL,NULL,YES,NULL
dbo,MedSubClaims,NetworkReimbID,357,varchar,10,NULL,NULL,YES,NULL
dbo,MedSubClaims_BALANCING_DAILY,PROCESS_DATE,1,datetime,NULL,NULL,NULL,NO,NULL
dbo,MedSubClaims_BALANCING_DAILY,CLAIM_COUNT,2,int,NULL,10,0,YES,NULL
dbo,MedSubClaims_BALANCING_DAILY,AUDIT_DATE,3,datetime,NULL,NULL,NULL,YES,NULL
dbo,MedSubClaims_BALANCING_DAILY,AUDIT_CLAIM_COUNT,4,int,NULL,10,0,YES,NULL
dbo,MedSubClaims_BALANCING_DAILY,AUDIT_CLAIM_COUNT_DIFFERENCE,5,int,NULL,10,0,YES,NULL
dbo,MedSubClaims_BALANCING_DAILY,WRITTEN_CLAIM_COUNT,6,int,NULL,10,0,YES,NULL
dbo,MedSubClaims_BALANCING_DAILY,TOTAL_ERROR_COUNT,7,int,NULL,10,0,YES,NULL
dbo,MedSubClaims_BALANCING_DAILY,PAID_ERROR_COUNT,8,int,NULL,10,0,YES,NULL
dbo,MEDVAL,Field_Identifier,1,char,4,NULL,NULL,NO,NULL
dbo,MEDVAL,Field_Value,2,char,15,NULL,NULL,NO,NULL
dbo,MEDVAL,Language_Code,3,int,NULL,10,0,YES,NULL
dbo,MEDVAL,Value_Description,4,char,40,NULL,NULL,YES,NULL
dbo,MEDVAL,Value_Abbreviation,5,char,15,NULL,NULL,YES,NULL
dbo,MEDVAL,Reserve,6,char,20,NULL,NULL,YES,NULL
dbo,MEDVAL,WarehouseLoadDate,7,datetime,NULL,NULL,NULL,YES,NULL
dbo,MEDVAL,WarehouseChangeDate,8,datetime,NULL,NULL,NULL,YES,NULL
dbo,MultConfigMaster,TLink,1,varchar,5,NULL,NULL,NO,NULL
dbo,MultConfigMaster,SystemNbr,2,int,NULL,10,0,NO,NULL
dbo,MultConfigMaster,SponsorNbr,3,int,NULL,10,0,NO,NULL
dbo,MultConfigMaster,RecType,4,varchar,3,NULL,NULL,NO,NULL
dbo,MultConfigMaster,DataType,5,varchar,3,NULL,NULL,NO,NULL
dbo,MultConfigMaster,AmtType,6,varchar,3,NULL,NULL,NO,NULL
dbo,MultConfigMaster,SequenceNumber,7,int,NULL,10,0,NO,NULL
dbo,MultConfigMaster,EffDate,8,datetime,NULL,NULL,NULL,YES,NULL
dbo,MultConfigMaster,TermDate,9,datetime,NULL,NULL,NULL,YES,NULL
dbo,MultConfigMaster,AddID,10,varchar,15,NULL,NULL,YES,NULL
dbo,MultConfigMaster,ChangeID,11,varchar,15,NULL,NULL,YES,NULL
dbo,MultConfigMaster,AddDate,12,datetime,NULL,NULL,NULL,YES,NULL
dbo,MultConfigMaster,ChangeDate,13,datetime,NULL,NULL,NULL,YES,NULL
dbo,MultConfigMaster,WarehouseLoadDate,14,datetime,NULL,NULL,NULL,YES,NULL
dbo,MultConfigMaster,WarehouseChangeDate,15,datetime,NULL,NULL,NULL,YES,NULL
dbo,MultOverrides,CardholderNumber,1,char,10,NULL,NULL,NO,NULL
dbo,MultOverrides,MemberNumber,2,char,2,NULL,NULL,NO,NULL
dbo,MultOverrides,SponsorNumber,3,int,NULL,10,0,NO,NULL
dbo,MultOverrides,GPI,4,char,14,NULL,NULL,NO,NULL
dbo,MultOverrides,TypeCode,5,int,NULL,10,0,NO,NULL
dbo,MultOverrides,EffDate,6,datetime,NULL,NULL,NULL,NO,NULL
dbo,MultOverrides,SequenceNumber,7,int,NULL,10,0,NO,NULL
dbo,MultOverrides,TermDate,8,datetime,NULL,NULL,NULL,YES,NULL
dbo,MultOverrides,PriorAuth,9,bigint,NULL,19,0,YES,NULL
dbo,MultOverrides,OneUse,10,char,1,NULL,NULL,YES,NULL
dbo,MultOverrides,Notes,11,varchar,50,NULL,NULL,YES,NULL
dbo,MultOverrides,Timehhmmss,12,time,NULL,NULL,NULL,YES,NULL
dbo,MultOverrides,AddID,13,varchar,15,NULL,NULL,YES,NULL
dbo,MultOverrides,ChangeID,14,varchar,15,NULL,NULL,YES,NULL
dbo,MultOverrides,AddDate,15,datetime,NULL,NULL,NULL,YES,NULL
dbo,MultOverrides,ChangeDate,16,datetime,NULL,NULL,NULL,YES,NULL
dbo,MultOverrides,WarehouseLoadDate,17,datetime,NULL,NULL,NULL,YES,NULL
dbo,MultOverrides,WarehouseChangeDate,18,datetime,NULL,NULL,NULL,YES,NULL
dbo,NDCCheck,SystemLink,1,varchar,5,NULL,NULL,NO,NULL
dbo,NDCCheck,SystemNumber,2,int,NULL,10,0,NO,NULL
dbo,NDCCheck,SponsorNumber,3,int,NULL,10,0,NO,NULL
dbo,NDCCheck,GroupNumber,4,float,NULL,53,NULL,NO,NULL
dbo,NDCCheck,TargetNDC,5,decimal,NULL,11,0,NO,NULL
dbo,NDCCheck,OCC,6,int,NULL,10,0,NO,NULL
dbo,NDCCheck,SequenceNumber,7,int,NULL,10,0,NO,NULL
dbo,NDCCheck,LBackNDC,8,decimal,NULL,11,0,YES,NULL
dbo,NDCCheck,LBackDays,9,int,NULL,10,0,YES,NULL
dbo,NDCCheck,PDMIRejectCode,10,int,NULL,10,0,YES,NULL
dbo,NDCCheck,EffDate,11,datetime,NULL,NULL,NULL,YES,NULL
dbo,NDCCheck,TermDate,12,datetime,NULL,NULL,NULL,YES,NULL
dbo,NDCCheck,PrimaryMessage,13,varchar,200,NULL,NULL,YES,NULL
dbo,NDCCheck,AdditionalMessage,14,varchar,200,NULL,NULL,YES,NULL
dbo,NDCCheck,DAWIncExc,15,char,1,NULL,NULL,YES,NULL
dbo,NDCCheck,DAW1,16,int,NULL,10,0,YES,NULL
dbo,NDCCheck,DAW2,17,int,NULL,10,0,YES,NULL
dbo,NDCCheck,DAW3,18,int,NULL,10,0,YES,NULL
dbo,NDCCheck,DAW4,19,int,NULL,10,0,YES,NULL
dbo,NDCCheck,DAW5,20,int,NULL,10,0,YES,NULL
dbo,NDCCheck,DAW6,21,int,NULL,10,0,YES,NULL
dbo,NDCCheck,DAW7,22,int,NULL,10,0,YES,NULL
dbo,NDCCheck,DAW8,23,int,NULL,10,0,YES,NULL
dbo,NDCCheck,DAW9,24,int,NULL,10,0,YES,NULL
dbo,NDCCheck,AddID,25,varchar,15,NULL,NULL,YES,NULL
dbo,NDCCheck,ChangeID,26,varchar,15,NULL,NULL,YES,NULL
dbo,NDCCheck,AddDate,27,datetime,NULL,NULL,NULL,YES,NULL
dbo,NDCCheck,ChangeDate,28,datetime,NULL,NULL,NULL,YES,NULL
dbo,NDCCheck,WarehouseLoadDate,29,datetime,NULL,NULL,NULL,YES,NULL
dbo,NDCCheck,WarehouseChangeDate,30,datetime,NULL,NULL,NULL,YES,NULL
dbo,NDCFormOverrideMaster,NDCID,1,varchar,8,NULL,NULL,NO,NULL
dbo,NDCFormOverrideMaster,NDC,2,decimal,NULL,11,0,NO,NULL
dbo,NDCFormOverrideMaster,SequenceNbr,3,int,NULL,10,0,NO,NULL
dbo,NDCFormOverrideMaster,EffDate,4,datetime,NULL,NULL,NULL,YES,NULL
dbo,NDCFormOverrideMaster,TermDate,5,datetime,NULL,NULL,NULL,YES,NULL
dbo,NDCFormOverrideMaster,StatusCode,6,char,1,NULL,NULL,YES,NULL
dbo,NDCFormOverrideMaster,CopaySchedType,7,varchar,6,NULL,NULL,YES,NULL
dbo,NDCFormOverrideMaster,CopayNbr,8,int,NULL,10,0,YES,NULL
dbo,NDCFormOverrideMaster,DaysSupply,9,int,NULL,10,0,YES,NULL
dbo,NDCFormOverrideMaster,ReimbNumber,10,int,NULL,10,0,YES,NULL
dbo,NDCFormOverrideMaster,ReimbSched,11,varchar,6,NULL,NULL,YES,NULL
dbo,NDCFormOverrideMaster,SkipLimit,12,char,1,NULL,NULL,YES,NULL
dbo,NDCFormOverrideMaster,DrugDelMult,13,char,1,NULL,NULL,YES,NULL
dbo,NDCFormOverrideMaster,ReturnMsg,14,varchar,39,NULL,NULL,YES,NULL
dbo,NDCFormOverrideMaster,AdditionMsg,15,varchar,200,NULL,NULL,YES,NULL
dbo,NDCFormOverrideMaster,RejectCode,16,varchar,4,NULL,NULL,YES,NULL
dbo,NDCFormOverrideMaster,Comments,17,varchar,100,NULL,NULL,YES,NULL
dbo,NDCFormOverrideMaster,AddDate,18,datetime,NULL,NULL,NULL,YES,NULL
dbo,NDCFormOverrideMaster,ChangeDate,19,datetime,NULL,NULL,NULL,YES,NULL
dbo,NDCFormOverrideMaster,WarehouseLoadDate,20,datetime,NULL,NULL,NULL,YES,NULL
dbo,NDCFormOverrideMaster,WarehouseChangeDate,21,datetime,NULL,NULL,NULL,YES,NULL
dbo,NDCFormOverrideMaster,StatusCodeC,22,char,1,NULL,NULL,YES,NULL
dbo,NDCFormOverrideMaster,CopaySchedTypeC,23,char,1,NULL,NULL,YES,NULL
dbo,NDCFormOverrideMaster,CopayNbrC,24,char,1,NULL,NULL,YES,NULL
dbo,NDCFormOverrideMaster,DaysSupplyC,25,char,1,NULL,NULL,YES,NULL
dbo,NDCFormOverrideMaster,ReimbNumberC,26,char,1,NULL,NULL,YES,NULL
dbo,NDCFormOverrideMaster,ReimbSchedC,27,char,1,NULL,NULL,YES,NULL
dbo,NDCFormOverrideMaster,SkipLimitC,28,char,1,NULL,NULL,YES,NULL
dbo,NDCFormOverrideMaster,ReturnMsgC,29,char,1,NULL,NULL,YES,NULL
dbo,NDCFormOverrideMaster,AdditionMsgC,30,char,1,NULL,NULL,YES,NULL
dbo,NDCFormOverrideMaster,RejectCodeC,31,char,1,NULL,NULL,YES,NULL
dbo,NDCInclusion,TLink,1,varchar,5,NULL,NULL,NO,NULL
dbo,NDCInclusion,SystemNbr,2,int,NULL,10,0,NO,NULL
dbo,NDCInclusion,SponsorNbr,3,int,NULL,10,0,NO,NULL
dbo,NDCInclusion,GroupNbr,4,float,NULL,53,NULL,NO,NULL
dbo,NDCInclusion,NDC,5,decimal,NULL,11,0,NO,NULL
dbo,NDCInclusion,GPI,6,char,14,NULL,NULL,NO,NULL
dbo,NDCInclusion,ReimbSchedType,7,varchar,6,NULL,NULL,NO,NULL
dbo,NDCInclusion,SeqNbr,8,int,NULL,10,0,NO,NULL
dbo,NDCInclusion,EffDate,9,datetime,NULL,NULL,NULL,YES,NULL
dbo,NDCInclusion,TermDate,10,datetime,NULL,NULL,NULL,YES,NULL
dbo,NDCInclusion,AddID,11,varchar,15,NULL,NULL,YES,NULL
dbo,NDCInclusion,ChangeID,12,varchar,15,NULL,NULL,YES,NULL
dbo,NDCInclusion,AddDate,13,datetime,NULL,NULL,NULL,YES,NULL
dbo,NDCInclusion,ChangeDate,14,datetime,NULL,NULL,NULL,YES,NULL
dbo,NDCInclusion,WarehouseLoadDate,15,datetime,NULL,NULL,NULL,YES,NULL
dbo,NDCInclusion,WarehouseChangeDate,16,datetime,NULL,NULL,NULL,YES,NULL
dbo,NDCOverrideMasterDesc,NDCID,1,varchar,8,NULL,NULL,NO,NULL
dbo,NDCOverrideMasterDesc,NDCDescription,2,varchar,50,NULL,NULL,YES,NULL
dbo,NDCOverrideMasterDesc,NDCModeFlag,3,char,1,NULL,NULL,YES,NULL
dbo,NDCOverrideMasterDesc,AddDate,4,datetime,NULL,NULL,NULL,YES,NULL
dbo,NDCOverrideMasterDesc,ChangeDate,5,datetime,NULL,NULL,NULL,YES,NULL
dbo,NDCOverrideMasterDesc,WarehouseLoadDate,6,datetime,NULL,NULL,NULL,YES,NULL
dbo,NDCOverrideMasterDesc,WarehouseChangeDate,7,datetime,NULL,NULL,NULL,YES,NULL
dbo,NonStandardDataElement,NDC11,1,decimal,NULL,11,0,NO,NULL
dbo,NonStandardDataElement,ItemCode,2,varchar,13,NULL,NULL,YES,NULL
dbo,NonStandardDataElement,ProprietaryName,3,varchar,100,NULL,NULL,YES,NULL
dbo,NonStandardDataElement,DosageForm,4,varchar,64,NULL,NULL,YES,NULL
dbo,NonStandardDataElement,MarketingCategory,5,varchar,62,NULL,NULL,YES,NULL
dbo,NonStandardDataElement,ApplicationNumber,6,varchar,12,NULL,NULL,YES,NULL
dbo,NonStandardDataElement,ProductType,7,varchar,40,NULL,NULL,YES,NULL
dbo,NonStandardDataElement,MarketingStartDate,8,datetime,NULL,NULL,NULL,YES,NULL
dbo,NonStandardDataElement,MarketingEndDate,9,datetime,NULL,NULL,NULL,YES,NULL
dbo,NonStandardDataElement,BillingUnit,10,varchar,2,NULL,NULL,YES,NULL
dbo,NonStandardDataElement,NSDEChangeDate,11,datetime,NULL,NULL,NULL,YES,NULL
dbo,NonStandardDataElement,WarehouseLoadDate,12,datetime,NULL,NULL,NULL,YES,NULL
dbo,NonStandardDataElement,WarehouseChangeDate,13,datetime,NULL,NULL,NULL,YES,NULL
dbo,NPI,NPI,1,varchar,10,NULL,NULL,NO,NULL
dbo,NPI,ENTITY_CODE,2,char,1,NULL,NULL,YES,NULL
dbo,NPI,BUSINESS_NAME,3,varchar,45,NULL,NULL,YES,NULL
dbo,NPI,LAST_NAME,4,varchar,35,NULL,NULL,YES,NULL
dbo,NPI,FIRST_NAME,5,varchar,20,NULL,NULL,YES,NULL
dbo,NPI,MIDDLE_INITIAL,6,char,1,NULL,NULL,YES,NULL
dbo,NPI,LOCATION_ADDRESS_1,7,varchar,25,NULL,NULL,YES,NULL
dbo,NPI,LOCATION_ADDRESS_2,8,varchar,25,NULL,NULL,YES,NULL
dbo,NPI,LOCATION_CITY,9,varchar,25,NULL,NULL,YES,NULL
dbo,NPI,LOCATION_STATE,10,char,2,NULL,NULL,YES,NULL
dbo,NPI,LOCATION_ZIP,11,varchar,5,NULL,NULL,YES,NULL
dbo,NPI,LOCATION_ZIP_5,12,int,NULL,10,0,YES,NULL
dbo,NPI,LOCATION_COUNTRY,13,char,2,NULL,NULL,YES,NULL
dbo,NPI,LOCATION_PHONE,14,varchar,10,NULL,NULL,YES,NULL
dbo,NPI,ENUMERATION_DATE,15,datetime,NULL,NULL,NULL,YES,NULL
dbo,NPI,UPDATE_DATE,16,datetime,NULL,NULL,NULL,YES,NULL
dbo,NPI,ADD_DATE,17,datetime,NULL,NULL,NULL,YES,NULL
dbo,NPI,CHG_DATE,18,datetime,NULL,NULL,NULL,YES,NULL
dbo,NPI,BUSINESS_FAX,19,varchar,20,NULL,NULL,YES,NULL
dbo,NPI,PRACTICE_FAX,20,varchar,20,NULL,NULL,YES,NULL
dbo,NPI,DEACTIVATION_REASON_CD,21,char,2,NULL,NULL,YES,NULL
dbo,NPI,DEACTIVATION_DATE,22,datetime,NULL,NULL,NULL,YES,NULL
dbo,NPI,REACTIVATION_DATE,23,datetime,NULL,NULL,NULL,YES,NULL
dbo,NPI,WarehouseLoadDate,24,datetime,NULL,NULL,NULL,YES,NULL
dbo,NPI,WarehouseChangeDate,25,datetime,NULL,NULL,NULL,YES,NULL
dbo,NPIXRef,NPI,1,varchar,10,NULL,NULL,NO,NULL
dbo,NPIXRef,NABP,2,varchar,6,NULL,NULL,YES,NULL
dbo,NPIXRef,NABPCDV,3,char,1,NULL,NULL,YES,NULL
dbo,NPIXRef,DEANumber,4,varchar,12,NULL,NULL,YES,NULL
dbo,NPIXRef,AddDate,5,datetime,NULL,NULL,NULL,YES,NULL
dbo,NPIXRef,ChangeDate,6,datetime,NULL,NULL,NULL,YES,NULL
dbo,NPIXRef,WarehouseLoadDate,7,datetime,NULL,NULL,NULL,YES,NULL
dbo,NPIXRef,WarehouseChangeDate,8,datetime,NULL,NULL,NULL,YES,NULL
dbo,NSDEOverride,SystemNbr,1,int,NULL,10,0,NO,NULL
dbo,NSDEOverride,SponsorNbr,2,int,NULL,10,0,NO,NULL
dbo,NSDEOverride,GroupNbr,3,float,NULL,53,NULL,NO,NULL
dbo,NSDEOverride,PlanNbr,4,char,8,NULL,NULL,NO,NULL
dbo,NSDEOverride,PlanFirst4,5,char,4,NULL,NULL,YES,NULL
dbo,NSDEOverride,PlanLast4,6,char,4,NULL,NULL,YES,NULL
dbo,NSDEOverride,CardholderNbr,7,char,10,NULL,NULL,NO,NULL
dbo,NSDEOverride,MemberNbr,8,char,2,NULL,NULL,NO,NULL
dbo,NSDEOverride,NDC,9,decimal,NULL,11,0,NO,NULL
dbo,NSDEOverride,GPI,10,char,14,NULL,NULL,NO,NULL
dbo,NSDEOverride,Sequence,11,int,NULL,10,0,NO,NULL
dbo,NSDEOverride,EffDate,12,datetime,NULL,NULL,NULL,YES,NULL
dbo,NSDEOverride,TermDate,13,datetime,NULL,NULL,NULL,YES,NULL
dbo,NSDEOverride,RejectNbr,14,int,NULL,10,0,YES,NULL
dbo,NSDEOverride,Notes,15,varchar,40,NULL,NULL,YES,NULL
dbo,NSDEOverride,AddDate,16,datetime,NULL,NULL,NULL,YES,NULL
dbo,NSDEOverride,ChangeDate,17,datetime,NULL,NULL,NULL,YES,NULL
dbo,NSDEOverride,WarehouseLoadDate,18,datetime,NULL,NULL,NULL,YES,NULL
dbo,NSDEOverride,WarehouseChangeDate,19,datetime,NULL,NULL,NULL,YES,NULL
dbo,NumOneTime,SponsorNumber,1,int,NULL,10,0,NO,NULL
dbo,NumOneTime,LastName,2,varchar,14,NULL,NULL,NO,NULL
dbo,NumOneTime,FirstName,3,varchar,12,NULL,NULL,NO,NULL
dbo,NumOneTime,BirthDate,4,datetime,NULL,NULL,NULL,NO,NULL
dbo,NumOneTime,Gender,5,char,1,NULL,NULL,NO,NULL
dbo,NumOneTime,ZipCode,6,varchar,5,NULL,NULL,NO,NULL
dbo,NumOneTime,AssignedID,7,varchar,10,NULL,NULL,YES,NULL
dbo,NumOneTime,AssignedMemberNumber,8,char,2,NULL,NULL,YES,NULL
dbo,NumOneTime,AddDate,9,datetime,NULL,NULL,NULL,YES,NULL
dbo,NumOneTime,WarehouseLoadDate,10,datetime,NULL,NULL,NULL,YES,NULL
dbo,NumOneTime,WarehouseChangeDate,11,datetime,NULL,NULL,NULL,YES,NULL
dbo,OneTime,ClaimKey,1,char,14,NULL,NULL,NO,NULL
dbo,OneTime,BatchNbr,2,char,8,NULL,NULL,YES,NULL
dbo,OneTime,ClaimNbr,3,int,NULL,10,0,YES,NULL
dbo,OneTime,SponsorNbr,4,int,NULL,10,0,YES,NULL
dbo,OneTime,LastName,5,varchar,14,NULL,NULL,YES,NULL
dbo,OneTime,BirthDate,6,datetime,NULL,NULL,NULL,YES,NULL
dbo,OneTime,Gender,7,char,1,NULL,NULL,YES,NULL
dbo,OneTime,Zip,8,char,5,NULL,NULL,YES,NULL
dbo,OneTime,PaidFlag,9,char,1,NULL,NULL,YES,NULL
dbo,OneTime,CardID,10,char,10,NULL,NULL,YES,NULL
dbo,OneTime,RollDate,11,datetime,NULL,NULL,NULL,YES,NULL
dbo,OneTime,OrigCardID,12,char,10,NULL,NULL,YES,NULL
dbo,OneTime,OrigMemberNbr,13,char,2,NULL,NULL,YES,NULL
dbo,OneTime,MemberNbr,14,char,2,NULL,NULL,YES,NULL
dbo,OneTime,NumberlessIDFromPharm,15,varchar,18,NULL,NULL,YES,NULL
dbo,OneTime,DateModified,16,datetime,NULL,NULL,NULL,YES,NULL
dbo,OneTime,WarehouseLoadDate,17,datetime,NULL,NULL,NULL,YES,NULL
dbo,OneTime,WarehouseChangeDate,18,datetime,NULL,NULL,NULL,YES,NULL
dbo,OneTime,FirstName,19,varchar,12,NULL,NULL,YES,NULL
dbo,OverrideMaster,SystemNbr,1,int,NULL,10,0,NO,NULL
dbo,OverrideMaster,SponsorNbr,2,int,NULL,10,0,NO,NULL
dbo,OverrideMaster,GroupNbr,3,bigint,NULL,19,0,NO,NULL
dbo,OverrideMaster,CardholderNbr,4,char,10,NULL,NULL,NO,NULL
dbo,OverrideMaster,MemberNbr,5,char,2,NULL,NULL,NO,NULL
dbo,OverrideMaster,GPI,6,char,14,NULL,NULL,NO,NULL
dbo,OverrideMaster,SequenceNbr,7,int,NULL,10,0,NO,NULL
dbo,OverrideMaster,EffDate,8,datetime,NULL,NULL,NULL,YES,NULL
dbo,OverrideMaster,TermDate,9,datetime,NULL,NULL,NULL,YES,NULL
dbo,OverrideMaster,DrugMedCost,10,decimal,NULL,18,2,YES,NULL
dbo,OverrideMaster,DiffPctOvr,11,decimal,NULL,18,4,YES,NULL
dbo,OverrideMaster,DispFeeOvr,12,decimal,NULL,18,2,YES,NULL
dbo,OverrideMaster,AddDate,13,datetime,NULL,NULL,NULL,YES,NULL
dbo,OverrideMaster,ChangeDate,14,datetime,NULL,NULL,NULL,YES,NULL
dbo,OverrideMaster,WarehouseLoadDate,15,datetime,NULL,NULL,NULL,YES,NULL
dbo,OverrideMaster,WarehouseChangeDate,16,datetime,NULL,NULL,NULL,YES,NULL
dbo,OVERRIDES,OV_CARDHOLDER_NUMBER,1,char,10,NULL,NULL,NO,NULL
dbo,OVERRIDES,OV_MEMBER_NUMBER,2,char,2,NULL,NULL,NO,NULL
dbo,OVERRIDES,OV_SPONSOR,3,int,NULL,10,0,NO,NULL
dbo,OVERRIDES,OV_GPI,4,char,14,NULL,NULL,NO,NULL
dbo,OVERRIDES,OV_TYPE_CODE,5,int,NULL,10,0,NO,NULL
dbo,OVERRIDES,OV_EFFECTIVE_DATE,6,datetime,NULL,NULL,NULL,NO,NULL
dbo,OVERRIDES,OV_CARDHOLDER_KEY,7,char,20,NULL,NULL,YES,NULL
dbo,OVERRIDES,OV_TERMINATION_DATE,8,datetime,NULL,NULL,NULL,YES,NULL
dbo,OVERRIDES,OV_PHARMACY_NUMBER,9,int,NULL,10,0,YES,NULL
dbo,OVERRIDES,OV_CHAIN_NUMBER,10,int,NULL,10,0,YES,NULL
dbo,OVERRIDES,OV_PHYSICIAN_NUMBER,11,char,10,NULL,NULL,YES,NULL
dbo,OVERRIDES,OV_DAYS_SUPPLY,12,int,NULL,10,0,YES,NULL
dbo,OVERRIDES,OV_METRIC_QUANTITY,13,decimal,NULL,18,3,YES,NULL
dbo,OVERRIDES,OV_NDC,14,decimal,NULL,11,0,YES,NULL
dbo,OVERRIDES,OV_COPAY_SCHEDULE,15,int,NULL,10,0,YES,NULL
dbo,OVERRIDES,OV_REASON,16,varchar,60,NULL,NULL,YES,NULL
dbo,OVERRIDES,OV_MAX_CLAIM_AMOUNT,17,decimal,NULL,18,2,YES,NULL
dbo,OVERRIDES,OV_COPAY_FIX,18,decimal,NULL,18,2,YES,NULL
dbo,OVERRIDES,OV_COPAY_PERCENTAGE,19,decimal,NULL,3,2,YES,NULL
dbo,OVERRIDES,OV_PAY_PHARM_BILLED,20,int,NULL,10,0,YES,NULL
dbo,OVERRIDES,OV_RX_PER_TIME_FRAME,21,int,NULL,10,0,YES,NULL
dbo,OVERRIDES,OV_INVALID_BIRTH_DATE,22,datetime,NULL,NULL,NULL,YES,NULL
dbo,OVERRIDES,OV_PAY_PHARM_CAP,23,decimal,NULL,18,2,YES,NULL
dbo,OVERRIDES,OV_CREATE_FLAG,24,char,1,NULL,NULL,YES,NULL
dbo,OVERRIDES,OV_DISPENSING_FEE,25,decimal,NULL,18,2,YES,NULL
dbo,OVERRIDES,OV_COPAY_SCHEDULE_TYPE_NEW,26,char,6,NULL,NULL,YES,NULL
dbo,OVERRIDES,OV_COPAY_SCHEDULE_TYPE_OLD,27,char,6,NULL,NULL,YES,NULL
dbo,OVERRIDES,OV_ENTER_DATE,28,datetime,NULL,NULL,NULL,YES,NULL
dbo,OVERRIDES,OV_CHANGE_DATE,29,datetime,NULL,NULL,NULL,YES,NULL
dbo,OVERRIDES,PURGE_STATUS,30,int,NULL,10,0,YES,NULL
dbo,OVERRIDES,OV_REFILL_NUMBER,31,int,NULL,10,0,YES,NULL
dbo,OVERRIDES,OV_PRIOR_AUTHORIZATION,32,int,NULL,10,0,YES,NULL
dbo,OVERRIDES,OV_REASON_CODE,33,int,NULL,10,0,YES,NULL
dbo,OVERRIDES,OV_RECORD_TYPE,34,char,1,NULL,NULL,YES,NULL
dbo,OVERRIDES,OV_USER,35,char,12,NULL,NULL,YES,NULL
dbo,OVERRIDES,OV_OCCURRENCE,36,int,NULL,10,0,YES,NULL
dbo,OVERRIDES,OV_GENERIC_INCENTIVE_FLAG,37,char,1,NULL,NULL,YES,NULL
dbo,OVERRIDES,OV_REFILL_PRCNT,38,decimal,NULL,3,2,YES,NULL
dbo,OVERRIDES,OV_PLAN_MAX,39,decimal,NULL,18,2,YES,NULL
dbo,OVERRIDES,OV_POST_A_REJECT,40,int,NULL,10,0,YES,NULL
dbo,OVERRIDES,OV_UNIT_PER_DAY,41,decimal,NULL,18,2,YES,NULL
dbo,OVERRIDES,SkipLimitFlag,42,char,1,NULL,NULL,YES,NULL
dbo,OVERRIDES,WarehouseLoadDate,43,datetime,NULL,NULL,NULL,YES,NULL
dbo,OVERRIDES,WarehouseChangeDate,44,datetime,NULL,NULL,NULL,YES,NULL
dbo,OVERRIDES,MaximizerPercent,45,decimal,NULL,18,4,YES,NULL
dbo,OVERRIDES_TYPE_CODE_DESCCRIPTIONS,TYPE_CODE,1,int,NULL,10,0,NO,NULL
dbo,OVERRIDES_TYPE_CODE_DESCCRIPTIONS,TYPE_CODE_DESCRIPTION,2,varchar,100,NULL,NULL,YES,NULL
dbo,OVERRIDES_TYPE_CODE_DESCCRIPTIONS,TypeCodeDescrOvr,3,varchar,100,NULL,NULL,YES,NULL
dbo,OVERRIDES_TYPE_CODE_DESCCRIPTIONS,OverrideDisp,4,char,1,NULL,NULL,YES,NULL
dbo,OVERRIDES_TYPE_CODE_DESCCRIPTIONS,WarehouseLoadDate,5,datetime,NULL,NULL,NULL,YES,NULL
dbo,OVERRIDES_TYPE_CODE_DESCCRIPTIONS,WarehouseChangeDate,6,datetime,NULL,NULL,NULL,YES,NULL
dbo,PartD2012EOBH3664LargeFontCardholderListing,CardholderKey,1,varchar,20,NULL,NULL,YES,NULL
dbo,PartD2012EOBH3664LargeFontCardholderListing,LastName,2,varchar,50,NULL,NULL,YES,NULL
dbo,PartD2012EOBH3664LargeFontCardholderListing,FirstName,3,varchar,50,NULL,NULL,YES,NULL
dbo,PartD2012EOBH3664LargeFontCardholderListing,CardNumberonCard,4,varchar,20,NULL,NULL,YES,NULL
dbo,PartD2012EOBH3664LargeFontCardholderListing,CreateDate,5,datetime,NULL,NULL,NULL,YES,(getdate())
dbo,PartD2012EOBH3664LargeFontCardholderListing,MedDPlanNumber,6,varchar,5,NULL,NULL,YES,NULL
dbo,PartDEOBCardholderData,RowNumber,1,bigint,NULL,19,0,NO,NULL
dbo,PartDEOBCardholderData,CardholderKey,2,varchar,20,NULL,NULL,NO,NULL
dbo,PartDEOBCardholderData,EOBDate,3,datetime,NULL,NULL,NULL,NO,NULL
dbo,PartDEOBCardholderData,GroupNumber,4,float,NULL,53,NULL,NO,NULL
dbo,PartDEOBCardholderData,LastName,5,varchar,30,NULL,NULL,YES,NULL
dbo,PartDEOBCardholderData,FirstName,6,varchar,25,NULL,NULL,YES,NULL
dbo,PartDEOBCardholderData,LICSFlag,7,varchar,5,NULL,NULL,YES,NULL
dbo,PartDEOBCardholderData,N1Flag,8,varchar,1,NULL,NULL,YES,NULL
dbo,PartDEOBCardholderData,ContractID,9,varchar,10,NULL,NULL,YES,NULL
dbo,PartDEOBCardholderData,EOBProduction,10,varchar,1,NULL,NULL,YES,NULL
dbo,PartDEOBCardholderData,FIRFlag,11,varchar,1,NULL,NULL,YES,NULL
dbo,PartDEOBCardholderData,RestackedFlag,12,varchar,1,NULL,NULL,YES,NULL
dbo,PartDEOBCardholderData,FormularyChangeFlag,13,varchar,1,NULL,NULL,YES,NULL
dbo,PartDEOBCardholderData,LimitAmountPaid,14,money,NULL,19,4,YES,NULL
dbo,PartDEOBCardholderData,LimitTroopAmount,15,money,NULL,19,4,YES,NULL
dbo,PartDEOBCardholderData,Claims,16,int,NULL,10,0,YES,NULL
dbo,PartDEOBCardholderData,TrueClaims,17,int,NULL,10,0,YES,NULL
dbo,PartDEOBCardholderData,CardKeyCount,18,int,NULL,10,0,YES,NULL
dbo,PartDEOBCardholderData,GUID,19,uniqueidentifier,NULL,NULL,NULL,YES,NULL
dbo,PartDEOBLargeFontCardholderListing,CardholderKey,1,varchar,20,NULL,NULL,YES,NULL
dbo,PartDEOBLargeFontCardholderListing,LastName,2,varchar,50,NULL,NULL,YES,NULL
dbo,PartDEOBLargeFontCardholderListing,FirstName,3,varchar,50,NULL,NULL,YES,NULL
dbo,PartDEOBLargeFontCardholderListing,CardNumberonCard,4,varchar,20,NULL,NULL,YES,NULL
dbo,PartDEOBLargeFontCardholderListing,MedDPlanNumber,5,varchar,5,NULL,NULL,YES,NULL
dbo,PartDEOBLargeFontCardholderListing,CreateDate,6,datetime,NULL,NULL,NULL,YES,(getdate())
dbo,PartDRDSGroup,GroupNumber,1,float,NULL,53,NULL,YES,NULL
dbo,PartDRDSGroup_bkup7312014,GroupNumber,1,float,NULL,53,NULL,NO,NULL
dbo,PartDSubscriber,SponsorNumber,1,int,NULL,10,0,NO,NULL
dbo,PartDSubscriber,CardholderNumber,2,char,10,NULL,NULL,NO,NULL
dbo,PartDSubscriber,MemberNumber,3,char,2,NULL,NULL,NO,NULL
dbo,PartDSubscriber,YearDate,4,int,NULL,10,0,NO,NULL
dbo,PartDSubscriber,MonthDate,5,tinyint,NULL,3,0,NO,NULL
dbo,PartDSubscriber,AltGroupNumber,6,char,12,NULL,NULL,YES,NULL
dbo,PartDSubscriber,AltCardholderNumber,7,varchar,13,NULL,NULL,YES,NULL
dbo,PartDSubscriber,CardNumberOnCard,8,varchar,20,NULL,NULL,YES,NULL
dbo,PartDSubscriber,OriginalCardholderNumber,9,varchar,256,NULL,NULL,YES,NULL
dbo,PartDSubscriber,FirstName,10,varchar,50,NULL,NULL,YES,NULL
dbo,PartDSubscriber,LastName,11,varchar,50,NULL,NULL,YES,NULL
dbo,PartDSubscriber,EffDate,12,datetime,NULL,NULL,NULL,YES,NULL
dbo,PartDSubscriber,TerDate,13,datetime,NULL,NULL,NULL,YES,NULL
dbo,PartDSubscriber,BenefitOption,14,varchar,50,NULL,NULL,YES,NULL
dbo,PartDSubscriber,ApplicationNbr,15,varchar,50,NULL,NULL,YES,NULL
dbo,PartDSubscriber,CardholderKey,16,char,20,NULL,NULL,YES,NULL
dbo,PartDSubscriber,SSN,17,bigint,NULL,19,0,YES,NULL
dbo,PDEDescription,PDEErrorCode,1,char,3,NULL,NULL,NO,NULL
dbo,PDEDescription,RecordID,2,char,3,NULL,NULL,YES,NULL
dbo,PDEDescription,Description1,3,varchar,60,NULL,NULL,YES,NULL
dbo,PDEDescription,Description2,4,varchar,60,NULL,NULL,YES,NULL
dbo,PDEDescription,Description3,5,varchar,60,NULL,NULL,YES,NULL
dbo,PDEDescription,Description4,6,varchar,60,NULL,NULL,YES,NULL
dbo,PDEDescription,Suggestion1,7,varchar,60,NULL,NULL,YES,NULL
dbo,PDEDescription,Suggestion2,8,varchar,60,NULL,NULL,YES,NULL
dbo,PDEDescription,Suggestion3,9,varchar,60,NULL,NULL,YES,NULL
dbo,PDEDescription,Suggestion4,10,varchar,60,NULL,NULL,YES,NULL
dbo,PDEDescription,ErrorLocation,11,varchar,25,NULL,NULL,YES,NULL
dbo,PDEDescription,WarehouseLoadDate,12,datetime,NULL,NULL,NULL,YES,NULL
dbo,PDEDescription,WarehouseChangeDate,13,datetime,NULL,NULL,NULL,YES,NULL
dbo,PDMCycleTypeDescriptions,CycleType,1,varchar,1,NULL,NULL,NO,NULL
dbo,PDMCycleTypeDescriptions,CycleTypeDescription,2,varchar,20,NULL,NULL,YES,NULL
dbo,PDMIConfigMaster,TLink,1,varchar,5,NULL,NULL,NO,NULL
dbo,PDMIConfigMaster,SystemSponGrp,2,varchar,28,NULL,NULL,NO,NULL
dbo,PDMIConfigMaster,SystemNbr,3,int,NULL,10,0,NO,NULL
dbo,PDMIConfigMaster,SponsorNbr,4,int,NULL,10,0,NO,NULL
dbo,PDMIConfigMaster,GroupNbr,5,float,NULL,53,NULL,NO,NULL
dbo,PDMIConfigMaster,RecType,6,varchar,3,NULL,NULL,NO,NULL
dbo,PDMIConfigMaster,DateType,7,varchar,2,NULL,NULL,NO,NULL
dbo,PDMIConfigMaster,DataType,8,varchar,3,NULL,NULL,NO,NULL
dbo,PDMIConfigMaster,Data,9,varchar,26,NULL,NULL,NO,NULL
dbo,PDMIConfigMaster,AmtType,10,varchar,3,NULL,NULL,NO,NULL
dbo,PDMIConfigMaster,OCC,11,int,NULL,10,0,NO,NULL
dbo,PDMIConfigMaster,MinAmt,12,decimal,NULL,18,4,NO,NULL
dbo,PDMIConfigMaster,MaxAmt,13,decimal,NULL,18,4,NO,NULL
dbo,PDMIConfigMaster,MQMinAmt,14,decimal,NULL,18,3,NO,NULL
dbo,PDMIConfigMaster,MQMaxAmt,15,decimal,NULL,18,3,NO,NULL
dbo,PDMIConfigMaster,DSMinAmt,16,bigint,NULL,19,0,NO,NULL
dbo,PDMIConfigMaster,DSMaxAmt,17,bigint,NULL,19,0,NO,NULL
dbo,PDMIConfigMaster,SeqNbr,18,int,NULL,10,0,NO,NULL
dbo,PDMIConfigMaster,EffDate,19,datetime,NULL,NULL,NULL,YES,NULL
dbo,PDMIConfigMaster,TermDate,20,datetime,NULL,NULL,NULL,YES,NULL
dbo,PDMIConfigMaster,BrandID,21,varchar,20,NULL,NULL,YES,NULL
dbo,PDMIConfigMaster,DispFee,22,decimal,NULL,18,2,YES,NULL
dbo,PDMIConfigMaster,CMSExclDate,23,datetime,NULL,NULL,NULL,YES,NULL
dbo,PDMIConfigMaster,CMSLastName,24,varchar,35,NULL,NULL,YES,NULL
dbo,PDMIConfigMaster,CMSFirstName,25,varchar,25,NULL,NULL,YES,NULL
dbo,PDMIConfigMaster,CMSMiddleName,26,varchar,25,NULL,NULL,YES,NULL
dbo,PDMIConfigMaster,CMSBusName,27,varchar,70,NULL,NULL,YES,NULL
dbo,PDMIConfigMaster,CMSGeneral,28,varchar,50,NULL,NULL,YES,NULL
dbo,PDMIConfigMaster,CMSSpecialty,29,varchar,150,NULL,NULL,YES,NULL
dbo,PDMIConfigMaster,CMSEIN,30,varchar,9,NULL,NULL,YES,NULL
dbo,PDMIConfigMaster,CMSDOB,31,varchar,8,NULL,NULL,YES,NULL
dbo,PDMIConfigMaster,CMSAddress1,32,varchar,55,NULL,NULL,YES,NULL
dbo,PDMIConfigMaster,CMSAddress2,33,varchar,55,NULL,NULL,YES,NULL
dbo,PDMIConfigMaster,CMSCity,34,varchar,40,NULL,NULL,YES,NULL
dbo,PDMIConfigMaster,CMSState,35,varchar,2,NULL,NULL,YES,NULL
dbo,PDMIConfigMaster,CMSZip,36,varchar,5,NULL,NULL,YES,NULL
dbo,PDMIConfigMaster,CMSLastUpdateDate,37,datetime,NULL,NULL,NULL,YES,NULL
dbo,PDMIConfigMaster,RejCode,38,int,NULL,10,0,YES,NULL
dbo,PDMIConfigMaster,CompuMsg,39,varchar,39,NULL,NULL,YES,NULL
dbo,PDMIConfigMaster,CompuAdditional,40,varchar,200,NULL,NULL,YES,NULL
dbo,PDMIConfigMaster,DSMinAmtRecType006,41,decimal,NULL,18,4,YES,NULL
dbo,PDMIConfigMaster,DSMaxAmtRecType006,42,decimal,NULL,18,4,YES,NULL
dbo,PDMIConfigMaster,MQMinAmtRecType006,43,decimal,NULL,18,4,YES,NULL
dbo,PDMIConfigMaster,MQMaxAmtRecType006,44,decimal,NULL,18,4,YES,NULL
dbo,PDMIConfigMaster,ServiceFee,45,decimal,NULL,18,2,YES,NULL
dbo,PDMIConfigMaster,CopayTable,46,int,NULL,10,0,YES,NULL
dbo,PDMIConfigMaster,PlanNumber,47,varchar,8,NULL,NULL,YES,NULL
dbo,PDMIConfigMaster,CopayAmt,48,decimal,NULL,18,4,YES,NULL
dbo,PDMIConfigMaster,AddID,49,varchar,15,NULL,NULL,YES,NULL
dbo,PDMIConfigMaster,ChangeID,50,varchar,15,NULL,NULL,YES,NULL
dbo,PDMIConfigMaster,AddDate,51,datetime,NULL,NULL,NULL,YES,NULL
dbo,PDMIConfigMaster,ChangeDate,52,datetime,NULL,NULL,NULL,YES,NULL
dbo,PDMIConfigMaster,WarehouseLoadDate,53,datetime,NULL,NULL,NULL,YES,NULL
dbo,PDMIConfigMaster,WarehouseChangeDate,54,datetime,NULL,NULL,NULL,YES,NULL
dbo,PDMIConfigMaster,PurgeStatus,55,int,NULL,10,0,YES,NULL
dbo,PDMIConfigMaster,PayType,56,char,1,NULL,NULL,YES,NULL
dbo,PDMLoginUsersTable,LOGIN,1,char,30,NULL,NULL,YES,NULL
dbo,PDMLoginUsersTable,SYSTEM_LINK,2,char,10,NULL,NULL,YES,NULL
dbo,PDMLoginUsersTable,SYSTEM_NUMBER,3,int,NULL,10,0,YES,NULL
dbo,PDMLoginUsersTable,SPONSOR_NUMBER,4,int,NULL,10,0,YES,NULL
dbo,PDMLoginUsersTable,MASTER_GROUP,5,int,NULL,10,0,YES,NULL
dbo,PDMLoginUsersTable,GROUP_NUMBER,6,float,NULL,53,NULL,YES,NULL
dbo,PDMLoginUsersTable,WarehouseTransactionFlag,7,varchar,1,NULL,NULL,YES,NULL
dbo,PHARM_NETWORK,NETWORK_NUMBER,1,int,NULL,10,0,YES,NULL
dbo,PHARM_NETWORK,NABP_NUMBER,2,int,NULL,10,0,YES,NULL
dbo,PHARM_NETWORK,STATE_CODE,3,int,NULL,10,0,YES,NULL
dbo,PHARM_NETWORK,DESCRIPTION,4,char,40,NULL,NULL,YES,NULL
dbo,PHARM_NETWORK,EFF_DATE_1,5,datetime,NULL,NULL,NULL,YES,NULL
dbo,PHARM_NETWORK,EFF_DATE_2,6,datetime,NULL,NULL,NULL,YES,NULL
dbo,PHARM_NETWORK,EFF_DATE_3,7,datetime,NULL,NULL,NULL,YES,NULL
dbo,PHARM_NETWORK,TERM_DATE_1,8,datetime,NULL,NULL,NULL,YES,NULL
dbo,PHARM_NETWORK,TERM_DATE_2,9,datetime,NULL,NULL,NULL,YES,NULL
dbo,PHARM_NETWORK,TERM_DATE_3,10,datetime,NULL,NULL,NULL,YES,NULL
dbo,PHARM_NETWORK,PDM_CHAIN_NUMBER_1,11,int,NULL,10,0,YES,NULL
dbo,PHARM_NETWORK,PHARMACY_NAME,12,char,35,NULL,NULL,YES,NULL
dbo,PHARM_NETWORK,CHAIN_EFF_DATE_1,13,datetime,NULL,NULL,NULL,YES,NULL
dbo,PHARM_NETWORK,PDM_CHAIN_NUMBER_2,14,int,NULL,10,0,YES,NULL
dbo,PHARM_NETWORK,CHAIN_EFF_DATE_2,15,datetime,NULL,NULL,NULL,YES,NULL
dbo,PHARM_NETWORK,PDM_CHAIN_NUMBER_3,16,int,NULL,10,0,YES,NULL
dbo,PHARM_NETWORK,CHAIN_EFF_DATE_3,17,datetime,NULL,NULL,NULL,YES,NULL
dbo,PHARM_NETWORK,REIMB_RATE_NUMBER_1,18,int,NULL,10,0,YES,NULL
dbo,PHARM_NETWORK,RR_DESCRIPTION,19,char,30,NULL,NULL,YES,NULL
dbo,PHARM_NETWORK,RR_EFF_DATE_1,20,datetime,NULL,NULL,NULL,YES,NULL
dbo,PHARM_NETWORK,REIMB_RATE_NUMBER_2,21,int,NULL,10,0,YES,NULL
dbo,PHARM_NETWORK,RR_EFF_DATE_2,22,datetime,NULL,NULL,NULL,YES,NULL
dbo,PHARM_NETWORK,REIMB_RATE_NUMBER_3,23,int,NULL,10,0,YES,NULL
dbo,PHARM_NETWORK,RR_EFF_DATE_3,24,datetime,NULL,NULL,NULL,YES,NULL
dbo,PHARM_NETWORK,REIMB_RATE_NUMBER_4,25,int,NULL,10,0,YES,NULL
dbo,PHARM_NETWORK,RR_EFF_DATE_4,26,datetime,NULL,NULL,NULL,YES,NULL
dbo,PHARM_NETWORK,REIMB_RATE_NUMBER_5,27,int,NULL,10,0,YES,NULL
dbo,PHARM_NETWORK,RR_EFF_DATE_5,28,datetime,NULL,NULL,NULL,YES,NULL
dbo,PHARM_NETWORK,MAIL_ORDER_FLAG,29,char,1,NULL,NULL,YES,NULL
dbo,PHARM_NETWORK,REJECT_205_OVERRIDE,30,char,1,NULL,NULL,YES,NULL
dbo,PHARM_NETWORK,MAIL_DAYS_SWITCH,31,int,NULL,10,0,YES,NULL
dbo,PHARM_NETWORK,PROGRAM_NAME_1,32,char,3,NULL,NULL,YES,NULL
dbo,PHARM_NETWORK,UPDATE_1,33,datetime,NULL,NULL,NULL,YES,NULL
dbo,PHARM_NETWORK,PROGRAM_NAME_2,34,char,3,NULL,NULL,YES,NULL
dbo,PHARM_NETWORK,UPDATE_2,35,datetime,NULL,NULL,NULL,YES,NULL
dbo,PHARM_NETWORK,PROGRAM_NAME_3,36,char,3,NULL,NULL,YES,NULL
dbo,PHARM_NETWORK,UPDATE_3,37,datetime,NULL,NULL,NULL,YES,NULL
dbo,PHARM_NETWORK,PROGRAM_NAME_4,38,char,3,NULL,NULL,YES,NULL
dbo,PHARM_NETWORK,UPDATE_4,39,datetime,NULL,NULL,NULL,YES,NULL
dbo,PHARM_NETWORK,PROGRAM_NAME_5,40,char,3,NULL,NULL,YES,NULL
dbo,PHARM_NETWORK,UPDATE_5,41,datetime,NULL,NULL,NULL,YES,NULL
dbo,PHARM_NETWORK,COPAY_LOGIC,42,char,1,NULL,NULL,YES,NULL
dbo,PHARM_NETWORK,CHAIN_LOAD_FLAG,43,char,1,NULL,NULL,YES,NULL
dbo,PHARM_NETWORK,REJECT_204_OVERRIDE,44,char,1,NULL,NULL,YES,NULL
dbo,PHARM_NETWORK,ADD_DATE,45,datetime,NULL,NULL,NULL,YES,NULL
dbo,PHARM_NETWORK,CHG_DATE,46,datetime,NULL,NULL,NULL,YES,NULL
dbo,PHARM_NETWORK,PHARM_NET_KEY,47,char,16,NULL,NULL,NO,NULL
dbo,PHARM_NETWORK,CONTRACT_PDB_FLAG,48,char,1,NULL,NULL,YES,NULL
dbo,PHARM_NETWORK,OVERRIDE_225_FLAG,49,char,1,NULL,NULL,YES,NULL
dbo,PHARM_NETWORK,PURGE_STATUS,50,int,NULL,10,0,YES,NULL
dbo,PHARM_NETWORK,CONTINUE_SEARCH,51,char,1,NULL,NULL,YES,NULL
dbo,PHARM_NETWORK,PROGEN_CHAIN,52,int,NULL,10,0,YES,NULL
dbo,PHARM_NETWORK,NETWORK_DESCRIPTION,53,varchar,20,NULL,NULL,YES,NULL
dbo,PHARM_NETWORK,PricePrevailsFlag,54,char,1,NULL,NULL,YES,NULL
dbo,PHARM_NETWORK,POS_Tip,55,char,1,NULL,NULL,YES,NULL
dbo,PHARM_NETWORK,GroupNbr,56,float,NULL,53,NULL,YES,NULL
dbo,PHARM_NETWORK,LoeExclusionFlag,57,char,1,NULL,NULL,YES,NULL
dbo,PHARM_NETWORK,TCSpecialDispFee,58,char,1,NULL,NULL,YES,NULL
dbo,PHARM_NETWORK,SnglSrcGenExclusionFlag,59,char,1,NULL,NULL,YES,NULL
dbo,PHARM_NETWORK,PharmSpecialtyFlag,60,char,1,NULL,NULL,YES,NULL
dbo,PHARM_NETWORK,TypeCode44Flag,61,char,1,NULL,NULL,YES,NULL
dbo,PHARM_NETWORK,EffDate4,62,datetime,NULL,NULL,NULL,YES,NULL
dbo,PHARM_NETWORK,EffDate5,63,datetime,NULL,NULL,NULL,YES,NULL
dbo,PHARM_NETWORK,TermDate4,64,datetime,NULL,NULL,NULL,YES,NULL
dbo,PHARM_NETWORK,TermDate5,65,datetime,NULL,NULL,NULL,YES,NULL
dbo,PHARM_NETWORK,PDMChainNumber4,66,int,NULL,10,0,YES,NULL
dbo,PHARM_NETWORK,PDMChainNumber5,67,int,NULL,10,0,YES,NULL
dbo,PHARM_NETWORK,ChainEffDate4,68,datetime,NULL,NULL,NULL,YES,NULL
dbo,PHARM_NETWORK,ChainEffDate5,69,datetime,NULL,NULL,NULL,YES,NULL
dbo,PHARM_NETWORK,SpecFormTypeCode,70,int,NULL,10,0,YES,NULL
dbo,PHARM_NETWORK,SpecFormGenTbl,71,int,NULL,10,0,YES,NULL
dbo,PHARM_NETWORK,WarehouseLoadDate,72,datetime,NULL,NULL,NULL,YES,NULL
dbo,PHARM_NETWORK,WarehouseChangeDate,73,datetime,NULL,NULL,NULL,YES,NULL
dbo,PHARM_STATE_CODE_DESCRIPTION,State Code,1,nvarchar,255,NULL,NULL,YES,NULL
dbo,PHARM_STATE_CODE_DESCRIPTION,State,2,nvarchar,255,NULL,NULL,YES,NULL
dbo,PHARMACY_DATA,PHARMACY_NUMBER,1,int,NULL,10,0,NO,NULL
dbo,PHARMACY_DATA,PHARMACY_NAME,2,char,35,NULL,NULL,YES,NULL
dbo,PHARMACY_DATA,CITY,3,char,18,NULL,NULL,YES,NULL
dbo,PHARMACY_DATA,STATE,4,char,2,NULL,NULL,YES,NULL
dbo,PHARMACY_DATA,ZIP,5,char,5,NULL,NULL,YES,NULL
dbo,PHARMACY_DATA,PURGE_STATUS,6,int,NULL,10,0,YES,NULL
dbo,PHARMACY_NETWORK_DESCRIPTION,NETWORK_NUMBER,1,int,NULL,10,0,NO,NULL
dbo,PHARMACY_NETWORK_DESCRIPTION,DESCRIPTION,2,varchar,120,NULL,NULL,YES,NULL
dbo,PharmacyLock,PharmacyNbr,1,int,NULL,10,0,NO,NULL
dbo,PharmacyLock,LockType,2,char,1,NULL,NULL,YES,NULL
dbo,PharmacyLock,EffDate,3,datetime,NULL,NULL,NULL,YES,NULL
dbo,PharmacyLock,TermDate,4,datetime,NULL,NULL,NULL,YES,NULL
dbo,PharmacyLock,WarehouseLoadDate,5,datetime,NULL,NULL,NULL,YES,NULL
dbo,PharmacyLock,WarehouseChangeDate,6,datetime,NULL,NULL,NULL,YES,NULL
dbo,PharmNetDescription,System,1,int,NULL,10,0,NO,NULL
dbo,PharmNetDescription,Sponsor,2,int,NULL,10,0,NO,NULL
dbo,PharmNetDescription,NetworkNbr,3,int,NULL,10,0,NO,NULL
dbo,PharmNetDescription,PrimarySecondary,4,char,1,NULL,NULL,YES,NULL
dbo,PharmNetDescription,Description,5,varchar,20,NULL,NULL,YES,NULL
dbo,PharmNetDescription,Description2,6,varchar,20,NULL,NULL,YES,NULL
dbo,PharmNetDescription,PatchCode,7,char,1,NULL,NULL,YES,NULL
dbo,PharmNetDescription,PDMMacFlag,8,char,1,NULL,NULL,YES,NULL
dbo,PharmNetDescription,NoFinancial,9,char,1,NULL,NULL,YES,NULL
dbo,PharmNetDescription,SpecNetLoad,10,char,1,NULL,NULL,YES,NULL
dbo,PharmNetDescription,AssocNetFlag,11,char,1,NULL,NULL,YES,NULL
dbo,PharmNetDescription,ABCNetFlag,12,char,1,NULL,NULL,YES,NULL
dbo,PharmNetDescription,NCPDPTermFlag,13,char,1,NULL,NULL,YES,NULL
dbo,PharmNetDescription,CustABCNetFlag,14,char,1,NULL,NULL,YES,NULL
dbo,PharmNetDescription,LOEFlag,15,char,1,NULL,NULL,YES,NULL
dbo,PharmNetDescription,SnglSrcGenFlag,16,char,1,NULL,NULL,YES,NULL
dbo,PharmNetDescription,PrefPharmFlag,17,char,1,NULL,NULL,YES,NULL
dbo,PharmNetDescription,WarehouseLoadDate,18,datetime,NULL,NULL,NULL,YES,NULL
dbo,PharmNetDescription,WarehouseChangeDate,19,datetime,NULL,NULL,NULL,YES,NULL
dbo,PharmNetDescription,SCNetPrcApplies,20,char,1,NULL,NULL,YES,NULL
dbo,PHDEM,NABP_NUMBER,1,int,NULL,10,0,NO,NULL
dbo,PHDEM,SYSTEM_NUMBER,2,int,NULL,10,0,NO,NULL
dbo,PHDEM,PHARMACY_NAME,3,char,35,NULL,NULL,YES,NULL
dbo,PHDEM,STREET_1,4,char,35,NULL,NULL,YES,NULL
dbo,PHDEM,STREET_2,5,char,35,NULL,NULL,YES,NULL
dbo,PHDEM,CITY,6,char,18,NULL,NULL,YES,NULL
dbo,PHDEM,STATE,7,char,2,NULL,NULL,YES,NULL
dbo,PHDEM,ZIP,8,int,NULL,10,0,YES,NULL
dbo,PHDEM,ZIP_4,9,int,NULL,10,0,YES,NULL
dbo,PHDEM,BILL_STREET_1,10,char,35,NULL,NULL,YES,NULL
dbo,PHDEM,BILL_STREET_2,11,char,35,NULL,NULL,YES,NULL
dbo,PHDEM,BILL_CITY,12,char,18,NULL,NULL,YES,NULL
dbo,PHDEM,BILL_STATE,13,char,2,NULL,NULL,YES,NULL
dbo,PHDEM,BILL_ZIP,14,int,NULL,10,0,YES,NULL
dbo,PHDEM,BILL_ZIP_4,15,int,NULL,10,0,YES,NULL
dbo,PHDEM,PHONE,16,char,10,NULL,NULL,YES,NULL
dbo,PHDEM,FAX,17,char,10,NULL,NULL,YES,NULL
dbo,PHDEM,PDM_CHAIN_1,18,int,NULL,10,0,YES,NULL
dbo,PHDEM,PRIMARY_CHAIN_NUMBER,19,char,3,NULL,NULL,YES,NULL
dbo,PHDEM,TRAN_CODE_1,20,char,1,NULL,NULL,YES,NULL
dbo,PHDEM,SEVENTH_DIGIT,21,int,NULL,10,0,YES,NULL
dbo,PHDEM,STORE_NUMBER,22,char,10,NULL,NULL,YES,NULL
dbo,PHDEM,DISPENSER_CLASS_CODE,23,int,NULL,10,0,YES,NULL
dbo,PHDEM,DISPENSER_TYPE_CODE,24,char,3,NULL,NULL,YES,NULL
dbo,PHDEM,NPI_NUMBER,25,char,10,NULL,NULL,YES,NULL
dbo,PHDEM,VERSION_NBR_1,26,int,NULL,10,0,YES,NULL
dbo,PHDEM,VERSION_EFF_DATE_1,27,datetime,NULL,NULL,NULL,YES,NULL
dbo,PHDEM,VERSION_NBR_2,28,int,NULL,10,0,YES,NULL
dbo,PHDEM,VERSION_EFF_DATE_2,29,datetime,NULL,NULL,NULL,YES,NULL
dbo,PHDEM,VERSION_NBR_3,30,int,NULL,10,0,YES,NULL
dbo,PHDEM,VERSION_EFF_DATE_3,31,datetime,NULL,NULL,NULL,YES,NULL
dbo,PHDEM,VERSION_NBR_4,32,int,NULL,10,0,YES,NULL
dbo,PHDEM,VERSION_EFF_DATE_4,33,datetime,NULL,NULL,NULL,YES,NULL
dbo,PHDEM,VERSION_NBR_5,34,int,NULL,10,0,YES,NULL
dbo,PHDEM,VERSION_EFF_DATE_5,35,datetime,NULL,NULL,NULL,YES,NULL
dbo,PHDEM,PURGE_STATUS,36,int,NULL,10,0,YES,NULL
dbo,PHDEM,STATEMENT_DETAIL,37,char,1,NULL,NULL,YES,NULL
dbo,PHDEM,CHAIN_NUMBER_1,38,char,3,NULL,NULL,YES,NULL
dbo,PHDEM,CHAIN_NUMBER_2,39,char,3,NULL,NULL,YES,NULL
dbo,PHDEM,CHAIN_NUMBER_3,40,char,3,NULL,NULL,YES,NULL
dbo,PHDEM,CHAIN_NUMBER_4,41,char,3,NULL,NULL,YES,NULL
dbo,PHDEM,CHAIN_NUMBER_5,42,char,3,NULL,NULL,YES,NULL
dbo,PHDEM,CHAIN_EFF_DATE_1,43,datetime,NULL,NULL,NULL,YES,NULL
dbo,PHDEM,CHAIN_EFF_DATE_2,44,datetime,NULL,NULL,NULL,YES,NULL
dbo,PHDEM,CHAIN_EFF_DATE_3,45,datetime,NULL,NULL,NULL,YES,NULL
dbo,PHDEM,CHAIN_EFF_DATE_4,46,datetime,NULL,NULL,NULL,YES,NULL
dbo,PHDEM,CHAIN_EFF_DATE_5,47,datetime,NULL,NULL,NULL,YES,NULL
dbo,PHDEM,PAYMENT_CODE_1,48,char,6,NULL,NULL,YES,NULL
dbo,PHDEM,PAYMENT_CODE_2,49,char,6,NULL,NULL,YES,NULL
dbo,PHDEM,PAYMENT_CODE_3,50,char,6,NULL,NULL,YES,NULL
dbo,PHDEM,PAYMENT_CODE_4,51,char,6,NULL,NULL,YES,NULL
dbo,PHDEM,PAYMENT_CODE_5,52,char,6,NULL,NULL,YES,NULL
dbo,PHDEM,PAY_CODE_EFF_DATE_1,53,datetime,NULL,NULL,NULL,YES,NULL
dbo,PHDEM,PAY_CODE_EFF_DATE_2,54,datetime,NULL,NULL,NULL,YES,NULL
dbo,PHDEM,PAY_CODE_EFF_DATE_3,55,datetime,NULL,NULL,NULL,YES,NULL
dbo,PHDEM,PAY_CODE_EFF_DATE_4,56,datetime,NULL,NULL,NULL,YES,NULL
dbo,PHDEM,PAY_CODE_EFF_DATE_5,57,datetime,NULL,NULL,NULL,YES,NULL
dbo,PHDEM,FEDERAL_LICENSE_NUMBER,58,char,12,NULL,NULL,YES,NULL
dbo,PHDEM,FEDERAL_TAX_ID_NUMBER,59,char,15,NULL,NULL,YES,NULL
dbo,PHDEM,STATE_LICENSE_NUMBER,60,char,20,NULL,NULL,YES,NULL
dbo,PHDEM,STATE_TAX_ID_NUMBER,61,char,15,NULL,NULL,YES,NULL
dbo,PHDEM,MEDICAID_ID_NUMBER,62,char,20,NULL,NULL,YES,NULL
dbo,PHDEM,FLAG_24HR_OPERATION,63,char,1,NULL,NULL,YES,NULL
dbo,PHDEM,PHARMACY_HOURS,64,char,35,NULL,NULL,YES,NULL
dbo,PHDEM,ELECT_FUND_TRANS_ROUTE,65,char,9,NULL,NULL,YES,NULL
dbo,PHDEM,SEPERATE_CHECK_FLAG,66,char,1,NULL,NULL,YES,NULL
dbo,PHDEM,MAIL_FACILITY,67,char,1,NULL,NULL,YES,NULL
dbo,PHDEM,REUSED_FLAG,68,char,1,NULL,NULL,YES,NULL
dbo,PHDEM,REUSED_TERM_DATE,69,datetime,NULL,NULL,NULL,YES,NULL
dbo,PHDEM,REUSED_OLD_CHAIN,70,int,NULL,10,0,YES,NULL
dbo,PHDEM,MAIL_SWITCH_NUMBER,71,int,NULL,10,0,YES,NULL
dbo,PHDEM,OLD_NABP,72,int,NULL,10,0,YES,NULL
dbo,PHDEM,NEW_NABP,73,int,NULL,10,0,YES,NULL
dbo,PHDEM,PATCH_FLAG,74,char,1,NULL,NULL,YES,NULL
dbo,PHDEM,ASSOCIATED_CHAIN_FLAG,75,char,1,NULL,NULL,YES,NULL
dbo,PHDEM,ISA_ID_QUAL,76,char,2,NULL,NULL,YES,NULL
dbo,PHDEM,ISA_ID,77,char,15,NULL,NULL,YES,NULL
dbo,PHDEM,INDEP_CODE,78,int,NULL,10,0,YES,NULL
dbo,PHDEM,IND_EFF,79,datetime,NULL,NULL,NULL,YES,NULL
dbo,PHDEM,PDM_CHAIN_NUMBER_2,80,int,NULL,10,0,YES,NULL
dbo,PHDEM,PDM_CHAIN_NUMBER_3,81,int,NULL,10,0,YES,NULL
dbo,PHDEM,PDM_CHAIN_NUMBER_4,82,int,NULL,10,0,YES,NULL
dbo,PHDEM,PDM_CHAIN_NUMBER_5,83,int,NULL,10,0,YES,NULL
dbo,PHDEM,PDM_CHAIN_NUMBER_6,84,int,NULL,10,0,YES,NULL
dbo,PHDEM,PDM_CHAIN_NUMBER_7,85,int,NULL,10,0,YES,NULL
dbo,PHDEM,PDM_CHAIN_NUMBER_8,86,int,NULL,10,0,YES,NULL
dbo,PHDEM,PDM_CHAIN_NUMBER_9,87,int,NULL,10,0,YES,NULL
dbo,PHDEM,PDM_CHAIN_NUMBER_10,88,int,NULL,10,0,YES,NULL
dbo,PHDEM,TRAN_CODE_2,89,char,1,NULL,NULL,YES,NULL
dbo,PHDEM,TRAN_CODE_3,90,char,1,NULL,NULL,YES,NULL
dbo,PHDEM,TRAN_CODE_4,91,char,1,NULL,NULL,YES,NULL
dbo,PHDEM,TRAN_CODE_5,92,char,1,NULL,NULL,YES,NULL
dbo,PHDEM,TRAN_DATE_1,93,datetime,NULL,NULL,NULL,YES,NULL
dbo,PHDEM,TRAN_DATE_2,94,datetime,NULL,NULL,NULL,YES,NULL
dbo,PHDEM,TRAN_DATE_3,95,datetime,NULL,NULL,NULL,YES,NULL
dbo,PHDEM,TRAN_DATE_4,96,datetime,NULL,NULL,NULL,YES,NULL
dbo,PHDEM,TRAN_DATE_5,97,datetime,NULL,NULL,NULL,YES,NULL
dbo,PHDEM,ADD_DATE,98,datetime,NULL,NULL,NULL,YES,NULL
dbo,PHDEM,CHG_DATE,99,datetime,NULL,NULL,NULL,YES,NULL
dbo,PHDEM,NABP_7,100,varchar,7,NULL,NULL,YES,NULL
dbo,PHDEM,NOTES_1,101,varchar,60,NULL,NULL,YES,NULL
dbo,PHDEM,NOTES_2,102,varchar,60,NULL,NULL,YES,NULL
dbo,PHDEM,EFT_FLAG_1,103,varchar,1,NULL,NULL,YES,NULL
dbo,PHDEM,EFT_EFF_DATE_1,104,datetime,NULL,NULL,NULL,YES,NULL
dbo,PHDEM,EFT_FLAG_2,105,varchar,1,NULL,NULL,YES,NULL
dbo,PHDEM,EFT_EFF_DATE_2,106,datetime,NULL,NULL,NULL,YES,NULL
dbo,PHDEM,EFT_FLAG_3,107,varchar,1,NULL,NULL,YES,NULL
dbo,PHDEM,EFT_EFF_DATE_3,108,datetime,NULL,NULL,NULL,YES,NULL
dbo,PHDEM,RURAL_INDICATOR,109,varchar,1,NULL,NULL,YES,NULL
dbo,PHDEM,EPRSCRIBING_SERVICE_LEVEL,110,varchar,4,NULL,NULL,YES,NULL
dbo,PHDEM,EPRESCRIBING_EFF_DATE,111,datetime,NULL,NULL,NULL,YES,NULL
dbo,PHDEM,EPRESCRIBING_TERM_DATE,112,datetime,NULL,NULL,NULL,YES,NULL
dbo,PHDEM,LONGITUDE,113,float,NULL,53,NULL,YES,NULL
dbo,PHDEM,LATITUDE,114,float,NULL,53,NULL,YES,NULL
dbo,PHDEM,GEOCODEQUALITYCODE,115,varchar,10,NULL,NULL,YES,NULL
dbo,PHDEM,ADDRESSHASH,116,varchar,64,NULL,NULL,YES,NULL
dbo,PHDEM,WarehouseLoadDate,117,datetime,NULL,NULL,NULL,YES,NULL
dbo,PHDEM,WarehouseChangeDate,118,datetime,NULL,NULL,NULL,YES,NULL
dbo,PHDEM,CheckHoldFlag,119,varchar,3,NULL,NULL,YES,NULL
dbo,PHDEM,IsPrimaryFlag,120,char,1,NULL,NULL,YES,NULL
dbo,PHYSICIAN_DATA,PHYSICIAN_KEY,1,char,14,NULL,NULL,NO,NULL
dbo,PHYSICIAN_DATA,PHYSICIAN_NUMBER,2,char,14,NULL,NULL,YES,NULL
dbo,PHYSICIAN_DATA,PHYSICIAN_ADDRESS_1,3,char,40,NULL,NULL,YES,NULL
dbo,PHYSICIAN_DATA,PHYSICIAN_ADDRESS_2,4,char,40,NULL,NULL,YES,NULL
dbo,PHYSICIAN_DATA,PHYSICIAN_CITY,5,char,30,NULL,NULL,YES,NULL
dbo,PHYSICIAN_DATA,PHYSICIAN_STATE,6,char,2,NULL,NULL,YES,NULL
dbo,PHYSICIAN_DATA,PHYSICIAN_AREA_CODE,7,char,5,NULL,NULL,YES,NULL
dbo,PHYSICIAN_DATA,PHYSICIAN_PHONE_NO,8,char,10,NULL,NULL,YES,NULL
dbo,PHYSICIAN_DATA,PHYSICIAN_TITLE,9,char,5,NULL,NULL,YES,NULL
dbo,PHYSICIAN_DATA,PHYSICIAN_SPONSOR,10,int,NULL,10,0,YES,NULL
dbo,PHYSICIAN_DATA,PHYSICIAN_LAST_NAME,11,char,30,NULL,NULL,YES,NULL
dbo,PHYSICIAN_DATA,PHYSICIAN_FIRST_NAME,12,char,30,NULL,NULL,YES,NULL
dbo,PHYSICIAN_DATA,PHYSICIAN_ZIP_CODE,13,char,10,NULL,NULL,YES,NULL
dbo,PHYSICIAN_DATA,PHYSICIAN_SPECIALTY,14,char,10,NULL,NULL,YES,NULL
dbo,PHYSICIAN_DATA,DEA_PHYS_NAME,15,char,40,NULL,NULL,YES,NULL
dbo,PHYSICIAN_DATA,PHYSICIAN_MI,16,char,1,NULL,NULL,YES,NULL
dbo,PHYSICIAN_DATA,PHYS_ZIP,17,char,10,NULL,NULL,YES,NULL
dbo,PHYSICIAN_DATA,PHYS_ZIP4,18,char,10,NULL,NULL,YES,NULL
dbo,PHYSICIAN_DATA,PHYS_SECONDARY_SPECIALTY_1,19,char,10,NULL,NULL,YES,NULL
dbo,PHYSICIAN_DATA,PHYS_SECONDARY_SPECIALTY_2,20,char,10,NULL,NULL,YES,NULL
dbo,PHYSICIAN_DATA,PHYS_SECONDARY_SPECIALTY_3,21,char,10,NULL,NULL,YES,NULL
dbo,PHYSICIAN_DATA,PHYS_SECONDARY_SPECIALTY_4,22,char,10,NULL,NULL,YES,NULL
dbo,PHYSICIAN_DATA,PHYS_STATE_ID,23,char,14,NULL,NULL,YES,NULL
dbo,PHYSICIAN_DATA,PHYS_OH_MED_ID,24,char,14,NULL,NULL,YES,NULL
dbo,PHYSICIAN_DATA,PHYS_DEA_NUMBER,25,char,14,NULL,NULL,YES,NULL
dbo,PHYSICIAN_DATA,PHYS_EFF_DATE,26,datetime,NULL,NULL,NULL,YES,NULL
dbo,PHYSICIAN_DATA,PHYS_TER_DATE,27,datetime,NULL,NULL,NULL,YES,NULL
dbo,PHYSICIAN_DATA,PHYS_STATUS,28,char,1,NULL,NULL,YES,NULL
dbo,PHYSICIAN_DATA,PHYS_PRINT_FLAG,29,char,1,NULL,NULL,YES,NULL
dbo,PHYSICIAN_DATA,PHYS_SYSTEM_PHY_ID_NUM,30,char,14,NULL,NULL,YES,NULL
dbo,PHYSICIAN_DATA,PHYS_PHO_NBR_1,31,char,14,NULL,NULL,YES,NULL
dbo,PHYSICIAN_DATA,PHYS_PHO_NBR_2,32,char,14,NULL,NULL,YES,NULL
dbo,PHYSICIAN_DATA,PHYS_PHO_NBR_3,33,char,14,NULL,NULL,YES,NULL
dbo,PHYSICIAN_DATA,PHYS_EFF_1,34,datetime,NULL,NULL,NULL,YES,NULL
dbo,PHYSICIAN_DATA,PHYS_EFF_2,35,datetime,NULL,NULL,NULL,YES,NULL
dbo,PHYSICIAN_DATA,PHYS_EFF_3,36,datetime,NULL,NULL,NULL,YES,NULL
dbo,PHYSICIAN_DATA,PHYS_IND_GRP,37,char,3,NULL,NULL,YES,NULL
dbo,PHYSICIAN_DATA,PHYS_MANUAL_DATE,38,datetime,NULL,NULL,NULL,YES,NULL
dbo,PHYSICIAN_DATA,PHYS_FILE_DATE,39,datetime,NULL,NULL,NULL,YES,NULL
dbo,PHYSICIAN_DATA,PURGE_STATUS,40,int,NULL,10,0,YES,NULL
dbo,PhysicianSponsor,PHYSICIAN_NUMBER,1,char,14,NULL,NULL,NO,NULL
dbo,PhysicianSponsor,PHYSICIAN_ADDRESS_1,2,char,40,NULL,NULL,YES,NULL
dbo,PhysicianSponsor,PHYSICIAN_ADDRESS_2,3,char,40,NULL,NULL,YES,NULL
dbo,PhysicianSponsor,PHYSICIAN_CITY,4,char,30,NULL,NULL,YES,NULL
dbo,PhysicianSponsor,PHYSICIAN_STATE,5,char,2,NULL,NULL,YES,NULL
dbo,PhysicianSponsor,PHYSICIAN_AREA_CODE,6,char,5,NULL,NULL,YES,NULL
dbo,PhysicianSponsor,PHYSICIAN_PHONE_NO,7,char,10,NULL,NULL,YES,NULL
dbo,PhysicianSponsor,PHYSICIAN_TITLE,8,char,5,NULL,NULL,YES,NULL
dbo,PhysicianSponsor,PHYSICIAN_SPONSOR,9,int,NULL,10,0,NO,NULL
dbo,PhysicianSponsor,PHYSICIAN_LAST_NAME,10,char,30,NULL,NULL,YES,NULL
dbo,PhysicianSponsor,PHYSICIAN_FIRST_NAME,11,char,30,NULL,NULL,YES,NULL
dbo,PhysicianSponsor,PHYSICIAN_ZIP_CODE,12,char,10,NULL,NULL,YES,NULL
dbo,PhysicianSponsor,PHYSICIAN_SPECIALTY,13,char,10,NULL,NULL,YES,NULL
dbo,PhysicianSponsor,DEA_PHYS_NAME,14,char,40,NULL,NULL,YES,NULL
dbo,PhysicianSponsor,PHYSICIAN_MI,15,char,1,NULL,NULL,YES,NULL
dbo,PhysicianSponsor,PHYS_ZIP,16,char,10,NULL,NULL,YES,NULL
dbo,PhysicianSponsor,PHYS_ZIP4,17,char,10,NULL,NULL,YES,NULL
dbo,PhysicianSponsor,PHYS_SECONDARY_SPECIALTY_1,18,char,10,NULL,NULL,YES,NULL
dbo,PhysicianSponsor,PHYS_SECONDARY_SPECIALTY_2,19,char,10,NULL,NULL,YES,NULL
dbo,PhysicianSponsor,PHYS_SECONDARY_SPECIALTY_3,20,char,10,NULL,NULL,YES,NULL
dbo,PhysicianSponsor,PHYS_SECONDARY_SPECIALTY_4,21,char,10,NULL,NULL,YES,NULL
dbo,PhysicianSponsor,PHYS_STATE_ID,22,char,14,NULL,NULL,YES,NULL
dbo,PhysicianSponsor,PHYS_OH_MED_ID,23,char,14,NULL,NULL,YES,NULL
dbo,PhysicianSponsor,PHYS_DEA_NUMBER,24,char,14,NULL,NULL,YES,NULL
dbo,PhysicianSponsor,PHYS_EFF_DATE,25,datetime,NULL,NULL,NULL,YES,NULL
dbo,PhysicianSponsor,PHYS_TER_DATE,26,datetime,NULL,NULL,NULL,YES,NULL
dbo,PhysicianSponsor,PHYS_STATUS,27,char,1,NULL,NULL,YES,NULL
dbo,PhysicianSponsor,PHYS_PRINT_FLAG,28,char,1,NULL,NULL,YES,NULL
dbo,PhysicianSponsor,PHYS_SYSTEM_PHY_ID_NUM,29,char,14,NULL,NULL,YES,NULL
dbo,PhysicianSponsor,PHYS_PHO_NBR_1,30,char,14,NULL,NULL,YES,NULL
dbo,PhysicianSponsor,PHYS_PHO_NBR_2,31,char,14,NULL,NULL,YES,NULL
dbo,PhysicianSponsor,PHYS_PHO_NBR_3,32,char,14,NULL,NULL,YES,NULL
dbo,PhysicianSponsor,PHYS_EFF_1,33,datetime,NULL,NULL,NULL,YES,NULL
dbo,PhysicianSponsor,PHYS_EFF_2,34,datetime,NULL,NULL,NULL,YES,NULL
dbo,PhysicianSponsor,PHYS_EFF_3,35,datetime,NULL,NULL,NULL,YES,NULL
dbo,PhysicianSponsor,PHYS_IND_GRP,36,char,3,NULL,NULL,YES,NULL
dbo,PhysicianSponsor,PHYS_MANUAL_DATE,37,datetime,NULL,NULL,NULL,YES,NULL
dbo,PhysicianSponsor,PHYS_FILE_DATE,38,datetime,NULL,NULL,NULL,YES,NULL
dbo,PhysicianSponsor,PURGE_STATUS,39,int,NULL,10,0,YES,NULL
dbo,PhysicianSponsor,WarehouseLoadDate,40,datetime,NULL,NULL,NULL,YES,NULL
dbo,PhysicianSponsor,WarehouseChangeDate,41,datetime,NULL,NULL,NULL,YES,NULL
dbo,PLAN_DATA,PLAN_KEY,1,char,16,NULL,NULL,NO,NULL
dbo,PLAN_DATA,PLAN_NUMBER,2,char,8,NULL,NULL,YES,NULL
dbo,PLAN_DATA,PLAN_DESCRIPTION,3,char,30,NULL,NULL,YES,NULL
dbo,PLAN_DATA,PLAN_MAX_SINGLE,4,decimal,NULL,18,2,YES,NULL
dbo,PLAN_DATA,PLAN_MAX_FAMILY,5,decimal,NULL,18,2,YES,NULL
dbo,PLAN_DATA,PLAN_DED_SINGLE,6,decimal,NULL,18,2,YES,NULL
dbo,PLAN_DATA,PLAN_DED_FAMILY,7,decimal,NULL,18,2,YES,NULL
dbo,PLAN_DATA,BC_COV,8,char,1,NULL,NULL,YES,NULL
dbo,PLAN_DATA,NEEDLE_COV,9,char,1,NULL,NULL,YES,NULL
dbo,PLAN_DATA,INSULIN_COV,10,char,1,NULL,NULL,YES,NULL
dbo,PLAN_DATA,COPAY_NDL_COV,11,char,1,NULL,NULL,YES,NULL
dbo,PLAN_DATA,MAX_DAYS,12,int,NULL,10,0,YES,NULL
dbo,PLAN_DATA,STAND_DAYS,13,int,NULL,10,0,YES,NULL
dbo,PLAN_DATA,INJ_FLAG,14,char,1,NULL,NULL,YES,NULL
dbo,PLAN_DATA,COMPOUND_FLAG,15,char,1,NULL,NULL,YES,NULL
dbo,PLAN_DATA,UCR_FLAG,16,char,1,NULL,NULL,YES,NULL
dbo,PLAN_DATA,MAIL_ORDER_CD,17,char,1,NULL,NULL,YES,NULL
dbo,PLAN_DATA,COPAY_MONTH,18,char,1,NULL,NULL,YES,NULL
dbo,PLAN_DATA,ACTIVE_OPTION,19,char,1,NULL,NULL,YES,NULL
dbo,PLAN_DATA,MAX_CLAIM_AMT,20,decimal,NULL,18,2,YES,NULL
dbo,PLAN_DATA,MAIL_LIMIT,21,char,1,NULL,NULL,YES,NULL
dbo,PLAN_DATA,MAND_MAIL_FLAG,22,char,1,NULL,NULL,YES,NULL
dbo,PLAN_DATA,MAND_MAIL_FILLS,23,int,NULL,10,0,YES,NULL
dbo,PLAN_DATA,MAINT_LOWER_FLAG,24,char,1,NULL,NULL,YES,NULL
dbo,PLAN_DATA,MAINT_LOWER_FILLS,25,int,NULL,10,0,YES,NULL
dbo,PLAN_DATA,MAINT_MEDISPAN,26,char,1,NULL,NULL,YES,NULL
dbo,PLAN_DATA,DAYS_CUT_1,27,int,NULL,10,0,YES,NULL
dbo,PLAN_DATA,DAYS_CUT_2,28,int,NULL,10,0,YES,NULL
dbo,PLAN_DATA,DAYS_CUT_3,29,int,NULL,10,0,YES,NULL
dbo,PLAN_DATA,EXC_TABLE_1,30,char,1,NULL,NULL,YES,NULL
dbo,PLAN_DATA,DRUG_STATUS_1,31,char,1,NULL,NULL,YES,NULL
dbo,PLAN_DATA,EXC_TABLE_2,32,char,1,NULL,NULL,YES,NULL
dbo,PLAN_DATA,DRUG_STATUS_2,33,char,1,NULL,NULL,YES,NULL
dbo,PLAN_DATA,EXC_TABLE_3,34,char,1,NULL,NULL,YES,NULL
dbo,PLAN_DATA,DRUG_STATUS_3,35,char,1,NULL,NULL,YES,NULL
dbo,PLAN_DATA,EXC_TABLE_4,36,char,1,NULL,NULL,YES,NULL
dbo,PLAN_DATA,DRUG_STATUS_4,37,char,1,NULL,NULL,YES,NULL
dbo,PLAN_DATA,EXC_TABLE_5,38,char,1,NULL,NULL,YES,NULL
dbo,PLAN_DATA,DRUG_STATUS_5,39,char,1,NULL,NULL,YES,NULL
dbo,PLAN_DATA,EXC_TABLE_6,40,char,1,NULL,NULL,YES,NULL
dbo,PLAN_DATA,DRUG_STATUS_6,41,char,1,NULL,NULL,YES,NULL
dbo,PLAN_DATA,EXC_TABLE_7,42,char,1,NULL,NULL,YES,NULL
dbo,PLAN_DATA,DRUG_STATUS_7,43,char,1,NULL,NULL,YES,NULL
dbo,PLAN_DATA,EXC_TABLE_8,44,char,1,NULL,NULL,YES,NULL
dbo,PLAN_DATA,DRUG_STATUS_8,45,char,1,NULL,NULL,YES,NULL
dbo,PLAN_DATA,EXC_TABLE_9,46,char,1,NULL,NULL,YES,NULL
dbo,PLAN_DATA,DRUG_STATUS_9,47,char,1,NULL,NULL,YES,NULL
dbo,PLAN_DATA,EXC_TABLE_10,48,char,1,NULL,NULL,YES,NULL
dbo,PLAN_DATA,DRUG_STATUS_10,49,char,1,NULL,NULL,YES,NULL
dbo,PLAN_DATA,EXC_TABLE_11,50,char,1,NULL,NULL,YES,NULL
dbo,PLAN_DATA,DRUG_STATUS_11,51,char,1,NULL,NULL,YES,NULL
dbo,PLAN_DATA,EXC_TABLE_12,52,char,1,NULL,NULL,YES,NULL
dbo,PLAN_DATA,DRUG_STATUS_12,53,char,1,NULL,NULL,YES,NULL
dbo,PLAN_DATA,EXC_TABLE_13,54,char,1,NULL,NULL,YES,NULL
dbo,PLAN_DATA,DRUG_STATUS_13,55,char,1,NULL,NULL,YES,NULL
dbo,PLAN_DATA,EXC_TABLE_14,56,char,1,NULL,NULL,YES,NULL
dbo,PLAN_DATA,DRUG_STATUS_14,57,char,1,NULL,NULL,YES,NULL
dbo,PLAN_DATA,EXC_TABLE_15,58,char,1,NULL,NULL,YES,NULL
dbo,PLAN_DATA,DRUG_STATUS_15,59,char,1,NULL,NULL,YES,NULL
dbo,PLAN_DATA,CMSTA_PLAN_TYPE,60,char,1,NULL,NULL,YES,NULL
dbo,PLAN_DATA,TROOP_AMOUNT,61,decimal,NULL,18,2,YES,NULL
dbo,PLAN_DATA,DEDUCT_APPLIES,62,char,1,NULL,NULL,YES,NULL
dbo,PLAN_DATA,COVERAGE_GAP_APPLIES,63,char,1,NULL,NULL,YES,NULL
dbo,PLAN_DATA,MEDD_BEN_CODE,64,char,16,NULL,NULL,YES,NULL
dbo,PLAN_DATA,DRUG_COPAY_1,65,int,NULL,10,0,YES,NULL
dbo,PLAN_DATA,DRUG_COPAY_2,66,int,NULL,10,0,YES,NULL
dbo,PLAN_DATA,DRUG_COPAY_3,67,int,NULL,10,0,YES,NULL
dbo,PLAN_DATA,DRUG_COPAY_4,68,int,NULL,10,0,YES,NULL
dbo,PLAN_DATA,DRUG_COPAY_5,69,int,NULL,10,0,YES,NULL
dbo,PLAN_DATA,DRUG_COPAY_6,70,int,NULL,10,0,YES,NULL
dbo,PLAN_DATA,DRUG_COPAY_7,71,int,NULL,10,0,YES,NULL
dbo,PLAN_DATA,DRUG_COPAY_8,72,int,NULL,10,0,YES,NULL
dbo,PLAN_DATA,DRUG_COPAY_9,73,int,NULL,10,0,YES,NULL
dbo,PLAN_DATA,DRUG_COPAY_10,74,int,NULL,10,0,YES,NULL
dbo,PLAN_DATA,DRUG_COPAY_11,75,int,NULL,10,0,YES,NULL
dbo,PLAN_DATA,DRUG_COPAY_12,76,int,NULL,10,0,YES,NULL
dbo,PLAN_DATA,DRUG_COPAY_13,77,int,NULL,10,0,YES,NULL
dbo,PLAN_DATA,DRUG_COPAY_14,78,int,NULL,10,0,YES,NULL
dbo,PLAN_DATA,DRUG_COPAY_15,79,int,NULL,10,0,YES,NULL
dbo,PLAN_DATA,DRUG_COPAY_16,80,int,NULL,10,0,YES,NULL
dbo,PLAN_DATA,DRUG_COPAY_17,81,int,NULL,10,0,YES,NULL
dbo,PLAN_DATA,DRUG_COPAY_18,82,int,NULL,10,0,YES,NULL
dbo,PLAN_DATA,DRUG_COPAY_19,83,int,NULL,10,0,YES,NULL
dbo,PLAN_DATA,DRUG_COPAY_20,84,int,NULL,10,0,YES,NULL
dbo,PLAN_DATA,EXC_TABLE_16,85,char,1,NULL,NULL,YES,NULL
dbo,PLAN_DATA,EXC_TABLE_17,86,char,1,NULL,NULL,YES,NULL
dbo,PLAN_DATA,EXC_TABLE_18,87,char,1,NULL,NULL,YES,NULL
dbo,PLAN_DATA,EXC_TABLE_19,88,char,1,NULL,NULL,YES,NULL
dbo,PLAN_DATA,EXC_TABLE_20,89,char,1,NULL,NULL,YES,NULL
dbo,PLAN_DATA,DRUG_STATUS_16,90,char,1,NULL,NULL,YES,NULL
dbo,PLAN_DATA,DRUG_STATUS_17,91,char,1,NULL,NULL,YES,NULL
dbo,PLAN_DATA,DRUG_STATUS_18,92,char,1,NULL,NULL,YES,NULL
dbo,PLAN_DATA,DRUG_STATUS_19,93,char,1,NULL,NULL,YES,NULL
dbo,PLAN_DATA,DRUG_STATUS_20,94,char,1,NULL,NULL,YES,NULL
dbo,PLAN_DATA,KIND_W_SPEC_OPTIONS,95,char,1,NULL,NULL,YES,NULL
dbo,PLAN_DATA,PURGE_STATUS,96,int,NULL,10,0,YES,NULL
dbo,PLAN_DATA,DRUG_TABLE_1,97,int,NULL,10,0,YES,NULL
dbo,PLAN_DATA,DRUG_TABLE_2,98,int,NULL,10,0,YES,NULL
dbo,PLAN_DATA,DRUG_TABLE_3,99,int,NULL,10,0,YES,NULL
dbo,PLAN_DATA,DRUG_TABLE_4,100,int,NULL,10,0,YES,NULL
dbo,PLAN_DATA,DRUG_TABLE_5,101,int,NULL,10,0,YES,NULL
dbo,PLAN_DATA,DRUG_TABLE_6,102,int,NULL,10,0,YES,NULL
dbo,PLAN_DATA,DRUG_TABLE_7,103,int,NULL,10,0,YES,NULL
dbo,PLAN_DATA,DRUG_TABLE_8,104,int,NULL,10,0,YES,NULL
dbo,PLAN_DATA,DRUG_TABLE_9,105,int,NULL,10,0,YES,NULL
dbo,PLAN_DATA,DRUG_TABLE_10,106,int,NULL,10,0,YES,NULL
dbo,PLAN_DATA,DRUG_EFF_DATE_1,107,datetime,NULL,NULL,NULL,YES,NULL
dbo,PLAN_DATA,DRUG_EFF_DATE_2,108,datetime,NULL,NULL,NULL,YES,NULL
dbo,PLAN_DATA,DRUG_EFF_DATE_3,109,datetime,NULL,NULL,NULL,YES,NULL
dbo,PLAN_DATA,DRUG_EFF_DATE_4,110,datetime,NULL,NULL,NULL,YES,NULL
dbo,PLAN_DATA,DRUG_EFF_DATE_5,111,datetime,NULL,NULL,NULL,YES,NULL
dbo,PLAN_DATA,DRUG_EFF_DATE_6,112,datetime,NULL,NULL,NULL,YES,NULL
dbo,PLAN_DATA,DRUG_EFF_DATE_7,113,datetime,NULL,NULL,NULL,YES,NULL
dbo,PLAN_DATA,DRUG_EFF_DATE_8,114,datetime,NULL,NULL,NULL,YES,NULL
dbo,PLAN_DATA,DRUG_EFF_DATE_9,115,datetime,NULL,NULL,NULL,YES,NULL
dbo,PLAN_DATA,DRUG_EFF_DATE_10,116,datetime,NULL,NULL,NULL,YES,NULL
dbo,PLAN_DATA,DRUG_TERM_DATE_1,117,datetime,NULL,NULL,NULL,YES,NULL
dbo,PLAN_DATA,DRUG_TERM_DATE_2,118,datetime,NULL,NULL,NULL,YES,NULL
dbo,PLAN_DATA,DRUG_TERM_DATE_3,119,datetime,NULL,NULL,NULL,YES,NULL
dbo,PLAN_DATA,DRUG_TERM_DATE_4,120,datetime,NULL,NULL,NULL,YES,NULL
dbo,PLAN_DATA,DRUG_TERM_DATE_5,121,datetime,NULL,NULL,NULL,YES,NULL
dbo,PLAN_DATA,DRUG_TERM_DATE_6,122,datetime,NULL,NULL,NULL,YES,NULL
dbo,PLAN_DATA,DRUG_TERM_DATE_7,123,datetime,NULL,NULL,NULL,YES,NULL
dbo,PLAN_DATA,DRUG_TERM_DATE_8,124,datetime,NULL,NULL,NULL,YES,NULL
dbo,PLAN_DATA,DRUG_TERM_DATE_9,125,datetime,NULL,NULL,NULL,YES,NULL
dbo,PLAN_DATA,DRUG_TERM_DATE_10,126,datetime,NULL,NULL,NULL,YES,NULL
dbo,PLAN_DATA,OTC_COVERAGE_CODE_1,127,char,1,NULL,NULL,YES,NULL
dbo,PLAN_DATA,OTC_COVERAGE_CODE_2,128,char,1,NULL,NULL,YES,NULL
dbo,PLAN_DATA,OTC_COVERAGE_CODE_3,129,char,1,NULL,NULL,YES,NULL
dbo,PLAN_DATA,OTC_COVERAGE_CODE_4,130,char,1,NULL,NULL,YES,NULL
dbo,PLAN_DATA,OTC_COVERAGE_CODE_5,131,char,1,NULL,NULL,YES,NULL
dbo,PLAN_DATA,OTC_COVERAGE_CODE_6,132,char,1,NULL,NULL,YES,NULL
dbo,PLAN_DATA,OTC_COVERAGE_CODE_7,133,char,1,NULL,NULL,YES,NULL
dbo,PLAN_DATA,OTC_COVERAGE_CODE_8,134,char,1,NULL,NULL,YES,NULL
dbo,PLAN_DATA,OTC_COVERAGE_CODE_9,135,char,1,NULL,NULL,YES,NULL
dbo,PLAN_DATA,OTC_COVERAGE_CODE_10,136,char,1,NULL,NULL,YES,NULL
dbo,PLAN_DATA,GENERIC_TABLE_1,137,int,NULL,10,0,YES,NULL
dbo,PLAN_DATA,GENERIC_TABLE_2,138,int,NULL,10,0,YES,NULL
dbo,PLAN_DATA,GENERIC_TABLE_3,139,int,NULL,10,0,YES,NULL
dbo,PLAN_DATA,GENERIC_TABLE_4,140,int,NULL,10,0,YES,NULL
dbo,PLAN_DATA,GENERIC_TABLE_5,141,int,NULL,10,0,YES,NULL
dbo,PLAN_DATA,GENERIC_TABLE_6,142,int,NULL,10,0,YES,NULL
dbo,PLAN_DATA,GENERIC_TABLE_7,143,int,NULL,10,0,YES,NULL
dbo,PLAN_DATA,GENERIC_TABLE_8,144,int,NULL,10,0,YES,NULL
dbo,PLAN_DATA,GENERIC_TABLE_9,145,int,NULL,10,0,YES,NULL
dbo,PLAN_DATA,GENERIC_TABLE_10,146,int,NULL,10,0,YES,NULL
dbo,PLAN_DATA,GENERIC_TABLE_11,147,int,NULL,10,0,YES,NULL
dbo,PLAN_DATA,GENERIC_TABLE_12,148,int,NULL,10,0,YES,NULL
dbo,PLAN_DATA,GENERIC_TABLE_13,149,int,NULL,10,0,YES,NULL
dbo,PLAN_DATA,GENERIC_TABLE_14,150,int,NULL,10,0,YES,NULL
dbo,PLAN_DATA,GENERIC_TABLE_15,151,int,NULL,10,0,YES,NULL
dbo,PLAN_DATA,GENERIC_TABLE_16,152,int,NULL,10,0,YES,NULL
dbo,PLAN_DATA,GENERIC_TABLE_17,153,int,NULL,10,0,YES,NULL
dbo,PLAN_DATA,GENERIC_TABLE_18,154,int,NULL,10,0,YES,NULL
dbo,PLAN_DATA,GENERIC_TABLE_19,155,int,NULL,10,0,YES,NULL
dbo,PLAN_DATA,GENERIC_TABLE_20,156,int,NULL,10,0,YES,NULL
dbo,PLAN_DATA,GEN_TABLE_EFF_DATE_1,157,datetime,NULL,NULL,NULL,YES,NULL
dbo,PLAN_DATA,GEN_TABLE_EFF_DATE_2,158,datetime,NULL,NULL,NULL,YES,NULL
dbo,PLAN_DATA,GEN_TABLE_EFF_DATE_3,159,datetime,NULL,NULL,NULL,YES,NULL
dbo,PLAN_DATA,GEN_TABLE_EFF_DATE_4,160,datetime,NULL,NULL,NULL,YES,NULL
dbo,PLAN_DATA,GEN_TABLE_EFF_DATE_5,161,datetime,NULL,NULL,NULL,YES,NULL
dbo,PLAN_DATA,GEN_TABLE_EFF_DATE_6,162,datetime,NULL,NULL,NULL,YES,NULL
dbo,PLAN_DATA,GEN_TABLE_EFF_DATE_7,163,datetime,NULL,NULL,NULL,YES,NULL
dbo,PLAN_DATA,GEN_TABLE_EFF_DATE_8,164,datetime,NULL,NULL,NULL,YES,NULL
dbo,PLAN_DATA,GEN_TABLE_EFF_DATE_9,165,datetime,NULL,NULL,NULL,YES,NULL
dbo,PLAN_DATA,GEN_TABLE_EFF_DATE_10,166,datetime,NULL,NULL,NULL,YES,NULL
dbo,PLAN_DATA,GEN_TABLE_EFF_DATE_11,167,datetime,NULL,NULL,NULL,YES,NULL
dbo,PLAN_DATA,GEN_TABLE_EFF_DATE_12,168,datetime,NULL,NULL,NULL,YES,NULL
dbo,PLAN_DATA,GEN_TABLE_EFF_DATE_13,169,datetime,NULL,NULL,NULL,YES,NULL
dbo,PLAN_DATA,GEN_TABLE_EFF_DATE_14,170,datetime,NULL,NULL,NULL,YES,NULL
dbo,PLAN_DATA,GEN_TABLE_EFF_DATE_15,171,datetime,NULL,NULL,NULL,YES,NULL
dbo,PLAN_DATA,GEN_TABLE_EFF_DATE_16,172,datetime,NULL,NULL,NULL,YES,NULL
dbo,PLAN_DATA,GEN_TABLE_EFF_DATE_17,173,datetime,NULL,NULL,NULL,YES,NULL
dbo,PLAN_DATA,GEN_TABLE_EFF_DATE_18,174,datetime,NULL,NULL,NULL,YES,NULL
dbo,PLAN_DATA,GEN_TABLE_EFF_DATE_19,175,datetime,NULL,NULL,NULL,YES,NULL
dbo,PLAN_DATA,GEN_TABLE_EFF_DATE_20,176,datetime,NULL,NULL,NULL,YES,NULL
dbo,PLAN_DATA,GEN_TABLE_TERM_DATE_1,177,datetime,NULL,NULL,NULL,YES,NULL
dbo,PLAN_DATA,GEN_TABLE_TERM_DATE_2,178,datetime,NULL,NULL,NULL,YES,NULL
dbo,PLAN_DATA,GEN_TABLE_TERM_DATE_3,179,datetime,NULL,NULL,NULL,YES,NULL
dbo,PLAN_DATA,GEN_TABLE_TERM_DATE_4,180,datetime,NULL,NULL,NULL,YES,NULL
dbo,PLAN_DATA,GEN_TABLE_TERM_DATE_5,181,datetime,NULL,NULL,NULL,YES,NULL
dbo,PLAN_DATA,GEN_TABLE_TERM_DATE_6,182,datetime,NULL,NULL,NULL,YES,NULL
dbo,PLAN_DATA,GEN_TABLE_TERM_DATE_7,183,datetime,NULL,NULL,NULL,YES,NULL
dbo,PLAN_DATA,GEN_TABLE_TERM_DATE_8,184,datetime,NULL,NULL,NULL,YES,NULL
dbo,PLAN_DATA,GEN_TABLE_TERM_DATE_9,185,datetime,NULL,NULL,NULL,YES,NULL
dbo,PLAN_DATA,GEN_TABLE_TERM_DATE_10,186,datetime,NULL,NULL,NULL,YES,NULL
dbo,PLAN_DATA,GEN_TABLE_TERM_DATE_11,187,datetime,NULL,NULL,NULL,YES,NULL
dbo,PLAN_DATA,GEN_TABLE_TERM_DATE_12,188,datetime,NULL,NULL,NULL,YES,NULL
dbo,PLAN_DATA,GEN_TABLE_TERM_DATE_13,189,datetime,NULL,NULL,NULL,YES,NULL
dbo,PLAN_DATA,GEN_TABLE_TERM_DATE_14,190,datetime,NULL,NULL,NULL,YES,NULL
dbo,PLAN_DATA,GEN_TABLE_TERM_DATE_15,191,datetime,NULL,NULL,NULL,YES,NULL
dbo,PLAN_DATA,GEN_TABLE_TERM_DATE_16,192,datetime,NULL,NULL,NULL,YES,NULL
dbo,PLAN_DATA,GEN_TABLE_TERM_DATE_17,193,datetime,NULL,NULL,NULL,YES,NULL
dbo,PLAN_DATA,GEN_TABLE_TERM_DATE_18,194,datetime,NULL,NULL,NULL,YES,NULL
dbo,PLAN_DATA,GEN_TABLE_TERM_DATE_19,195,datetime,NULL,NULL,NULL,YES,NULL
dbo,PLAN_DATA,GEN_TABLE_TERM_DATE_20,196,datetime,NULL,NULL,NULL,YES,NULL
dbo,PLAN_DATA,DAW_FLAG_1,197,char,1,NULL,NULL,YES,NULL
dbo,PLAN_DATA,DAW_FLAG_2,198,char,1,NULL,NULL,YES,NULL
dbo,PLAN_DATA,DAW_FLAG_3,199,char,1,NULL,NULL,YES,NULL
dbo,PLAN_DATA,DAW_FLAG_4,200,char,1,NULL,NULL,YES,NULL
dbo,PLAN_DATA,DAW_FLAG_5,201,char,1,NULL,NULL,YES,NULL
dbo,PLAN_DATA,DAW_FLAG_6,202,char,1,NULL,NULL,YES,NULL
dbo,PLAN_DATA,DAW_FLAG_7,203,char,1,NULL,NULL,YES,NULL
dbo,PLAN_DATA,DAW_FLAG_8,204,char,1,NULL,NULL,YES,NULL
dbo,PLAN_DATA,DAW_FLAG_9,205,char,1,NULL,NULL,YES,NULL
dbo,PLAN_DATA,DAW_FLAG_10,206,char,1,NULL,NULL,YES,NULL
dbo,PLAN_DATA,DAW_FLAG_11,207,char,1,NULL,NULL,YES,NULL
dbo,PLAN_DATA,DAW_FLAG_12,208,char,1,NULL,NULL,YES,NULL
dbo,PLAN_DATA,DAW_FLAG_13,209,char,1,NULL,NULL,YES,NULL
dbo,PLAN_DATA,DAW_FLAG_14,210,char,1,NULL,NULL,YES,NULL
dbo,PLAN_DATA,DAW_FLAG_15,211,char,1,NULL,NULL,YES,NULL
dbo,PLAN_DATA,UNIT_DOSE,212,int,NULL,10,0,YES,NULL
dbo,PLAN_DATA,UNIT_DOSE_GL,213,char,1,NULL,NULL,YES,NULL
dbo,PLAN_DATA,UNIT_DOSE_FLAG,214,char,1,NULL,NULL,YES,NULL
dbo,PLAN_DATA,TOPICAL_LIMIT,215,int,NULL,10,0,YES,NULL
dbo,PLAN_DATA,LIQUID_LIMIT,216,int,NULL,10,0,YES,NULL
dbo,PLAN_DATA,FORM_GT_1,217,int,NULL,10,0,YES,NULL
dbo,PLAN_DATA,FORM_GT_2,218,int,NULL,10,0,YES,NULL
dbo,PLAN_DATA,FORM_GT_3,219,int,NULL,10,0,YES,NULL
dbo,PLAN_DATA,FORM_DATE_1,220,datetime,NULL,NULL,NULL,YES,NULL
dbo,PLAN_DATA,FORM_DATE_2,221,datetime,NULL,NULL,NULL,YES,NULL
dbo,PLAN_DATA,FORM_DATE_3,222,datetime,NULL,NULL,NULL,YES,NULL
dbo,PLAN_DATA,NDC_TC_1,223,int,NULL,10,0,YES,NULL
dbo,PLAN_DATA,NDC_TC_2,224,int,NULL,10,0,YES,NULL
dbo,PLAN_DATA,NDC_TC_3,225,int,NULL,10,0,YES,NULL
dbo,PLAN_DATA,NDC_DATE_1,226,datetime,NULL,NULL,NULL,YES,NULL
dbo,PLAN_DATA,NDC_DATE_2,227,datetime,NULL,NULL,NULL,YES,NULL
dbo,PLAN_DATA,NDC_DATE_3,228,datetime,NULL,NULL,NULL,YES,NULL
dbo,PLAN_DATA,STEP_NUMBER_1,229,int,NULL,10,0,YES,NULL
dbo,PLAN_DATA,STEP_NUMBER_2,230,int,NULL,10,0,YES,NULL
dbo,PLAN_DATA,STEP_NUMBER_3,231,int,NULL,10,0,YES,NULL
dbo,PLAN_DATA,STEP_NUMBER_4,232,int,NULL,10,0,YES,NULL
dbo,PLAN_DATA,STEP_NUMBER_5,233,int,NULL,10,0,YES,NULL
dbo,PLAN_DATA,STEP_EFF_DATE_1,234,datetime,NULL,NULL,NULL,YES,NULL
dbo,PLAN_DATA,STEP_EFF_DATE_2,235,datetime,NULL,NULL,NULL,YES,NULL
dbo,PLAN_DATA,STEP_EFF_DATE_3,236,datetime,NULL,NULL,NULL,YES,NULL
dbo,PLAN_DATA,STEP_EFF_DATE_4,237,datetime,NULL,NULL,NULL,YES,NULL
dbo,PLAN_DATA,STEP_EFF_DATE_5,238,datetime,NULL,NULL,NULL,YES,NULL
dbo,PLAN_DATA,STEP_TERM_DATE_1,239,datetime,NULL,NULL,NULL,YES,NULL
dbo,PLAN_DATA,STEP_TERM_DATE_2,240,datetime,NULL,NULL,NULL,YES,NULL
dbo,PLAN_DATA,STEP_TERM_DATE_3,241,datetime,NULL,NULL,NULL,YES,NULL
dbo,PLAN_DATA,STEP_TERM_DATE_4,242,datetime,NULL,NULL,NULL,YES,NULL
dbo,PLAN_DATA,STEP_TERM_DATE_5,243,datetime,NULL,NULL,NULL,YES,NULL
dbo,PLAN_DATA,DESCRIPTION_1,244,varchar,40,NULL,NULL,YES,NULL
dbo,PLAN_DATA,DESCRIPTION_2,245,varchar,40,NULL,NULL,YES,NULL
dbo,PLAN_DATA,DESCRIPTION_3,246,varchar,40,NULL,NULL,YES,NULL
dbo,PLAN_DATA,DESCRIPTION_4,247,varchar,40,NULL,NULL,YES,NULL
dbo,PLAN_DATA,DMR,248,char,1,NULL,NULL,YES,NULL
dbo,PLAN_DATA,DMR_LIMIT,249,char,1,NULL,NULL,YES,NULL
dbo,PLAN_DATA,WORKERS_COMP,250,char,1,NULL,NULL,YES,NULL
dbo,PLAN_DATA,REJECT_369,251,char,1,NULL,NULL,YES,NULL
dbo,PLAN_DATA,COMP_MAX_AMOUNT,252,decimal,NULL,18,2,YES,NULL
dbo,PLAN_DATA,TIER_3_FLAG,253,char,1,NULL,NULL,YES,NULL
dbo,PLAN_DATA,MAIL_MANDATE_EFF_DATE,254,datetime,NULL,NULL,NULL,YES,NULL
dbo,PLAN_DATA,DIABETIC_PRG_TYPE_CODE,255,int,NULL,10,0,YES,NULL
dbo,PLAN_DATA,DEDUCT_PREFERRED_AMT,256,decimal,NULL,18,2,YES,NULL
dbo,PLAN_DATA,DEDUCT_NONPREFERRED_AMT,257,decimal,NULL,18,2,YES,NULL
dbo,PLAN_DATA,MEDICARE_LIM_MAIL,258,char,1,NULL,NULL,YES,NULL
dbo,PLAN_DATA,COB_TYPE,259,char,3,NULL,NULL,YES,NULL
dbo,PLAN_DATA,PENALTY_APPLIES,260,char,1,NULL,NULL,YES,NULL
dbo,PLAN_DATA,SINGLE_MAX,261,decimal,NULL,18,2,YES,NULL
dbo,PLAN_DATA,FAMILY_MAX,262,decimal,NULL,18,2,YES,NULL
dbo,PLAN_DATA,LIFETIME_MAX,263,decimal,NULL,18,2,YES,NULL
dbo,PLAN_DATA,MAX_APPLIES,264,char,1,NULL,NULL,YES,NULL
dbo,PLAN_DATA,ENTRY_DATE,265,datetime,NULL,NULL,NULL,YES,NULL
dbo,PLAN_DATA,CHANGE_DATE,266,datetime,NULL,NULL,NULL,YES,NULL
dbo,PLAN_DATA,INCENTIVE_MAX_DAYS,267,int,NULL,10,0,YES,NULL
dbo,PLAN_DATA,STEP_TRIGGER_TABLE_1,268,int,NULL,10,0,YES,NULL
dbo,PLAN_DATA,STEP_TRIGGER_EFF_DATE_1,269,datetime,NULL,NULL,NULL,YES,NULL
dbo,PLAN_DATA,STEP_TRIGGER_TABLE_2,270,int,NULL,10,0,YES,NULL
dbo,PLAN_DATA,STEP_TRIGGER_EFF_DATE_2,271,datetime,NULL,NULL,NULL,YES,NULL
dbo,PLAN_DATA,STEP_TRIGGER_TABLE_3,272,int,NULL,10,0,YES,NULL
dbo,PLAN_DATA,STEP_TRIGGER_EFF_DATE_3,273,datetime,NULL,NULL,NULL,YES,NULL
dbo,PLAN_DATA,INJECTIBLE_MAX_AMOUNT,274,decimal,NULL,18,2,YES,NULL
dbo,PLAN_DATA,NETWORK_90_DAY_DS,275,int,NULL,10,0,YES,NULL
dbo,PLAN_DATA,MAIL_BY_DAYS_FLAG,276,char,1,NULL,NULL,YES,NULL
dbo,PLAN_DATA,MAX_COPAY_CAP_AMOUNT,277,decimal,NULL,18,2,YES,NULL
dbo,PLAN_DATA,PREVENTATIVE_GT,278,int,NULL,10,0,YES,NULL
dbo,PLAN_DATA,SpecialtyConfigID,279,varchar,8,NULL,NULL,YES,NULL
dbo,PLAN_DATA,SpecialtyTableID,280,varchar,8,NULL,NULL,YES,NULL
dbo,PLAN_DATA,PharmacySpecialtyRestrictFlag,281,char,1,NULL,NULL,YES,NULL
dbo,PLAN_DATA,MaintGT1,282,int,NULL,10,0,YES,NULL
dbo,PLAN_DATA,MaintDate1,283,datetime,NULL,NULL,NULL,YES,NULL
dbo,PLAN_DATA,MaintGT2,284,int,NULL,10,0,YES,NULL
dbo,PLAN_DATA,MaintDate2,285,datetime,NULL,NULL,NULL,YES,NULL
dbo,PLAN_DATA,MaintGT3,286,int,NULL,10,0,YES,NULL
dbo,PLAN_DATA,MaintDate3,287,datetime,NULL,NULL,NULL,YES,NULL
dbo,PLAN_DATA,NoRepackNDC,288,char,1,NULL,NULL,YES,NULL
dbo,PLAN_DATA,PricingFlag340B,289,char,1,NULL,NULL,YES,NULL
dbo,PLAN_DATA,IncludeDeductOOP,290,char,1,NULL,NULL,YES,NULL
dbo,PLAN_DATA,DeductOOPFamilyFlag,291,char,1,NULL,NULL,YES,NULL
dbo,PLAN_DATA,SingleSourceCopayFlag,292,char,1,NULL,NULL,YES,NULL
dbo,PLAN_DATA,DESIDrugFlag,293,char,1,NULL,NULL,YES,NULL
dbo,PLAN_DATA,CarryForwardOOP,294,char,2,NULL,NULL,YES,NULL
dbo,PLAN_DATA,CarryForwardDED,295,char,2,NULL,NULL,YES,NULL
dbo,PLAN_DATA,IndivFamilyOOPMax,296,decimal,NULL,18,2,YES,NULL
dbo,PLAN_DATA,SafeHarborCopayCap,297,decimal,NULL,18,2,YES,NULL
dbo,PLAN_DATA,PapMinCopay,298,decimal,NULL,18,2,YES,NULL
dbo,PLAN_DATA,PatientSafetyAPAP,299,char,1,NULL,NULL,YES,NULL
dbo,PLAN_DATA,PatientSafetyOPIODSoft,300,decimal,NULL,18,2,YES,NULL
dbo,PLAN_DATA,PatientSafetyOPIODHard,301,decimal,NULL,18,2,YES,NULL
dbo,PLAN_DATA,WarehouseLoadDate,302,datetime,NULL,NULL,NULL,YES,NULL
dbo,PLAN_DATA,WarehouseChangeDate,303,datetime,NULL,NULL,NULL,YES,NULL
dbo,PLAN_DATA,AltPricingFlag,304,char,1,NULL,NULL,YES,NULL
dbo,PLAN_DATA,AltPricingKey,305,varchar,4,NULL,NULL,YES,NULL
dbo,PLAN_DATA,MedFoodsFlag,306,char,1,NULL,NULL,YES,NULL
dbo,PLAN_DATA,MaxAmtMult,307,int,NULL,10,0,YES,NULL
dbo,PLAN_DATA,NDCID,308,varchar,8,NULL,NULL,YES,NULL
dbo,PLAN_DATA,NDCIDEffDate,309,datetime,NULL,NULL,NULL,YES,NULL
dbo,PLAN_DATA,NDCIDTermDate,310,datetime,NULL,NULL,NULL,YES,NULL
dbo,PLAN_DATA,AddID,311,varchar,15,NULL,NULL,YES,NULL
dbo,PLAN_DATA,ChangeID,312,varchar,15,NULL,NULL,YES,NULL
dbo,PLAN_DATA,QtyPrescribedFlag,313,char,1,NULL,NULL,YES,NULL
dbo,PLAN_DATA,LgClmAmtCap,314,decimal,NULL,18,2,YES,NULL
dbo,PLAN_DATA,CopayCalcMethod,315,char,1,NULL,NULL,YES,NULL
dbo,PLAN_DATA,VacAdminCap,316,decimal,NULL,18,2,YES,NULL
dbo,PLAN_DATA,NewRefillOnly,317,char,1,NULL,NULL,YES,NULL
dbo,PLAN_DATA,CICovFlag,318,varchar,3,NULL,NULL,YES,NULL
dbo,PLAN_DATA,CIICovFlag,319,varchar,4,NULL,NULL,YES,NULL
dbo,PLAN_DATA,CIIICovFlag,320,varchar,5,NULL,NULL,YES,NULL
dbo,PLAN_DATA,CIVCovFlag,321,varchar,4,NULL,NULL,YES,NULL
dbo,PLAN_DATA,CVCovFlag,322,varchar,3,NULL,NULL,YES,NULL
dbo,PLAN_DATA,CntrlCovFlag,323,varchar,3,NULL,NULL,YES,NULL
dbo,PRESCRIPTION_DRUG_EVENT,PDE_BATCH_NUMBER,1,varchar,8,NULL,NULL,NO,NULL
dbo,PRESCRIPTION_DRUG_EVENT,PDE_CLAIM_NUMBER,2,int,NULL,10,0,NO,NULL
dbo,PRESCRIPTION_DRUG_EVENT,PDE_RECORD_NUMBER,3,varchar,3,NULL,NULL,NO,NULL
dbo,PRESCRIPTION_DRUG_EVENT,PDE_CARDHOLDER_NUMBER,4,decimal,NULL,10,0,YES,NULL
dbo,PRESCRIPTION_DRUG_EVENT,PDE_MEMBER_NUMBER,5,int,NULL,10,0,YES,NULL
dbo,PRESCRIPTION_DRUG_EVENT,PDE_SPONSOR_NUMBER,6,int,NULL,10,0,YES,NULL
dbo,PRESCRIPTION_DRUG_EVENT,PDE_CONTRACT_NUMBER,7,varchar,5,NULL,NULL,YES,NULL
dbo,PRESCRIPTION_DRUG_EVENT,PDE_PBP_ID,8,varchar,3,NULL,NULL,YES,NULL
dbo,PRESCRIPTION_DRUG_EVENT,PDE_HICN_NUMBER,9,varchar,20,NULL,NULL,YES,NULL
dbo,PRESCRIPTION_DRUG_EVENT,PDE_PHARMACY_NUMBER,10,varchar,15,NULL,NULL,YES,NULL
dbo,PRESCRIPTION_DRUG_EVENT,PDE_RX_NUMBER,11,int,NULL,10,0,YES,NULL
dbo,PRESCRIPTION_DRUG_EVENT,PDE_RX_DATE,12,datetime,NULL,NULL,NULL,YES,NULL
dbo,PRESCRIPTION_DRUG_EVENT,PDE_FILL_NUMBER,13,int,NULL,10,0,YES,NULL
dbo,PRESCRIPTION_DRUG_EVENT,PDE_DISPENSING_STATUS,14,varchar,1,NULL,NULL,YES,NULL
dbo,PRESCRIPTION_DRUG_EVENT,PDE_PERIOD_ENDING,15,datetime,NULL,NULL,NULL,YES,NULL
dbo,PRESCRIPTION_DRUG_EVENT,PDE_PHARMACY_QUALIFIER,16,varchar,2,NULL,NULL,YES,NULL
dbo,PRESCRIPTION_DRUG_EVENT,PDE_PRESCRIBER_QUALIFIER,17,varchar,2,NULL,NULL,YES,NULL
dbo,PRESCRIPTION_DRUG_EVENT,PDE_DRUG_COVERAGE_STATUS,18,varchar,1,NULL,NULL,YES,NULL
dbo,PRESCRIPTION_DRUG_EVENT,PDE_ADJUSTMENT_DELETION,19,varchar,1,NULL,NULL,YES,NULL
dbo,PRESCRIPTION_DRUG_EVENT,PDE_NON_STATNDARD_FORMAT,20,varchar,1,NULL,NULL,YES,NULL
dbo,PRESCRIPTION_DRUG_EVENT,PDE_OUT_OF_NETWORK_CODE,21,varchar,1,NULL,NULL,YES,NULL
dbo,PRESCRIPTION_DRUG_EVENT,PDE_CATASTROPHIC_COVERAGE_CODE,22,varchar,1,NULL,NULL,YES,NULL
dbo,PRESCRIPTION_DRUG_EVENT,PDE_GDCB_BELOW,23,decimal,NULL,9,2,YES,NULL
dbo,PRESCRIPTION_DRUG_EVENT,PDE_GDCA_ABOVE,24,decimal,NULL,9,2,YES,NULL
dbo,PRESCRIPTION_DRUG_EVENT,PDE_PATIENT_PAY,25,decimal,NULL,9,2,YES,NULL
dbo,PRESCRIPTION_DRUG_EVENT,PDE_OTHER_TROOP,26,decimal,NULL,9,2,YES,NULL
dbo,PRESCRIPTION_DRUG_EVENT,PDE_LICS_AMOUNT,27,decimal,NULL,9,2,YES,NULL
dbo,PRESCRIPTION_DRUG_EVENT,PDE_PLRO_OTHER_PAYER,28,decimal,NULL,9,2,YES,NULL
dbo,PRESCRIPTION_DRUG_EVENT,PDE_CPP_COVERED_D,29,decimal,NULL,9,2,YES,NULL
dbo,PRESCRIPTION_DRUG_EVENT,PDE_NPP_ENHANCED_PLAN,30,decimal,NULL,9,2,YES,NULL
dbo,PRESCRIPTION_DRUG_EVENT,PDE_ERROR_COUNT,31,int,NULL,10,0,YES,NULL
dbo,PRESCRIPTION_DRUG_EVENT,PDE_ERROR_1,32,varchar,3,NULL,NULL,YES,NULL
dbo,PRESCRIPTION_DRUG_EVENT,PDE_ERROR_2,33,varchar,3,NULL,NULL,YES,NULL
dbo,PRESCRIPTION_DRUG_EVENT,PDE_ERROR_3,34,varchar,3,NULL,NULL,YES,NULL
dbo,PRESCRIPTION_DRUG_EVENT,PDE_ERROR_4,35,varchar,3,NULL,NULL,YES,NULL
dbo,PRESCRIPTION_DRUG_EVENT,PDE_ERROR_5,36,varchar,3,NULL,NULL,YES,NULL
dbo,PRESCRIPTION_DRUG_EVENT,PDE_ERROR_6,37,varchar,3,NULL,NULL,YES,NULL
dbo,PRESCRIPTION_DRUG_EVENT,PDE_ERROR_7,38,varchar,3,NULL,NULL,YES,NULL
dbo,PRESCRIPTION_DRUG_EVENT,PDE_ERROR_8,39,varchar,3,NULL,NULL,YES,NULL
dbo,PRESCRIPTION_DRUG_EVENT,PDE_ERROR_9,40,varchar,3,NULL,NULL,YES,NULL
dbo,PRESCRIPTION_DRUG_EVENT,PDE_ERROR_10,41,varchar,3,NULL,NULL,YES,NULL
dbo,PRESCRIPTION_DRUG_EVENT,PDE_CMS_ACCEPTANCE_CODE,42,varchar,1,NULL,NULL,YES,NULL
dbo,PRESCRIPTION_DRUG_EVENT,PDE_CMS_ACCEPTANCE_DATE,43,datetime,NULL,NULL,NULL,YES,NULL
dbo,PRESCRIPTION_DRUG_EVENT,PDE_PDM_SEND_FLAG_1,44,varchar,1,NULL,NULL,YES,NULL
dbo,PRESCRIPTION_DRUG_EVENT,PDE_DATE_SENT_1,45,datetime,NULL,NULL,NULL,YES,NULL
dbo,PRESCRIPTION_DRUG_EVENT,PDE_PDM_SEND_FLAG_2,46,varchar,1,NULL,NULL,YES,NULL
dbo,PRESCRIPTION_DRUG_EVENT,PDE_DATE_SENT_2,47,datetime,NULL,NULL,NULL,YES,NULL
dbo,PRESCRIPTION_DRUG_EVENT,PDE_PDM_SEND_FLAG_3,48,varchar,1,NULL,NULL,YES,NULL
dbo,PRESCRIPTION_DRUG_EVENT,PDE_DATE_SENT_3,49,datetime,NULL,NULL,NULL,YES,NULL
dbo,PRESCRIPTION_DRUG_EVENT,PDE_PDM_SEND_FLAG_4,50,varchar,1,NULL,NULL,YES,NULL
dbo,PRESCRIPTION_DRUG_EVENT,PDE_DATE_SENT_4,51,datetime,NULL,NULL,NULL,YES,NULL
dbo,PRESCRIPTION_DRUG_EVENT,PDE_PDM_SEND_FLAG_5,52,varchar,1,NULL,NULL,YES,NULL
dbo,PRESCRIPTION_DRUG_EVENT,PDE_DATE_SENT_5,53,datetime,NULL,NULL,NULL,YES,NULL
dbo,PRESCRIPTION_DRUG_EVENT,PDE_REJECT_CODE_1,54,int,NULL,10,0,YES,NULL
dbo,PRESCRIPTION_DRUG_EVENT,PDE_REVERSAL_CODE,55,int,NULL,10,0,YES,NULL
dbo,PRESCRIPTION_DRUG_EVENT,PDE_REVERSAL_DATE,56,datetime,NULL,NULL,NULL,YES,NULL
dbo,PRESCRIPTION_DRUG_EVENT,PDE_R_BATCH,57,varchar,8,NULL,NULL,YES,NULL
dbo,PRESCRIPTION_DRUG_EVENT,PDE_R_CLAIM,58,int,NULL,10,0,YES,NULL
dbo,PRESCRIPTION_DRUG_EVENT,PDE_N1_BATCH,59,varchar,8,NULL,NULL,YES,NULL
dbo,PRESCRIPTION_DRUG_EVENT,PDE_N1_CLAIM,60,int,NULL,10,0,YES,NULL
dbo,PRESCRIPTION_DRUG_EVENT,PDE_OTHER_PAYER_ORDER,61,int,NULL,10,0,YES,NULL
dbo,PRESCRIPTION_DRUG_EVENT,PDE_OK_TRANS,62,varchar,1,NULL,NULL,YES,NULL
dbo,PRESCRIPTION_DRUG_EVENT,PDE_SUPPLEMENT_TC,63,varchar,1,NULL,NULL,YES,NULL
dbo,PRESCRIPTION_DRUG_EVENT,PDE_RESUBMIT_FLAG,64,varchar,1,NULL,NULL,YES,NULL
dbo,PRESCRIPTION_DRUG_EVENT,PDE_RESUBMIT_DATE,65,datetime,NULL,NULL,NULL,YES,NULL
dbo,PRESCRIPTION_DRUG_EVENT,PDE_NDC_OVERRIDE,66,decimal,NULL,11,0,YES,NULL
dbo,PRESCRIPTION_DRUG_EVENT,PDE_PAYER_TO_PAYER,67,varchar,1,NULL,NULL,YES,NULL
dbo,PRESCRIPTION_DRUG_EVENT,PDE_CONTRACT_ID,68,varchar,5,NULL,NULL,YES,NULL
dbo,PRESCRIPTION_DRUG_EVENT,PDE_LAST_REC_NUM,69,varchar,3,NULL,NULL,YES,NULL
dbo,PRESCRIPTION_DRUG_EVENT,PDE_P2P_AMOUNT,70,decimal,NULL,8,2,YES,NULL
dbo,PRESCRIPTION_DRUG_EVENT,PDE_ING_COST_PAID,71,decimal,NULL,8,2,YES,NULL
dbo,PRESCRIPTION_DRUG_EVENT,PDE_DISP_FEE,72,decimal,NULL,8,2,YES,NULL
dbo,PRESCRIPTION_DRUG_EVENT,PDE_TAX,73,decimal,NULL,8,2,YES,NULL
dbo,PRESCRIPTION_DRUG_EVENT,PDE_ORIGINAL_BATCH,74,varchar,8,NULL,NULL,YES,NULL
dbo,PRESCRIPTION_DRUG_EVENT,PDE_ORIGINAL_CLAIM,75,int,NULL,10,0,YES,NULL
dbo,PRESCRIPTION_DRUG_EVENT,PURGE_STATUS,76,int,NULL,10,0,YES,NULL
dbo,PRESCRIPTION_DRUG_EVENT,VACCINE_ADMIN_FEE,77,decimal,NULL,10,2,YES,NULL
dbo,PRESCRIPTION_DRUG_EVENT,DateOriginalClaimReceived,78,datetime,NULL,NULL,NULL,YES,NULL
dbo,PRESCRIPTION_DRUG_EVENT,ClaimAdjudication,79,varchar,50,NULL,NULL,YES,NULL
dbo,PRESCRIPTION_DRUG_EVENT,TDSAccumulator,80,decimal,NULL,18,2,YES,NULL
dbo,PRESCRIPTION_DRUG_EVENT,TroopAccumulator,81,decimal,NULL,18,2,YES,NULL
dbo,PRESCRIPTION_DRUG_EVENT,BrandGenericCode,82,char,1,NULL,NULL,YES,NULL
dbo,PRESCRIPTION_DRUG_EVENT,BeginPhaseIndicator,83,char,1,NULL,NULL,YES,NULL
dbo,PRESCRIPTION_DRUG_EVENT,EndPhaseIndicator,84,char,1,NULL,NULL,YES,NULL
dbo,PRESCRIPTION_DRUG_EVENT,Tier,85,char,1,NULL,NULL,YES,NULL
dbo,PRESCRIPTION_DRUG_EVENT,FormularyCode,86,char,1,NULL,NULL,YES,NULL
dbo,PRESCRIPTION_DRUG_EVENT,ReportedGAPDiscount,87,decimal,NULL,18,2,YES,NULL
dbo,PRESCRIPTION_DRUG_EVENT,GAPDiscountOverride,88,char,1,NULL,NULL,YES,NULL
dbo,PRESCRIPTION_DRUG_EVENT,RXNumber12,89,bigint,NULL,19,0,YES,NULL
dbo,PRESCRIPTION_DRUG_EVENT,ExclusionReason,90,char,3,NULL,NULL,YES,NULL
dbo,PRESCRIPTION_DRUG_EVENT,CMSCalcGapDiscount,91,decimal,NULL,18,2,YES,NULL
dbo,PRESCRIPTION_DRUG_EVENT,FileName,92,varchar,10,NULL,NULL,YES,NULL
dbo,PRESCRIPTION_DRUG_EVENT,PDE_RESTACK_BATCH,93,varchar,8,NULL,NULL,YES,NULL
dbo,PRESCRIPTION_DRUG_EVENT,PDE_RESTACK_CLAIM,94,int,NULL,10,0,YES,NULL
dbo,PRESCRIPTION_DRUG_EVENT,PHYSICIAN_ID_CHANGE_FIELD,95,varchar,14,NULL,NULL,YES,NULL
dbo,PRESCRIPTION_DRUG_EVENT,CURRENT_CMS_STATUS,96,char,1,NULL,NULL,YES,NULL
dbo,PRESCRIPTION_DRUG_EVENT,AdjustReasonCodeQual,97,char,1,NULL,NULL,YES,NULL
dbo,PRESCRIPTION_DRUG_EVENT,AdjustReasonCode,98,varchar,12,NULL,NULL,YES,NULL
dbo,PRESCRIPTION_DRUG_EVENT,WarehouseLoadDate,99,datetime,NULL,NULL,NULL,YES,NULL
dbo,PRESCRIPTION_DRUG_EVENT,WarehouseChangeDate,100,datetime,NULL,NULL,NULL,YES,NULL
dbo,PrimeFormulary4,NDC TYPE,1,varchar,50,NULL,NULL,YES,NULL
dbo,PrimeFormulary4,NDC,2,varchar,50,NULL,NULL,YES,NULL
dbo,PrimeFormulary4,GPI,3,varchar,50,NULL,NULL,YES,NULL
dbo,PrimeFormulary4,PROD ABBR,4,varchar,50,NULL,NULL,YES,NULL
dbo,PrimeFormulary4,PROD NAME,5,varchar,50,NULL,NULL,YES,NULL
dbo,PrimeFormulary4,GEN CODE,6,varchar,50,NULL,NULL,YES,NULL
dbo,PrimeFormulary4,OTC CODE,7,varchar,50,NULL,NULL,YES,NULL
dbo,PrimeFormulary4,THIRD PARTY CD,8,varchar,50,NULL,NULL,YES,NULL
dbo,PrimeFormulary4,ROUTE ADMIN,9,varchar,50,NULL,NULL,YES,NULL
dbo,PrimeFormulary4,GT STATUS,10,varchar,50,NULL,NULL,YES,NULL
dbo,PrimeFormulary4,NDC OV STATUS,11,varchar,50,NULL,NULL,YES,NULL
dbo,PrimeFormulary4,TIER,12,varchar,50,NULL,NULL,YES,NULL
dbo,PrimeFormulary4,TIER SOURCE,13,varchar,50,NULL,NULL,YES,NULL
dbo,PrimeFormulary4,PREF MANUF,14,varchar,50,NULL,NULL,YES,NULL
dbo,PrimeFormulary4,SPECIALTY,15,varchar,50,NULL,NULL,YES,NULL
dbo,PrimeFormulary4,EXCLUSION,16,varchar,50,NULL,NULL,YES,NULL
dbo,PrimeFormulary4,UNIT DOSE,17,varchar,50,NULL,NULL,YES,NULL
dbo,PrimeFormulary4,THERAPEUTIC CATEGORY NAME,18,varchar,50,NULL,NULL,YES,NULL
dbo,PrimeFormulary4,"THERAPEUTIC CLASS NAME   ",19,varchar,50,NULL,NULL,YES,NULL
dbo,PrimeFormulary4,Column 19,20,varchar,50,NULL,NULL,YES,NULL
dbo,PROACTIVE_PA_DESCRIPTION_TABLE,SUBGROUP,1,char,3,NULL,NULL,YES,NULL
dbo,PROACTIVE_PA_DESCRIPTION_TABLE,PA_NUMBER,2,decimal,NULL,12,0,YES,NULL
dbo,PROACTIVE_PA_DESCRIPTION_TABLE,DESCRIPTION,3,varchar,250,NULL,NULL,YES,NULL
dbo,ProactiveGROUP,GROUP_NUMBER,1,float,NULL,53,NULL,YES,NULL
dbo,ProactiveNABP,NABP_6,1,int,NULL,10,0,YES,NULL
dbo,ProactiveNABP,NABP_7,2,int,NULL,10,0,YES,NULL
dbo,ProactiveNetwork,NetworkNumber,1,int,NULL,10,0,YES,NULL
dbo,RebateAdmin,ContractID,1,varchar,20,NULL,NULL,NO,NULL
dbo,RebateAdmin,AdminFeeType,2,varchar,6,NULL,NULL,NO,NULL
dbo,RebateAdmin,EffDate,3,datetime,NULL,NULL,NULL,NO,NULL
dbo,RebateAdmin,TermDate,4,datetime,NULL,NULL,NULL,NO,NULL
dbo,RebateAdmin,AdminFee,5,decimal,NULL,18,2,YES,NULL
dbo,RebateAdmin,Notes,6,varchar,60,NULL,NULL,YES,NULL
dbo,RebateAdmin,RecordAddDate,7,datetime,NULL,NULL,NULL,YES,NULL
dbo,RebateAdmin,RecordChangeDate,8,datetime,NULL,NULL,NULL,YES,NULL
dbo,RebateAdmin,WarehouseLoadDate,9,datetime,NULL,NULL,NULL,YES,NULL
dbo,RebateAdmin,WarehouseChangeDate,10,datetime,NULL,NULL,NULL,YES,NULL
dbo,RebateAdmin,MfgAdminFee,11,decimal,NULL,18,2,YES,NULL
dbo,RebateAdmin,ClientID,12,varchar,30,NULL,NULL,YES,NULL
dbo,RebateAdmin,FormularyName,13,varchar,10,NULL,NULL,YES,NULL
dbo,RebateAdmin,AddID,14,varchar,15,NULL,NULL,YES,NULL
dbo,RebateAdmin,ChangeID,15,varchar,15,NULL,NULL,YES,NULL
dbo,RebateAdminFeeType,FeeType,1,varchar,6,NULL,NULL,NO,NULL
dbo,RebateAdminFeeType,FeeTypeDescr,2,varchar,50,NULL,NULL,YES,NULL
dbo,RebateAdminFeeType,AddDate,3,datetime,NULL,NULL,NULL,YES,NULL
dbo,RebateAdminFeeType,ChangeDate,4,datetime,NULL,NULL,NULL,YES,NULL
dbo,RebateAdminFeeType,WarehouseLoadDate,5,datetime,NULL,NULL,NULL,YES,NULL
dbo,RebateAdminFeeType,WarehouseChangeDate,6,datetime,NULL,NULL,NULL,YES,NULL
dbo,RebateAdminMaster,SystemNumber,1,int,NULL,10,0,NO,NULL
dbo,RebateAdminMaster,SponsorNumber,2,int,NULL,10,0,NO,NULL
dbo,RebateAdminMaster,GroupNumber,3,float,NULL,53,NULL,NO,NULL
dbo,RebateAdminMaster,ESIContract,4,varchar,20,NULL,NULL,NO,NULL
dbo,RebateAdminMaster,FeeType,5,varchar,6,NULL,NULL,NO,NULL
dbo,RebateAdminMaster,RecType,6,varchar,10,NULL,NULL,NO,NULL
dbo,RebateAdminMaster,SeqNo,7,int,NULL,10,0,NO,NULL
dbo,RebateAdminMaster,EffDate,8,datetime,NULL,NULL,NULL,YES,NULL
dbo,RebateAdminMaster,TermDate,9,datetime,NULL,NULL,NULL,YES,NULL
dbo,RebateAdminMaster,PayoutLevel,10,char,1,NULL,NULL,YES,NULL
dbo,RebateAdminMaster,AdmFeePayRate,11,decimal,NULL,18,2,YES,NULL
dbo,RebateAdminMaster,PercentFee,12,decimal,NULL,18,4,YES,NULL
dbo,RebateAdminMaster,TrueUp,13,char,1,NULL,NULL,YES,NULL
dbo,RebateAdminMaster,TrueUpShare,14,char,1,NULL,NULL,YES,NULL
dbo,RebateAdminMaster,AddDate,15,datetime,NULL,NULL,NULL,YES,NULL
dbo,RebateAdminMaster,ChangeDate,16,datetime,NULL,NULL,NULL,YES,NULL
dbo,RebateAdminMaster,WarehouseLoadDate,17,datetime,NULL,NULL,NULL,YES,NULL
dbo,RebateAdminMaster,WarehouseChangeDate,18,datetime,NULL,NULL,NULL,YES,NULL
dbo,RebateAdminMaster,ClientID,19,varchar,30,NULL,NULL,YES,NULL
dbo,RebateAdminMaster,FormularyName,20,varchar,10,NULL,NULL,YES,NULL
dbo,RebateAdminMaster,AddID,21,varchar,15,NULL,NULL,YES,NULL
dbo,RebateAdminMaster,ChangeID,22,varchar,15,NULL,NULL,YES,NULL
dbo,RebateAdminRecType,RecType,1,varchar,10,NULL,NULL,NO,NULL
dbo,RebateAdminRecType,RecTypeDescr,2,varchar,50,NULL,NULL,YES,NULL
dbo,RebateAdminRecType,AddDate,3,datetime,NULL,NULL,NULL,YES,NULL
dbo,RebateAdminRecType,ChangeDate,4,datetime,NULL,NULL,NULL,YES,NULL
dbo,RebateAdminRecType,WarehouseLoadDate,5,datetime,NULL,NULL,NULL,YES,NULL
dbo,RebateAdminRecType,WarehouseChangeDate,6,datetime,NULL,NULL,NULL,YES,NULL
dbo,RebateFee,SponsorNumber,1,int,NULL,10,0,NO,NULL
dbo,RebateFee,Description,2,varchar,50,NULL,NULL,YES,NULL
dbo,RebateFee,ClientFeeClaim1,3,decimal,NULL,18,3,YES,NULL
dbo,RebateFee,ClientFeeBrnd1,4,decimal,NULL,18,3,YES,NULL
dbo,RebateFee,ClientPercent1,5,decimal,NULL,18,3,YES,NULL
dbo,RebateFee,PDMFeePerClaim1,6,decimal,NULL,18,3,YES,NULL
dbo,RebateFee,PDMFeePerBrnd1,7,decimal,NULL,18,3,YES,NULL
dbo,RebateFee,PDMPercent1,8,decimal,NULL,18,3,YES,NULL
dbo,RebateFee,FormFeePerClaim1,9,decimal,NULL,18,3,YES,NULL
dbo,RebateFee,FormFeePerBrnd1,10,decimal,NULL,18,3,YES,NULL
dbo,RebateFee,FormPercent1,11,decimal,NULL,18,3,YES,NULL
dbo,RebateFee,EffDate1,12,datetime,NULL,NULL,NULL,YES,NULL
dbo,RebateFee,ClientFeeClaim2,13,decimal,NULL,18,3,YES,NULL
dbo,RebateFee,ClientFeeBrnd2,14,decimal,NULL,18,3,YES,NULL
dbo,RebateFee,ClientPercent2,15,decimal,NULL,18,3,YES,NULL
dbo,RebateFee,PDMFeePerClaim2,16,decimal,NULL,18,3,YES,NULL
dbo,RebateFee,PDMFeePerBrnd2,17,decimal,NULL,18,3,YES,NULL
dbo,RebateFee,PDMPercent2,18,decimal,NULL,18,3,YES,NULL
dbo,RebateFee,FormFeePerClaim2,19,decimal,NULL,18,3,YES,NULL
dbo,RebateFee,FormFeePerBrnd2,20,decimal,NULL,18,3,YES,NULL
dbo,RebateFee,FormPercent2,21,decimal,NULL,18,3,YES,NULL
dbo,RebateFee,EffDate2,22,datetime,NULL,NULL,NULL,YES,NULL
dbo,RebateFee,ClientFeeClaim3,23,decimal,NULL,18,3,YES,NULL
dbo,RebateFee,ClientFeeBrnd3,24,decimal,NULL,18,3,YES,NULL
dbo,RebateFee,ClientPercent3,25,decimal,NULL,18,3,YES,NULL
dbo,RebateFee,PDMFeePerClaim3,26,decimal,NULL,18,3,YES,NULL
dbo,RebateFee,PDMFeePerBrnd3,27,decimal,NULL,18,3,YES,NULL
dbo,RebateFee,PDMPercent3,28,decimal,NULL,18,3,YES,NULL
dbo,RebateFee,FormFeePerClaim3,29,decimal,NULL,18,3,YES,NULL
dbo,RebateFee,FormFeePerBrnd3,30,decimal,NULL,18,3,YES,NULL
dbo,RebateFee,FormPercent3,31,decimal,NULL,18,3,YES,NULL
dbo,RebateFee,EffDate3,32,datetime,NULL,NULL,NULL,YES,NULL
dbo,RebateFee,Notes1,33,varchar,100,NULL,NULL,YES,NULL
dbo,RebateFee,Notes2,34,varchar,100,NULL,NULL,YES,NULL
dbo,RebateFee,AddDate,35,datetime,NULL,NULL,NULL,YES,NULL
dbo,RebateFee,ChangeDate,36,datetime,NULL,NULL,NULL,YES,NULL
dbo,RebateFee,WarehouseLoadDate,37,datetime,NULL,NULL,NULL,YES,NULL
dbo,RebateFee,WarehouseChangeDate,38,datetime,NULL,NULL,NULL,YES,NULL
dbo,REIMB_RATE_DATA,REIMB_RATE_NUMBER,1,int,NULL,10,0,NO,NULL
dbo,REIMB_RATE_DATA,REIMB_DESC,2,char,50,NULL,NULL,YES,NULL
dbo,REIMB_RATE_DATA,O_GEN_CODE,3,char,6,NULL,NULL,YES,NULL
dbo,REIMB_RATE_DATA,O_REIM_DESC_TYPE,4,float,NULL,53,NULL,YES,NULL
dbo,REIMB_RATE_DATA,O_AWP_PCNT,5,decimal,NULL,18,4,YES,NULL
dbo,REIMB_RATE_DATA,O_DISP_FEE,6,decimal,NULL,18,2,YES,NULL
dbo,REIMB_RATE_DATA,O_MAC_TBL,7,int,NULL,10,0,YES,NULL
dbo,REIMB_RATE_DATA,O_MAC_FEE,8,decimal,NULL,18,2,YES,NULL
dbo,REIMB_RATE_DATA,O_FLAT_FEE,9,decimal,NULL,18,2,YES,NULL
dbo,REIMB_RATE_DATA,O_CAP_AMT,10,decimal,NULL,18,2,YES,NULL
dbo,REIMB_RATE_DATA,O_PER_MONTH,11,char,1,NULL,NULL,YES,NULL
dbo,REIMB_RATE_DATA,O_ACTIVE,12,char,1,NULL,NULL,YES,NULL
dbo,REIMB_RATE_DATA,O_OTC_FEE,13,decimal,NULL,18,2,YES,NULL
dbo,REIMB_RATE_DATA,O_PAY_AS_CONTRACT_RATE,14,char,1,NULL,NULL,YES,NULL
dbo,REIMB_RATE_DATA,O_MARKETING_PERCENTAGE,15,decimal,NULL,18,4,YES,NULL
dbo,REIMB_RATE_DATA,O_MARKETING_DISP_FEE,16,decimal,NULL,18,2,YES,NULL
dbo,REIMB_RATE_DATA,O_PLUS_DIFF_TABLE_1,17,int,NULL,10,0,YES,NULL
dbo,REIMB_RATE_DATA,O_PLUS_DIFF_TABLE_EFF_1,18,datetime,NULL,NULL,NULL,YES,NULL
dbo,REIMB_RATE_DATA,O_PLUS_DIFF_TABLE_2,19,int,NULL,10,0,YES,NULL
dbo,REIMB_RATE_DATA,O_PLUS_DIFF_TABLE_EFF_2,20,datetime,NULL,NULL,NULL,YES,NULL
dbo,REIMB_RATE_DATA,O_PLUS_DIFF_TABLE_3,21,int,NULL,10,0,YES,NULL
dbo,REIMB_RATE_DATA,O_PLUS_DIFF_TABLE_EFF3,22,datetime,NULL,NULL,NULL,YES,NULL
dbo,REIMB_RATE_DATA,O_PDM_MAC_FLAG,23,char,1,NULL,NULL,YES,NULL
dbo,REIMB_RATE_DATA,O_MIN_REIMB_AMT,24,decimal,NULL,18,2,YES,NULL
dbo,REIMB_RATE_DATA,O_ELECTRONIC_FEE,25,decimal,NULL,18,2,YES,NULL
dbo,REIMB_RATE_DATA,O_INCENTIVE_FEE,26,decimal,NULL,18,2,YES,NULL
dbo,REIMB_RATE_DATA,O_DISC_NET_FEE,27,decimal,NULL,18,2,YES,NULL
dbo,REIMB_RATE_DATA,O_MAC_AWP_PRCNT,28,decimal,NULL,18,4,YES,NULL
dbo,REIMB_RATE_DATA,O_MAC_AWP_NUM,29,int,NULL,10,0,YES,NULL
dbo,REIMB_RATE_DATA,O_AWP_LITIGATION_FACTOR,30,decimal,NULL,18,4,YES,NULL
dbo,REIMB_RATE_DATA,O_MAC_FACTOR_TABLE,31,int,NULL,10,0,YES,NULL
dbo,REIMB_RATE_DATA,O_340B_CAP,32,decimal,NULL,18,2,YES,NULL
dbo,REIMB_RATE_DATA,O_EFT_FEE,33,decimal,NULL,18,2,YES,NULL
dbo,REIMB_RATE_DATA,O_WAC_FEE,34,decimal,NULL,18,2,YES,NULL
dbo,REIMB_RATE_DATA,O_WAC_PRCNT,35,decimal,NULL,18,4,YES,NULL
dbo,REIMB_RATE_DATA,O_340BDispFee,36,decimal,NULL,18,2,YES,NULL
dbo,REIMB_RATE_DATA,O_ReimbFixedAmt,37,decimal,NULL,18,2,YES,NULL
dbo,REIMB_RATE_DATA,O_ReimbCapAmt,38,decimal,NULL,18,2,YES,NULL
dbo,REIMB_RATE_DATA,O_AddID,39,varchar,15,NULL,NULL,YES,NULL
dbo,REIMB_RATE_DATA,O_ChangeID,40,varchar,15,NULL,NULL,YES,NULL
dbo,REIMB_RATE_DATA,O_ADD_DATE,41,datetime,NULL,NULL,NULL,YES,NULL
dbo,REIMB_RATE_DATA,O_CHG_DATE,42,datetime,NULL,NULL,NULL,YES,NULL
dbo,REIMB_RATE_DATA,M_GEN_CODE,43,char,6,NULL,NULL,YES,NULL
dbo,REIMB_RATE_DATA,M_REIM_DESC_TYPE,44,float,NULL,53,NULL,YES,NULL
dbo,REIMB_RATE_DATA,M_AWP_PCNT,45,decimal,NULL,18,4,YES,NULL
dbo,REIMB_RATE_DATA,M_DISP_FEE,46,decimal,NULL,18,2,YES,NULL
dbo,REIMB_RATE_DATA,M_MAC_TBL,47,int,NULL,10,0,YES,NULL
dbo,REIMB_RATE_DATA,M_MAC_FEE,48,decimal,NULL,18,2,YES,NULL
dbo,REIMB_RATE_DATA,M_FLAT_FEE,49,decimal,NULL,18,2,YES,NULL
dbo,REIMB_RATE_DATA,M_CAP_AMT,50,decimal,NULL,18,2,YES,NULL
dbo,REIMB_RATE_DATA,M_PER_MONTH,51,char,1,NULL,NULL,YES,NULL
dbo,REIMB_RATE_DATA,M_ACTIVE,52,char,1,NULL,NULL,YES,NULL
dbo,REIMB_RATE_DATA,M_OTC_FEE,53,decimal,NULL,18,2,YES,NULL
dbo,REIMB_RATE_DATA,M_PAY_AS_CONTRACT_RATE,54,char,1,NULL,NULL,YES,NULL
dbo,REIMB_RATE_DATA,M_MARKETING_PERCENTAGE,55,decimal,NULL,18,4,YES,NULL
dbo,REIMB_RATE_DATA,M_MARKETING_DISP_FEE,56,decimal,NULL,18,2,YES,NULL
dbo,REIMB_RATE_DATA,M_PLUS_DIFF_TABLE_1,57,int,NULL,10,0,YES,NULL
dbo,REIMB_RATE_DATA,M_PLUS_DIFF_TABLE_EFF_1,58,datetime,NULL,NULL,NULL,YES,NULL
dbo,REIMB_RATE_DATA,M_PLUS_DIFF_TABLE_2,59,int,NULL,10,0,YES,NULL
dbo,REIMB_RATE_DATA,M_PLUS_DIFF_TABLE_EFF_2,60,datetime,NULL,NULL,NULL,YES,NULL
dbo,REIMB_RATE_DATA,M_PLUS_DIFF_TABLE_3,61,int,NULL,10,0,YES,NULL
dbo,REIMB_RATE_DATA,M_PLUS_DIFF_TABLE_EFF3,62,datetime,NULL,NULL,NULL,YES,NULL
dbo,REIMB_RATE_DATA,M_PDM_MAC_FLAG,63,char,1,NULL,NULL,YES,NULL
dbo,REIMB_RATE_DATA,M_MIN_REIMB_AMT,64,decimal,NULL,18,2,YES,NULL
dbo,REIMB_RATE_DATA,M_ELECTRONIC_FEE,65,decimal,NULL,18,2,YES,NULL
dbo,REIMB_RATE_DATA,M_INCENTIVE_FEE,66,decimal,NULL,18,2,YES,NULL
dbo,REIMB_RATE_DATA,M_DISC_NET_FEE,67,decimal,NULL,18,2,YES,NULL
dbo,REIMB_RATE_DATA,M_MAC_AWP_PRCNT,68,decimal,NULL,18,4,YES,NULL
dbo,REIMB_RATE_DATA,M_MAC_AWP_NUM,69,int,NULL,10,0,YES,NULL
dbo,REIMB_RATE_DATA,M_AWP_LITIGATION_FACTOR,70,decimal,NULL,18,4,YES,NULL
dbo,REIMB_RATE_DATA,M_MAC_FACTOR_TABLE,71,int,NULL,10,0,YES,NULL
dbo,REIMB_RATE_DATA,M_340B_CAP,72,decimal,NULL,18,2,YES,NULL
dbo,REIMB_RATE_DATA,M_EFT_FEE,73,decimal,NULL,18,2,YES,NULL
dbo,REIMB_RATE_DATA,M_WAC_FEE,74,decimal,NULL,18,2,YES,NULL
dbo,REIMB_RATE_DATA,M_WAC_PRCNT,75,decimal,NULL,18,4,YES,NULL
dbo,REIMB_RATE_DATA,M_340BDispFee,76,decimal,NULL,18,2,YES,NULL
dbo,REIMB_RATE_DATA,M_ReimbFixedAmt,77,decimal,NULL,18,2,YES,NULL
dbo,REIMB_RATE_DATA,M_ReimbCapAmt,78,decimal,NULL,18,2,YES,NULL
dbo,REIMB_RATE_DATA,M_AddID,79,varchar,15,NULL,NULL,YES,NULL
dbo,REIMB_RATE_DATA,M_ChangeID,80,varchar,15,NULL,NULL,YES,NULL
dbo,REIMB_RATE_DATA,M_ADD_DATE,81,datetime,NULL,NULL,NULL,YES,NULL
dbo,REIMB_RATE_DATA,M_CHG_DATE,82,datetime,NULL,NULL,NULL,YES,NULL
dbo,REIMB_RATE_DATA,N_GEN_CODE,83,char,6,NULL,NULL,YES,NULL
dbo,REIMB_RATE_DATA,N_REIM_DESC_TYPE,84,float,NULL,53,NULL,YES,NULL
dbo,REIMB_RATE_DATA,N_AWP_PCNT,85,decimal,NULL,18,4,YES,NULL
dbo,REIMB_RATE_DATA,N_DISP_FEE,86,decimal,NULL,18,2,YES,NULL
dbo,REIMB_RATE_DATA,N_MAC_TBL,87,int,NULL,10,0,YES,NULL
dbo,REIMB_RATE_DATA,N_MAC_FEE,88,decimal,NULL,18,2,YES,NULL
dbo,REIMB_RATE_DATA,N_FLAT_FEE,89,decimal,NULL,18,2,YES,NULL
dbo,REIMB_RATE_DATA,N_CAP_AMT,90,decimal,NULL,18,2,YES,NULL
dbo,REIMB_RATE_DATA,N_PER_MONTH,91,char,1,NULL,NULL,YES,NULL
dbo,REIMB_RATE_DATA,N_ACTIVE,92,char,1,NULL,NULL,YES,NULL
dbo,REIMB_RATE_DATA,N_OTC_FEE,93,decimal,NULL,18,2,YES,NULL
dbo,REIMB_RATE_DATA,N_PAY_AS_CONTRACT_RATE,94,char,1,NULL,NULL,YES,NULL
dbo,REIMB_RATE_DATA,N_MARKETING_PERCENTAGE,95,decimal,NULL,18,4,YES,NULL
dbo,REIMB_RATE_DATA,N_MARKETING_DISP_FEE,96,decimal,NULL,18,2,YES,NULL
dbo,REIMB_RATE_DATA,N_PLUS_DIFF_TABLE_1,97,int,NULL,10,0,YES,NULL
dbo,REIMB_RATE_DATA,N_PLUS_DIFF_TABLE_EFF_1,98,datetime,NULL,NULL,NULL,YES,NULL
dbo,REIMB_RATE_DATA,N_PLUS_DIFF_TABLE_2,99,int,NULL,10,0,YES,NULL
dbo,REIMB_RATE_DATA,N_PLUS_DIFF_TABLE_EFF_2,100,datetime,NULL,NULL,NULL,YES,NULL
dbo,REIMB_RATE_DATA,N_PLUS_DIFF_TABLE_3,101,int,NULL,10,0,YES,NULL
dbo,REIMB_RATE_DATA,N_PLUS_DIFF_TABLE_EFF3,102,datetime,NULL,NULL,NULL,YES,NULL
dbo,REIMB_RATE_DATA,N_PDM_MAC_FLAG,103,char,1,NULL,NULL,YES,NULL
dbo,REIMB_RATE_DATA,N_MIN_REIMB_AMT,104,decimal,NULL,18,2,YES,NULL
dbo,REIMB_RATE_DATA,N_ELECTRONIC_FEE,105,decimal,NULL,18,2,YES,NULL
dbo,REIMB_RATE_DATA,N_INCENTIVE_FEE,106,decimal,NULL,18,2,YES,NULL
dbo,REIMB_RATE_DATA,N_DISC_NET_FEE,107,decimal,NULL,18,2,YES,NULL
dbo,REIMB_RATE_DATA,N_MAC_AWP_PRCNT,108,decimal,NULL,18,4,YES,NULL
dbo,REIMB_RATE_DATA,N_MAC_AWP_NUM,109,int,NULL,10,0,YES,NULL
dbo,REIMB_RATE_DATA,N_AWP_LITIGATION_FACTOR,110,decimal,NULL,18,4,YES,NULL
dbo,REIMB_RATE_DATA,N_MAC_FACTOR_TABLE,111,int,NULL,10,0,YES,NULL
dbo,REIMB_RATE_DATA,N_340B_CAP,112,decimal,NULL,18,2,YES,NULL
dbo,REIMB_RATE_DATA,N_EFT_FEE,113,decimal,NULL,18,2,YES,NULL
dbo,REIMB_RATE_DATA,N_WAC_FEE,114,decimal,NULL,18,2,YES,NULL
dbo,REIMB_RATE_DATA,N_WAC_PRCNT,115,decimal,NULL,18,4,YES,NULL
dbo,REIMB_RATE_DATA,N_340BDispFee,116,decimal,NULL,18,2,YES,NULL
dbo,REIMB_RATE_DATA,N_ReimbFixedAmt,117,decimal,NULL,18,2,YES,NULL
dbo,REIMB_RATE_DATA,N_ReimbCapAmt,118,decimal,NULL,18,2,YES,NULL
dbo,REIMB_RATE_DATA,N_AddID,119,varchar,15,NULL,NULL,YES,NULL
dbo,REIMB_RATE_DATA,N_ChangeID,120,varchar,15,NULL,NULL,YES,NULL
dbo,REIMB_RATE_DATA,N_ADD_DATE,121,datetime,NULL,NULL,NULL,YES,NULL
dbo,REIMB_RATE_DATA,N_CHG_DATE,122,datetime,NULL,NULL,NULL,YES,NULL
dbo,REIMB_RATE_DATA,Y_GEN_CODE,123,char,6,NULL,NULL,YES,NULL
dbo,REIMB_RATE_DATA,Y_REIM_DESC_TYPE,124,float,NULL,53,NULL,YES,NULL
dbo,REIMB_RATE_DATA,Y_AWP_PCNT,125,decimal,NULL,18,4,YES,NULL
dbo,REIMB_RATE_DATA,Y_DISP_FEE,126,decimal,NULL,18,2,YES,NULL
dbo,REIMB_RATE_DATA,Y_MAC_TBL,127,int,NULL,10,0,YES,NULL
dbo,REIMB_RATE_DATA,Y_MAC_FEE,128,decimal,NULL,18,2,YES,NULL
dbo,REIMB_RATE_DATA,Y_FLAT_FEE,129,decimal,NULL,18,2,YES,NULL
dbo,REIMB_RATE_DATA,Y_CAP_AMT,130,decimal,NULL,18,2,YES,NULL
dbo,REIMB_RATE_DATA,Y_PER_MONTH,131,char,1,NULL,NULL,YES,NULL
dbo,REIMB_RATE_DATA,Y_ACTIVE,132,char,1,NULL,NULL,YES,NULL
dbo,REIMB_RATE_DATA,Y_OTC_FEE,133,decimal,NULL,18,2,YES,NULL
dbo,REIMB_RATE_DATA,Y_PAY_AS_CONTRACT_RATE,134,char,1,NULL,NULL,YES,NULL
dbo,REIMB_RATE_DATA,Y_MARKETING_PERCENTAGE,135,decimal,NULL,18,4,YES,NULL
dbo,REIMB_RATE_DATA,Y_MARKETING_DISP_FEE,136,decimal,NULL,18,2,YES,NULL
dbo,REIMB_RATE_DATA,Y_PLUS_DIFF_TABLE_1,137,int,NULL,10,0,YES,NULL
dbo,REIMB_RATE_DATA,Y_PLUS_DIFF_TABLE_EFF_1,138,datetime,NULL,NULL,NULL,YES,NULL
dbo,REIMB_RATE_DATA,Y_PLUS_DIFF_TABLE_2,139,int,NULL,10,0,YES,NULL
dbo,REIMB_RATE_DATA,Y_PLUS_DIFF_TABLE_EFF_2,140,datetime,NULL,NULL,NULL,YES,NULL
dbo,REIMB_RATE_DATA,Y_PLUS_DIFF_TABLE_3,141,int,NULL,10,0,YES,NULL
dbo,REIMB_RATE_DATA,Y_PLUS_DIFF_TABLE_EFF3,142,datetime,NULL,NULL,NULL,YES,NULL
dbo,REIMB_RATE_DATA,Y_PDM_MAC_FLAG,143,char,1,NULL,NULL,YES,NULL
dbo,REIMB_RATE_DATA,Y_MIN_REIMB_AMT,144,decimal,NULL,18,2,YES,NULL
dbo,REIMB_RATE_DATA,Y_ELECTRONIC_FEE,145,decimal,NULL,18,2,YES,NULL
dbo,REIMB_RATE_DATA,Y_INCENTIVE_FEE,146,decimal,NULL,18,2,YES,NULL
dbo,REIMB_RATE_DATA,Y_DISC_NET_FEE,147,decimal,NULL,18,2,YES,NULL
dbo,REIMB_RATE_DATA,Y_MAC_AWP_PRCNT,148,decimal,NULL,18,4,YES,NULL
dbo,REIMB_RATE_DATA,Y_MAC_AWP_NUM,149,int,NULL,10,0,YES,NULL
dbo,REIMB_RATE_DATA,Y_AWP_LITIGATION_FACTOR,150,decimal,NULL,18,4,YES,NULL
dbo,REIMB_RATE_DATA,Y_MAC_FACTOR_TABLE,151,int,NULL,10,0,YES,NULL
dbo,REIMB_RATE_DATA,Y_340B_CAP,152,decimal,NULL,18,2,YES,NULL
dbo,REIMB_RATE_DATA,Y_EFT_FEE,153,decimal,NULL,18,2,YES,NULL
dbo,REIMB_RATE_DATA,Y_WAC_FEE,154,decimal,NULL,18,2,YES,NULL
dbo,REIMB_RATE_DATA,Y_WAC_PRCNT,155,decimal,NULL,18,4,YES,NULL
dbo,REIMB_RATE_DATA,Y_340BDispFee,156,decimal,NULL,18,2,YES,NULL
dbo,REIMB_RATE_DATA,Y_ReimbFixedAmt,157,decimal,NULL,18,2,YES,NULL
dbo,REIMB_RATE_DATA,Y_ReimbCapAmt,158,decimal,NULL,18,2,YES,NULL
dbo,REIMB_RATE_DATA,Y_AddID,159,varchar,15,NULL,NULL,YES,NULL
dbo,REIMB_RATE_DATA,Y_ChangeID,160,varchar,15,NULL,NULL,YES,NULL
dbo,REIMB_RATE_DATA,Y_ADD_DATE,161,datetime,NULL,NULL,NULL,YES,NULL
dbo,REIMB_RATE_DATA,Y_CHG_DATE,162,datetime,NULL,NULL,NULL,YES,NULL
dbo,REIMB_RATE_DATA,PURGE_STATUS,163,int,NULL,10,0,YES,NULL
dbo,REIMB_RATE_DATA,WarehouseLoadDate,164,datetime,NULL,NULL,NULL,YES,NULL
dbo,REIMB_RATE_DATA,WarehouseChangeDate,165,datetime,NULL,NULL,NULL,YES,NULL
dbo,REIMB_RATE_DATA,O_AddOnPercent,166,decimal,NULL,18,4,YES,NULL
dbo,REIMB_RATE_DATA,M_AddOnPercent,167,decimal,NULL,18,4,YES,NULL
dbo,REIMB_RATE_DATA,N_AddOnPercent,168,decimal,NULL,18,4,YES,NULL
dbo,REIMB_RATE_DATA,Y_AddOnPercent,169,decimal,NULL,18,4,YES,NULL
dbo,REIMB_RATE_DATA_hold,REIMB_RATE_NUMBER,1,int,NULL,10,0,NO,NULL
dbo,REIMB_RATE_DATA_hold,REIMB_DESC,2,char,50,NULL,NULL,YES,NULL
dbo,REIMB_RATE_DATA_hold,O_GEN_CODE,3,char,1,NULL,NULL,YES,NULL
dbo,REIMB_RATE_DATA_hold,O_REIM_DESC_TYPE,4,float,NULL,53,NULL,YES,NULL
dbo,REIMB_RATE_DATA_hold,O_AWP_PCNT,5,decimal,NULL,18,4,YES,NULL
dbo,REIMB_RATE_DATA_hold,O_DISP_FEE,6,decimal,NULL,18,2,YES,NULL
dbo,REIMB_RATE_DATA_hold,O_MAC_TBL,7,smallint,NULL,5,0,YES,NULL
dbo,REIMB_RATE_DATA_hold,O_MAC_FEE,8,decimal,NULL,18,2,YES,NULL
dbo,REIMB_RATE_DATA_hold,O_INCENTIVE_FEE,9,decimal,NULL,18,2,YES,NULL
dbo,REIMB_RATE_DATA_hold,O_DISC_NET_FEE,10,decimal,NULL,18,2,YES,NULL
dbo,REIMB_RATE_DATA_hold,O_ELECTRONIC_FEE,11,decimal,NULL,18,2,YES,NULL
dbo,REIMB_RATE_DATA_hold,O_MIN_REIMB_AMT,12,decimal,NULL,18,2,YES,NULL
dbo,REIMB_RATE_DATA_hold,O_AWP_LITIGATION_FACTOR,13,decimal,NULL,18,4,YES,NULL
dbo,REIMB_RATE_DATA_hold,O_MARKETING_PERCENTAGE,14,decimal,NULL,18,4,YES,NULL
dbo,REIMB_RATE_DATA_hold,O_MARKETING_DISP_FEE,15,decimal,NULL,18,2,YES,NULL
dbo,REIMB_RATE_DATA_hold,O_FLAT_FEE,16,decimal,NULL,18,2,YES,NULL
dbo,REIMB_RATE_DATA_hold,O_CAP_AMT,17,decimal,NULL,18,2,YES,NULL
dbo,REIMB_RATE_DATA_hold,O_PER_MONTH,18,char,1,NULL,NULL,YES,NULL
dbo,REIMB_RATE_DATA_hold,O_ACTIVE,19,char,1,NULL,NULL,YES,NULL
dbo,REIMB_RATE_DATA_hold,O_OTC_FEE,20,decimal,NULL,18,2,YES,NULL
dbo,REIMB_RATE_DATA_hold,O_PAY_AS_CONTRACT_RATE,21,char,1,NULL,NULL,YES,NULL
dbo,REIMB_RATE_DATA_hold,O_PLUS_DIFF_TABLE_1,22,int,NULL,10,0,YES,NULL
dbo,REIMB_RATE_DATA_hold,O_PLUS_DIFF_TABLE_EFF_1,23,datetime,NULL,NULL,NULL,YES,NULL
dbo,REIMB_RATE_DATA_hold,O_PLUS_DIFF_TABLE_2,24,int,NULL,10,0,YES,NULL
dbo,REIMB_RATE_DATA_hold,O_PLUS_DIFF_TABLE_EFF_2,25,datetime,NULL,NULL,NULL,YES,NULL
dbo,REIMB_RATE_DATA_hold,O_PLUS_DIFF_TABLE_3,26,int,NULL,10,0,YES,NULL
dbo,REIMB_RATE_DATA_hold,O_PLUS_DIFF_TABLE_EFF3,27,datetime,NULL,NULL,NULL,YES,NULL
dbo,REIMB_RATE_DATA_hold,O_PDM_MAC_FLAG,28,char,1,NULL,NULL,YES,NULL
dbo,REIMB_RATE_DATA_hold,O_MAC_AWP_PRCNT,29,decimal,NULL,18,4,YES,NULL
dbo,REIMB_RATE_DATA_hold,O_MAC_AWP_NUM,30,int,NULL,10,0,YES,NULL
dbo,REIMB_RATE_DATA_hold,O_MAC_FACTOR_TABLE,31,int,NULL,10,0,YES,NULL
dbo,REIMB_RATE_DATA_hold,O_340B_CAP,32,decimal,NULL,18,2,YES,NULL
dbo,REIMB_RATE_DATA_hold,O_EFT_FEE,33,decimal,NULL,18,2,YES,NULL
dbo,REIMB_RATE_DATA_hold,O_WAC_FEE,34,decimal,NULL,18,2,YES,NULL
dbo,REIMB_RATE_DATA_hold,O_WAC_PRCNT,35,decimal,NULL,18,4,YES,NULL
dbo,REIMB_RATE_DATA_hold,O_ADD_DATE,36,datetime,NULL,NULL,NULL,YES,NULL
dbo,REIMB_RATE_DATA_hold,O_CHG_DATE,37,datetime,NULL,NULL,NULL,YES,NULL
dbo,REIMB_RATE_DATA_hold,M_GEN_CODE,38,char,1,NULL,NULL,YES,NULL
dbo,REIMB_RATE_DATA_hold,M_REIM_DESC_TYPE,39,float,NULL,53,NULL,YES,NULL
dbo,REIMB_RATE_DATA_hold,M_AWP_PCNT,40,decimal,NULL,18,4,YES,NULL
dbo,REIMB_RATE_DATA_hold,M_DISP_FEE,41,decimal,NULL,18,2,YES,NULL
dbo,REIMB_RATE_DATA_hold,M_MAC_TBL,42,smallint,NULL,5,0,YES,NULL
dbo,REIMB_RATE_DATA_hold,M_MAC_FEE,43,decimal,NULL,18,2,YES,NULL
dbo,REIMB_RATE_DATA_hold,M_INCENTIVE_FEE,44,decimal,NULL,18,2,YES,NULL
dbo,REIMB_RATE_DATA_hold,M_DISC_NET_FEE,45,decimal,NULL,18,2,YES,NULL
dbo,REIMB_RATE_DATA_hold,M_ELECTRONIC_FEE,46,decimal,NULL,18,2,YES,NULL
dbo,REIMB_RATE_DATA_hold,M_MIN_REIMB_AMT,47,decimal,NULL,18,2,YES,NULL
dbo,REIMB_RATE_DATA_hold,M_AWP_LITIGATION_FACTOR,48,decimal,NULL,18,4,YES,NULL
dbo,REIMB_RATE_DATA_hold,M_MARKETING_PERCENTAGE,49,decimal,NULL,18,4,YES,NULL
dbo,REIMB_RATE_DATA_hold,M_MARKETING_DISP_FEE,50,decimal,NULL,18,2,YES,NULL
dbo,REIMB_RATE_DATA_hold,M_FLAT_FEE,51,decimal,NULL,18,2,YES,NULL
dbo,REIMB_RATE_DATA_hold,M_CAP_AMT,52,decimal,NULL,18,2,YES,NULL
dbo,REIMB_RATE_DATA_hold,M_PER_MONTH,53,char,1,NULL,NULL,YES,NULL
dbo,REIMB_RATE_DATA_hold,M_ACTIVE,54,char,1,NULL,NULL,YES,NULL
dbo,REIMB_RATE_DATA_hold,M_OTC_FEE,55,decimal,NULL,18,2,YES,NULL
dbo,REIMB_RATE_DATA_hold,M_PAY_AS_CONTRACT_RATE,56,char,1,NULL,NULL,YES,NULL
dbo,REIMB_RATE_DATA_hold,M_PLUS_DIFF_TABLE_1,57,int,NULL,10,0,YES,NULL
dbo,REIMB_RATE_DATA_hold,M_PLUS_DIFF_TABLE_EFF_1,58,datetime,NULL,NULL,NULL,YES,NULL
dbo,REIMB_RATE_DATA_hold,M_PLUS_DIFF_TABLE_2,59,int,NULL,10,0,YES,NULL
dbo,REIMB_RATE_DATA_hold,M_PLUS_DIFF_TABLE_EFF_2,60,datetime,NULL,NULL,NULL,YES,NULL
dbo,REIMB_RATE_DATA_hold,M_PLUS_DIFF_TABLE_3,61,int,NULL,10,0,YES,NULL
dbo,REIMB_RATE_DATA_hold,M_PLUS_DIFF_TABLE_EFF3,62,datetime,NULL,NULL,NULL,YES,NULL
dbo,REIMB_RATE_DATA_hold,M_PDM_MAC_FLAG,63,char,1,NULL,NULL,YES,NULL
dbo,REIMB_RATE_DATA_hold,M_MAC_AWP_PRCNT,64,decimal,NULL,18,4,YES,NULL
dbo,REIMB_RATE_DATA_hold,M_MAC_AWP_NUM,65,int,NULL,10,0,YES,NULL
dbo,REIMB_RATE_DATA_hold,M_MAC_FACTOR_TABLE,66,int,NULL,10,0,YES,NULL
dbo,REIMB_RATE_DATA_hold,M_340B_CAP,67,decimal,NULL,18,2,YES,NULL
dbo,REIMB_RATE_DATA_hold,M_EFT_FEE,68,decimal,NULL,18,2,YES,NULL
dbo,REIMB_RATE_DATA_hold,M_WAC_FEE,69,decimal,NULL,18,2,YES,NULL
dbo,REIMB_RATE_DATA_hold,M_WAC_PRCNT,70,decimal,NULL,18,4,YES,NULL
dbo,REIMB_RATE_DATA_hold,M_ADD_DATE,71,datetime,NULL,NULL,NULL,YES,NULL
dbo,REIMB_RATE_DATA_hold,M_CHG_DATE,72,datetime,NULL,NULL,NULL,YES,NULL
dbo,REIMB_RATE_DATA_hold,N_GEN_CODE,73,char,1,NULL,NULL,YES,NULL
dbo,REIMB_RATE_DATA_hold,N_REIM_DESC_TYPE,74,float,NULL,53,NULL,YES,NULL
dbo,REIMB_RATE_DATA_hold,N_AWP_PCNT,75,decimal,NULL,18,4,YES,NULL
dbo,REIMB_RATE_DATA_hold,N_DISP_FEE,76,decimal,NULL,18,2,YES,NULL
dbo,REIMB_RATE_DATA_hold,N_MAC_TBL,77,smallint,NULL,5,0,YES,NULL
dbo,REIMB_RATE_DATA_hold,N_MAC_FEE,78,decimal,NULL,18,2,YES,NULL
dbo,REIMB_RATE_DATA_hold,N_INCENTIVE_FEE,79,decimal,NULL,18,2,YES,NULL
dbo,REIMB_RATE_DATA_hold,N_DISC_NET_FEE,80,decimal,NULL,18,2,YES,NULL
dbo,REIMB_RATE_DATA_hold,N_ELECTRONIC_FEE,81,decimal,NULL,18,2,YES,NULL
dbo,REIMB_RATE_DATA_hold,N_MIN_REIMB_AMT,82,decimal,NULL,18,2,YES,NULL
dbo,REIMB_RATE_DATA_hold,N_AWP_LITIGATION_FACTOR,83,decimal,NULL,18,4,YES,NULL
dbo,REIMB_RATE_DATA_hold,N_MARKETING_PERCENTAGE,84,decimal,NULL,18,4,YES,NULL
dbo,REIMB_RATE_DATA_hold,N_MARKETING_DISP_FEE,85,decimal,NULL,18,2,YES,NULL
dbo,REIMB_RATE_DATA_hold,N_FLAT_FEE,86,decimal,NULL,18,2,YES,NULL
dbo,REIMB_RATE_DATA_hold,N_CAP_AMT,87,decimal,NULL,18,2,YES,NULL
dbo,REIMB_RATE_DATA_hold,N_PER_MONTH,88,char,1,NULL,NULL,YES,NULL
dbo,REIMB_RATE_DATA_hold,N_ACTIVE,89,char,1,NULL,NULL,YES,NULL
dbo,REIMB_RATE_DATA_hold,N_OTC_FEE,90,decimal,NULL,18,2,YES,NULL
dbo,REIMB_RATE_DATA_hold,N_PAY_AS_CONTRACT_RATE,91,char,1,NULL,NULL,YES,NULL
dbo,REIMB_RATE_DATA_hold,N_PLUS_DIFF_TABLE_1,92,int,NULL,10,0,YES,NULL
dbo,REIMB_RATE_DATA_hold,N_PLUS_DIFF_TABLE_EFF_1,93,datetime,NULL,NULL,NULL,YES,NULL
dbo,REIMB_RATE_DATA_hold,N_PLUS_DIFF_TABLE_2,94,int,NULL,10,0,YES,NULL
dbo,REIMB_RATE_DATA_hold,N_PLUS_DIFF_TABLE_EFF_2,95,datetime,NULL,NULL,NULL,YES,NULL
dbo,REIMB_RATE_DATA_hold,N_PLUS_DIFF_TABLE_3,96,int,NULL,10,0,YES,NULL
dbo,REIMB_RATE_DATA_hold,N_PLUS_DIFF_TABLE_EFF3,97,datetime,NULL,NULL,NULL,YES,NULL
dbo,REIMB_RATE_DATA_hold,N_PDM_MAC_FLAG,98,char,1,NULL,NULL,YES,NULL
dbo,REIMB_RATE_DATA_hold,N_MAC_AWP_PRCNT,99,decimal,NULL,18,4,YES,NULL
dbo,REIMB_RATE_DATA_hold,N_MAC_AWP_NUM,100,int,NULL,10,0,YES,NULL
dbo,REIMB_RATE_DATA_hold,N_MAC_FACTOR_TABLE,101,int,NULL,10,0,YES,NULL
dbo,REIMB_RATE_DATA_hold,N_340B_CAP,102,decimal,NULL,18,2,YES,NULL
dbo,REIMB_RATE_DATA_hold,N_EFT_FEE,103,decimal,NULL,18,2,YES,NULL
dbo,REIMB_RATE_DATA_hold,N_WAC_FEE,104,decimal,NULL,18,2,YES,NULL
dbo,REIMB_RATE_DATA_hold,N_WAC_PRCNT,105,decimal,NULL,18,4,YES,NULL
dbo,REIMB_RATE_DATA_hold,N_ADD_DATE,106,datetime,NULL,NULL,NULL,YES,NULL
dbo,REIMB_RATE_DATA_hold,N_CHG_DATE,107,datetime,NULL,NULL,NULL,YES,NULL
dbo,REIMB_RATE_DATA_hold,Y_GEN_CODE,108,char,1,NULL,NULL,YES,NULL
dbo,REIMB_RATE_DATA_hold,Y_REIM_DESC_TYPE,109,float,NULL,53,NULL,YES,NULL
dbo,REIMB_RATE_DATA_hold,Y_AWP_PCNT,110,decimal,NULL,18,4,YES,NULL
dbo,REIMB_RATE_DATA_hold,Y_DISP_FEE,111,decimal,NULL,18,2,YES,NULL
dbo,REIMB_RATE_DATA_hold,Y_MAC_TBL,112,smallint,NULL,5,0,YES,NULL
dbo,REIMB_RATE_DATA_hold,Y_MAC_FEE,113,decimal,NULL,18,2,YES,NULL
dbo,REIMB_RATE_DATA_hold,Y_INCENTIVE_FEE,114,decimal,NULL,18,2,YES,NULL
dbo,REIMB_RATE_DATA_hold,Y_DISC_NET_FEE,115,decimal,NULL,18,2,YES,NULL
dbo,REIMB_RATE_DATA_hold,Y_ELECTRONIC_FEE,116,decimal,NULL,18,2,YES,NULL
dbo,REIMB_RATE_DATA_hold,Y_MIN_REIMB_AMT,117,decimal,NULL,18,2,YES,NULL
dbo,REIMB_RATE_DATA_hold,Y_AWP_LITIGATION_FACTOR,118,decimal,NULL,18,4,YES,NULL
dbo,REIMB_RATE_DATA_hold,Y_MARKETING_PERCENTAGE,119,decimal,NULL,18,4,YES,NULL
dbo,REIMB_RATE_DATA_hold,Y_MARKETING_DISP_FEE,120,decimal,NULL,18,2,YES,NULL
dbo,REIMB_RATE_DATA_hold,Y_FLAT_FEE,121,decimal,NULL,18,2,YES,NULL
dbo,REIMB_RATE_DATA_hold,Y_CAP_AMT,122,decimal,NULL,18,2,YES,NULL
dbo,REIMB_RATE_DATA_hold,Y_PER_MONTH,123,char,1,NULL,NULL,YES,NULL
dbo,REIMB_RATE_DATA_hold,Y_ACTIVE,124,char,1,NULL,NULL,YES,NULL
dbo,REIMB_RATE_DATA_hold,Y_OTC_FEE,125,decimal,NULL,18,2,YES,NULL
dbo,REIMB_RATE_DATA_hold,Y_PAY_AS_CONTRACT_RATE,126,char,1,NULL,NULL,YES,NULL
dbo,REIMB_RATE_DATA_hold,Y_PLUS_DIFF_TABLE_1,127,int,NULL,10,0,YES,NULL
dbo,REIMB_RATE_DATA_hold,Y_PLUS_DIFF_TABLE_EFF_1,128,datetime,NULL,NULL,NULL,YES,NULL
dbo,REIMB_RATE_DATA_hold,Y_PLUS_DIFF_TABLE_2,129,int,NULL,10,0,YES,NULL
dbo,REIMB_RATE_DATA_hold,Y_PLUS_DIFF_TABLE_EFF_2,130,datetime,NULL,NULL,NULL,YES,NULL
dbo,REIMB_RATE_DATA_hold,Y_PLUS_DIFF_TABLE_3,131,int,NULL,10,0,YES,NULL
dbo,REIMB_RATE_DATA_hold,Y_PLUS_DIFF_TABLE_EFF3,132,datetime,NULL,NULL,NULL,YES,NULL
dbo,REIMB_RATE_DATA_hold,Y_PDM_MAC_FLAG,133,char,1,NULL,NULL,YES,NULL
dbo,REIMB_RATE_DATA_hold,Y_MAC_AWP_PRCNT,134,decimal,NULL,18,4,YES,NULL
dbo,REIMB_RATE_DATA_hold,Y_MAC_AWP_NUM,135,int,NULL,10,0,YES,NULL
dbo,REIMB_RATE_DATA_hold,Y_MAC_FACTOR_TABLE,136,int,NULL,10,0,YES,NULL
dbo,REIMB_RATE_DATA_hold,Y_340B_CAP,137,decimal,NULL,18,2,YES,NULL
dbo,REIMB_RATE_DATA_hold,Y_EFT_FEE,138,decimal,NULL,18,2,YES,NULL
dbo,REIMB_RATE_DATA_hold,Y_WAC_FEE,139,decimal,NULL,18,2,YES,NULL
dbo,REIMB_RATE_DATA_hold,Y_WAC_PRCNT,140,decimal,NULL,18,4,YES,NULL
dbo,REIMB_RATE_DATA_hold,Y_ADD_DATE,141,datetime,NULL,NULL,NULL,YES,NULL
dbo,REIMB_RATE_DATA_hold,Y_CHG_DATE,142,datetime,NULL,NULL,NULL,YES,NULL
dbo,REIMB_RATE_DATA_hold,PURGE_STATUS,143,int,NULL,10,0,YES,NULL
dbo,REIMB_RATE_DATA_hold,WarehouseLoadDate,144,datetime,NULL,NULL,NULL,YES,NULL
dbo,REIMB_RATE_DATA_hold,WarehouseChangeDate,145,datetime,NULL,NULL,NULL,YES,NULL
dbo,ReimbRateExt,ReimbRateNumber,1,int,NULL,10,0,NO,NULL
dbo,ReimbRateExt,GenType,2,varchar,6,NULL,NULL,NO,NULL
dbo,ReimbRateExt,ReimbRateDescr,3,varchar,50,NULL,NULL,YES,NULL
dbo,ReimbRateExt,ReimbRateDescrCode,4,bigint,NULL,19,0,YES,NULL
dbo,ReimbRateExt,AWPPercent,5,decimal,NULL,18,4,YES,NULL
dbo,ReimbRateExt,Fee,6,decimal,NULL,18,2,YES,NULL
dbo,ReimbRateExt,MacTable,7,int,NULL,10,0,YES,NULL
dbo,ReimbRateExt,MacFee,8,decimal,NULL,18,2,YES,NULL
dbo,ReimbRateExt,FlatFee,9,decimal,NULL,18,2,YES,NULL
dbo,ReimbRateExt,CapAmt,10,decimal,NULL,18,2,YES,NULL
dbo,ReimbRateExt,PerMonth,11,char,1,NULL,NULL,YES,NULL
dbo,ReimbRateExt,Active,12,char,1,NULL,NULL,YES,NULL
dbo,ReimbRateExt,OTCFee,13,decimal,NULL,18,2,YES,NULL
dbo,ReimbRateExt,PayAsContractRate,14,char,1,NULL,NULL,YES,NULL
dbo,ReimbRateExt,MarkPercent,15,decimal,NULL,18,4,YES,NULL
dbo,ReimbRateExt,MarkDispFee,16,decimal,NULL,18,2,YES,NULL
dbo,ReimbRateExt,PlusDiffTable1,17,int,NULL,10,0,YES,NULL
dbo,ReimbRateExt,PlusDiffTableEffDate1,18,datetime,NULL,NULL,NULL,YES,NULL
dbo,ReimbRateExt,PlusDiffTable2,19,int,NULL,10,0,YES,NULL
dbo,ReimbRateExt,PlusDiffTableEffDate2,20,datetime,NULL,NULL,NULL,YES,NULL
dbo,ReimbRateExt,PlusDiffTable3,21,int,NULL,10,0,YES,NULL
dbo,ReimbRateExt,PlusDiffTableEffDate3,22,datetime,NULL,NULL,NULL,YES,NULL
dbo,ReimbRateExt,PDMMacFlag,23,char,1,NULL,NULL,YES,NULL
dbo,ReimbRateExt,MinReimbAmt,24,decimal,NULL,18,2,YES,NULL
dbo,ReimbRateExt,ElectFee,25,decimal,NULL,18,2,YES,NULL
dbo,ReimbRateExt,IncFee,26,decimal,NULL,18,2,YES,NULL
dbo,ReimbRateExt,DiscountNetFee,27,decimal,NULL,18,2,YES,NULL
dbo,ReimbRateExt,MacAWPPercent,28,decimal,NULL,18,4,YES,NULL
dbo,ReimbRateExt,MacAWPNumber,29,int,NULL,10,0,YES,NULL
dbo,ReimbRateExt,AWPFactor,30,decimal,NULL,18,4,YES,NULL
dbo,ReimbRateExt,MacFactorTable,31,int,NULL,10,0,YES,NULL
dbo,ReimbRateExt,Cap340B,32,decimal,NULL,18,2,YES,NULL
dbo,ReimbRateExt,EFTFee,33,decimal,NULL,18,2,YES,NULL
dbo,ReimbRateExt,WacFee,34,decimal,NULL,18,2,YES,NULL
dbo,ReimbRateExt,WacPercent,35,decimal,NULL,18,4,YES,NULL
dbo,ReimbRateExt,AddDate,36,datetime,NULL,NULL,NULL,YES,NULL
dbo,ReimbRateExt,ChangeDate,37,datetime,NULL,NULL,NULL,YES,NULL
dbo,ReimbRateExt,ExtDate,38,datetime,NULL,NULL,NULL,YES,NULL
dbo,ReimbRateExt,WarehouseLoadDate,39,datetime,NULL,NULL,NULL,YES,NULL
dbo,ReimbRateExt,WarehouseChangeDate,40,datetime,NULL,NULL,NULL,YES,NULL
dbo,ReimbRateExt,DispFee340B,41,decimal,NULL,18,2,YES,NULL
dbo,ReimbRateExt,ReimbFixAmt,42,decimal,NULL,18,2,YES,NULL
dbo,ReimbRateExt,ReimbCapAmt,43,decimal,NULL,18,2,YES,NULL
dbo,ReimbRateExt,AddID,44,varchar,15,NULL,NULL,YES,NULL
dbo,ReimbRateExt,ChangeID,45,varchar,15,NULL,NULL,YES,NULL
dbo,ReimbRateExt,AddOnPercent,46,decimal,NULL,18,4,YES,NULL
dbo,REJECT_DATA1,REJECT_NUMBER,1,int,NULL,10,0,NO,NULL
dbo,REJECT_DATA1,DESC_1,2,char,40,NULL,NULL,YES,NULL
dbo,REJECT_DATA1,DESC_2,3,char,40,NULL,NULL,YES,NULL
dbo,REJECT_DATA1,REJECT_DESCRIPTION,4,varchar,256,NULL,NULL,YES,NULL
dbo,REJECT_DATA1,PURGE_STATUS,5,int,NULL,10,0,YES,NULL
dbo,REJECT_DATA1,COST_SAVINGS_GROUP,6,char,8,NULL,NULL,YES,NULL
dbo,REJECT_DATA1,Compu32X,7,varchar,2,NULL,NULL,YES,NULL
dbo,REJECT_DATA1,CompuMessage,8,varchar,39,NULL,NULL,YES,NULL
dbo,REJECT_DATA1,PtMasterSeq,9,varchar,4,NULL,NULL,YES,NULL
dbo,REJECT_DATA1,PtError,10,varchar,2,NULL,NULL,YES,NULL
dbo,REJECT_DATA1,ActiveCode,11,char,1,NULL,NULL,YES,NULL
dbo,REJECT_DATA1,ExceptionOverride,12,char,1,NULL,NULL,YES,NULL
dbo,REJECT_DATA1,OverrideOverride,13,char,1,NULL,NULL,YES,NULL
dbo,REJECT_DATA1,PriorityCode,14,int,NULL,10,0,YES,NULL
dbo,REJECT_DATA1,GroupPriorityCode,15,int,NULL,10,0,YES,NULL
dbo,REJECT_DATA1,CanadianErrCode,16,varchar,2,NULL,NULL,YES,NULL
dbo,REJECT_DATA1,OverrideTypeCode,17,int,NULL,10,0,YES,NULL
dbo,REJECT_DATA1,CompuD0,18,varchar,4,NULL,NULL,YES,NULL
dbo,REJECT_DATA1,MEDD569RejFlag,19,varchar,4,NULL,NULL,YES,NULL
dbo,REJECT_DATA1,MCETOverride,20,char,1,NULL,NULL,YES,NULL
dbo,REJECT_DATA1,EntryDate,21,datetime,NULL,NULL,NULL,YES,NULL
dbo,REJECT_DATA1,ChangeDate,22,datetime,NULL,NULL,NULL,YES,NULL
dbo,REJECT_DATA1,WarehouseLoadDate,23,datetime,NULL,NULL,NULL,YES,NULL
dbo,REJECT_DATA1,WarehouseChangeDate,24,datetime,NULL,NULL,NULL,YES,NULL
dbo,RejectCodeMaster,SystemLink,1,varchar,5,NULL,NULL,NO,NULL
dbo,RejectCodeMaster,SystemNbr,2,int,NULL,10,0,NO,NULL
dbo,RejectCodeMaster,SponsorNbr,3,int,NULL,10,0,NO,NULL
dbo,RejectCodeMaster,GroupNbr,4,float,NULL,53,NULL,NO,NULL
dbo,RejectCodeMaster,NCPDPRejectCode,5,varchar,3,NULL,NULL,NO,NULL
dbo,RejectCodeMaster,SequenceNbr,6,int,NULL,10,0,NO,NULL
dbo,RejectCodeMaster,EffDate,7,datetime,NULL,NULL,NULL,YES,NULL
dbo,RejectCodeMaster,TermDate,8,datetime,NULL,NULL,NULL,YES,NULL
dbo,RejectCodeMaster,PDMIRejectCode,9,int,NULL,10,0,YES,NULL
dbo,RejectCodeMaster,MessageShortF4,10,varchar,39,NULL,NULL,YES,NULL
dbo,RejectCodeMaster,MessageLongFQ,11,varchar,200,NULL,NULL,YES,NULL
dbo,RejectCodeMaster,UpdateID,12,varchar,20,NULL,NULL,YES,NULL
dbo,RejectCodeMaster,AddDate,13,datetime,NULL,NULL,NULL,YES,NULL
dbo,RejectCodeMaster,ChangeDate,14,datetime,NULL,NULL,NULL,YES,NULL
dbo,RejectCodeMaster,WarehouseLoadDate,15,datetime,NULL,NULL,NULL,YES,NULL
dbo,RejectCodeMaster,WarehouseChangeDate,16,datetime,NULL,NULL,NULL,YES,NULL
dbo,RejectMsg,SystemLink,1,varchar,5,NULL,NULL,NO,NULL
dbo,RejectMsg,SystemNumber,2,int,NULL,10,0,NO,NULL
dbo,RejectMsg,SponsorNumber,3,int,NULL,10,0,NO,NULL
dbo,RejectMsg,GroupNumber,4,float,NULL,53,NULL,NO,NULL
dbo,RejectMsg,OCC,5,int,NULL,10,0,NO,NULL
dbo,RejectMsg,RejectCode,6,int,NULL,10,0,NO,NULL
dbo,RejectMsg,SequenceNumber,7,int,NULL,10,0,NO,NULL
dbo,RejectMsg,EffDate,8,datetime,NULL,NULL,NULL,YES,NULL
dbo,RejectMsg,TermDate,9,datetime,NULL,NULL,NULL,YES,NULL
dbo,RejectMsg,PrimaryRespMsg,10,varchar,200,NULL,NULL,YES,NULL
dbo,RejectMsg,SecRespMsg,11,varchar,200,NULL,NULL,YES,NULL
dbo,RejectMsg,AltPAPhone,12,varchar,10,NULL,NULL,YES,NULL
dbo,RejectMsg,AddID,13,varchar,15,NULL,NULL,YES,NULL
dbo,RejectMsg,ChangeID,14,varchar,15,NULL,NULL,YES,NULL
dbo,RejectMsg,AddDate,15,datetime,NULL,NULL,NULL,YES,NULL
dbo,RejectMsg,ChangeDate,16,datetime,NULL,NULL,NULL,YES,NULL
dbo,RejectMsg,WarehouseLoadDate,17,datetime,NULL,NULL,NULL,YES,NULL
dbo,RejectMsg,WarehouseChangeDate,18,datetime,NULL,NULL,NULL,YES,NULL
dbo,ReportActivity,ReportUser,1,varchar,50,NULL,NULL,NO,NULL
dbo,ReportActivity,ReportID,2,varchar,50,NULL,NULL,NO,NULL
dbo,ReportActivity,RunDate,3,datetime,NULL,NULL,NULL,NO,NULL
dbo,ReportActivity,Parameters,4,varchar,8000,NULL,NULL,YES,NULL
dbo,ReportActivity,Result1Time,5,datetime,NULL,NULL,NULL,YES,NULL
dbo,ReportActivity,Result1Count,6,int,NULL,10,0,YES,NULL
dbo,ReportActivity,Result1Error,7,int,NULL,10,0,YES,NULL
dbo,ReportActivity,Result2Time,8,datetime,NULL,NULL,NULL,YES,NULL
dbo,ReportActivity,Result2Count,9,int,NULL,10,0,YES,NULL
dbo,ReportActivity,Result2Error,10,int,NULL,10,0,YES,NULL
dbo,ReportActivity,Result3Time,11,datetime,NULL,NULL,NULL,YES,NULL
dbo,ReportActivity,Result3Count,12,int,NULL,10,0,YES,NULL
dbo,ReportActivity,Result3Error,13,int,NULL,10,0,YES,NULL
dbo,ReportActivity,Result4Time,14,datetime,NULL,NULL,NULL,YES,NULL
dbo,ReportActivity,Result4Count,15,int,NULL,10,0,YES,NULL
dbo,ReportActivity,Result4Error,16,int,NULL,10,0,YES,NULL
dbo,ReportActivity,Result5Time,17,datetime,NULL,NULL,NULL,YES,NULL
dbo,ReportActivity,Result5Count,18,int,NULL,10,0,YES,NULL
dbo,ReportActivity,Result5Error,19,int,NULL,10,0,YES,NULL
dbo,ReportActivity,EndDate,20,datetime,NULL,NULL,NULL,YES,NULL
dbo,Reports,Rpt_ID_pk,1,varchar,50,NULL,NULL,NO,NULL
dbo,Reports,RptTitle,2,varchar,100,NULL,NULL,YES,NULL
dbo,Reports,RptDesc,3,varchar,254,NULL,NULL,YES,NULL
dbo,Reports,RptPeriodConst,4,varchar,254,NULL,NULL,YES,NULL
dbo,Reports,RptFunction,5,varchar,254,NULL,NULL,YES,NULL
dbo,Reports,RptVersion,6,varchar,50,NULL,NULL,YES,NULL
dbo,Reports,RptVerDate,7,datetime,NULL,NULL,NULL,YES,NULL
dbo,Reports,RptVerAuthor,8,varchar,50,NULL,NULL,YES,NULL
dbo,Reports,RptCreateDate,9,datetime,NULL,NULL,NULL,YES,NULL
dbo,ReportUser,LoginID,1,varchar,255,NULL,NULL,NO,NULL
dbo,ReportUser,SystemLink,2,varchar,20,NULL,NULL,YES,NULL
dbo,ReportUser,SystemNumber,3,smallint,NULL,5,0,YES,NULL
dbo,ReportUser,SponsorNumber,4,int,NULL,10,0,YES,NULL
dbo,ReportUser,MasterGroupNumber,5,int,NULL,10,0,YES,NULL
dbo,ReportUser,GroupNumber,6,float,NULL,53,NULL,YES,NULL
dbo,ReportUser,PeriodFlag,7,char,1,NULL,NULL,YES,NULL
dbo,RESTACK_CLAIMS_BALANCING_DAILY,PROCESS_DATE,1,datetime,NULL,NULL,NULL,NO,NULL
dbo,RESTACK_CLAIMS_BALANCING_DAILY,CLAIM_COUNT,2,int,NULL,10,0,YES,NULL
dbo,RESTACK_CLAIMS_BALANCING_DAILY,AUDIT_DATE,3,datetime,NULL,NULL,NULL,YES,NULL
dbo,RESTACK_CLAIMS_BALANCING_DAILY,AUDIT_CLAIM_COUNT,4,int,NULL,10,0,YES,NULL
dbo,RESTACK_CLAIMS_BALANCING_DAILY,AUDIT_CLAIM_COUNT_DIFFERENCE,5,int,NULL,10,0,YES,NULL
dbo,RESTACK_CLAIMS_BALANCING_DAILY,FILENAME,6,varchar,200,NULL,NULL,YES,NULL
dbo,Reversal,REVERSAL_KEY,1,char,14,NULL,NULL,NO,NULL
dbo,Reversal,BATCH_MASTER,2,char,8,NULL,NULL,YES,NULL
dbo,Reversal,CLAIM_NUMBER,3,int,NULL,10,0,YES,NULL
dbo,Reversal,CLAIM_TYPE,4,int,NULL,10,0,YES,NULL
dbo,Reversal,PAYMENT_DIR,5,int,NULL,10,0,YES,NULL
dbo,Reversal,CARDHOLDER_NUMBER,6,char,10,NULL,NULL,YES,NULL
dbo,Reversal,MEMBER_NUMBER,7,int,NULL,10,0,YES,NULL
dbo,Reversal,REL_CODE,8,char,1,NULL,NULL,YES,NULL
dbo,Reversal,MEMBER_BIRTH_DATE,9,datetime,NULL,NULL,NULL,YES,NULL
dbo,Reversal,MEMBER_SEX,10,char,1,NULL,NULL,YES,NULL
dbo,Reversal,MEMBER_FIRST,11,char,12,NULL,NULL,YES,NULL
dbo,Reversal,MEMBER_MI,12,char,1,NULL,NULL,YES,NULL
dbo,Reversal,MEMBER_LAST,13,char,15,NULL,NULL,YES,NULL
dbo,Reversal,PHARMACY_NUMBER,14,int,NULL,10,0,YES,NULL
dbo,Reversal,CHAIN_NUMBER,15,int,NULL,10,0,YES,NULL
dbo,Reversal,SYSTEM_NUMBER,16,int,NULL,10,0,YES,NULL
dbo,Reversal,SPONSOR_NUMBER,17,int,NULL,10,0,YES,NULL
dbo,Reversal,GROUP_NUMBER,18,float,NULL,53,NULL,YES,NULL
dbo,Reversal,COVERAGE_TYPE,19,char,1,NULL,NULL,YES,NULL
dbo,Reversal,PLAN_NUMBER,20,char,8,NULL,NULL,YES,NULL
dbo,Reversal,OTHER_COVERAGE_CODE,21,int,NULL,10,0,YES,NULL
dbo,Reversal,RX_DATE,22,datetime,NULL,NULL,NULL,YES,NULL
dbo,Reversal,RX_NUMBER,23,bigint,NULL,19,0,YES,NULL
dbo,Reversal,NEW_REFILL,24,char,1,NULL,NULL,YES,NULL
dbo,Reversal,REFILL_COUNT_NUM,25,int,NULL,10,0,YES,NULL
dbo,Reversal,MET_QUAN,26,decimal,NULL,18,3,YES,NULL
dbo,Reversal,DAYS_SUPPLY,27,int,NULL,10,0,YES,NULL
dbo,Reversal,COMPOUND_CODE,28,int,NULL,10,0,YES,NULL
dbo,Reversal,TYPE_CODE,29,int,NULL,10,0,YES,NULL
dbo,Reversal,NDC,30,char,12,NULL,NULL,YES,NULL
dbo,Reversal,GPI,31,char,14,NULL,NULL,YES,NULL
dbo,Reversal,THIRD_PARTY,32,char,1,NULL,NULL,YES,NULL
dbo,Reversal,MAIN_DRUG,33,char,1,NULL,NULL,YES,NULL
dbo,Reversal,GEN_CODE,34,char,1,NULL,NULL,YES,NULL
dbo,Reversal,MAC_NUMBER,35,int,NULL,10,0,YES,NULL
dbo,Reversal,GENERIC_TABLE,36,int,NULL,10,0,YES,NULL
dbo,Reversal,FORM_GT,37,int,NULL,10,0,YES,NULL
dbo,Reversal,MAINT_GT,38,int,NULL,10,0,YES,NULL
dbo,Reversal,STEP_THERAPY_NUMBER,39,int,NULL,10,0,YES,NULL
dbo,Reversal,PREFERRED_STATUS,40,char,1,NULL,NULL,YES,NULL
dbo,Reversal,DAW_INDICATOR_X,41,char,1,NULL,NULL,YES,NULL
dbo,Reversal,TAX,42,decimal,NULL,18,2,YES,NULL
dbo,Reversal,DISP_FEE,43,decimal,NULL,18,2,YES,NULL
dbo,Reversal,COPAY,44,decimal,NULL,18,2,YES,NULL
dbo,Reversal,ING_COST_BILLED,45,decimal,NULL,18,2,YES,NULL
dbo,Reversal,ING_COST_PAID,46,decimal,NULL,18,2,YES,NULL
dbo,Reversal,ADMIN_FEE,47,decimal,NULL,18,2,YES,NULL
dbo,Reversal,PHYSICIAN_NUMBER_X,48,char,15,NULL,NULL,YES,NULL
dbo,Reversal,ORIG_RX_DATE,49,datetime,NULL,NULL,NULL,YES,NULL
dbo,Reversal,REFILLS_AUTH,50,int,NULL,10,0,YES,NULL
dbo,Reversal,RX_ORIGIN_CODE,51,int,NULL,10,0,YES,NULL
dbo,Reversal,UCR_AMOUNT,52,decimal,NULL,18,2,YES,NULL
dbo,Reversal,SUB_CLARIFICATION_COUNT,53,int,NULL,10,0,YES,NULL
dbo,Reversal,SUB_CLARIFICATION_CODE_1,54,int,NULL,10,0,YES,NULL
dbo,Reversal,SUB_CLARIFICATION_CODE_2,55,int,NULL,10,0,YES,NULL
dbo,Reversal,SUB_CLARIFICTION_CODE_3,56,int,NULL,10,0,YES,NULL
dbo,Reversal,CUSTOMER_LOCATION,57,int,NULL,10,0,YES,NULL
dbo,Reversal,ELIG_CLARIFICATION_CODE,58,int,NULL,10,0,YES,NULL
dbo,Reversal,PA_MC_CODE_AND_NUMBER,59,decimal,NULL,12,0,YES,NULL
dbo,Reversal,OTHER_PAYER_BIN,60,int,NULL,10,0,YES,NULL
dbo,Reversal,LEVEL_OF_SERVICE,61,int,NULL,10,0,YES,NULL
dbo,Reversal,PRIMARY_PRESCRIBER,62,char,10,NULL,NULL,YES,NULL
dbo,Reversal,TRANS_REF_NUMBER,63,char,10,NULL,NULL,YES,NULL
dbo,Reversal,BASIS_OF_COST_DETERMINATION,64,char,2,NULL,NULL,YES,NULL
dbo,Reversal,PATIENT_PAID_AMOUNT,65,decimal,NULL,18,2,YES,NULL
dbo,Reversal,PERIOD_ENDING,66,int,NULL,10,0,YES,NULL
dbo,Reversal,PAID_DATE,67,datetime,NULL,NULL,NULL,YES,NULL
dbo,Reversal,DOCUMENT_NUMBER,68,int,NULL,10,0,YES,NULL
dbo,Reversal,LINE_NUMBER,69,int,NULL,10,0,YES,NULL
dbo,Reversal,TIME_HHMM,70,varchar,4,NULL,NULL,YES,NULL
dbo,Reversal,PROCESSOR_CONTROL_FLAG,71,char,1,NULL,NULL,YES,NULL
dbo,Reversal,VERSION_NUMBER,72,char,1,NULL,NULL,YES,NULL
dbo,Reversal,REJ_CODE_1,73,int,NULL,10,0,YES,NULL
dbo,Reversal,REJ_CODE_2,74,int,NULL,10,0,YES,NULL
dbo,Reversal,REVERSAL_CODE,75,int,NULL,10,0,YES,NULL
dbo,Reversal,ADJ_CODE_1,76,int,NULL,10,0,YES,NULL
dbo,Reversal,ADJ_CODE_INFORMATIONAL,77,int,NULL,10,0,YES,NULL
dbo,Reversal,EXCEPTION_01,78,int,NULL,10,0,YES,NULL
dbo,Reversal,EXCEPTION_02,79,int,NULL,10,0,YES,NULL
dbo,Reversal,EXCEPTION_03,80,int,NULL,10,0,YES,NULL
dbo,Reversal,EXCEPTION_04,81,int,NULL,10,0,YES,NULL
dbo,Reversal,EXCEPTION_05,82,int,NULL,10,0,YES,NULL
dbo,Reversal,EXCEPTION_06,83,int,NULL,10,0,YES,NULL
dbo,Reversal,EXCEPTION_07,84,int,NULL,10,0,YES,NULL
dbo,Reversal,EXCEPTION_08,85,int,NULL,10,0,YES,NULL
dbo,Reversal,EXCEPTION_09,86,int,NULL,10,0,YES,NULL
dbo,Reversal,EXCEPTION_10,87,int,NULL,10,0,YES,NULL
dbo,Reversal,EXCEPTION_11,88,int,NULL,10,0,YES,NULL
dbo,Reversal,EXCEPTION_12,89,int,NULL,10,0,YES,NULL
dbo,Reversal,EXCEPTION_13,90,int,NULL,10,0,YES,NULL
dbo,Reversal,EXCEPTION_14,91,int,NULL,10,0,YES,NULL
dbo,Reversal,EXCEPTION_15,92,int,NULL,10,0,YES,NULL
dbo,Reversal,EXCEPTION_16,93,int,NULL,10,0,YES,NULL
dbo,Reversal,EXCEPTION_17,94,int,NULL,10,0,YES,NULL
dbo,Reversal,EXCEPTION_18,95,int,NULL,10,0,YES,NULL
dbo,Reversal,EXCEPTION_19,96,int,NULL,10,0,YES,NULL
dbo,Reversal,EXCEPTION_20,97,int,NULL,10,0,YES,NULL
dbo,Reversal,OVERRIDE_01,98,int,NULL,10,0,YES,NULL
dbo,Reversal,OVERRIDE_02,99,int,NULL,10,0,YES,NULL
dbo,Reversal,OVERRIDE_03,100,int,NULL,10,0,YES,NULL
dbo,Reversal,OVERRIDE_04,101,int,NULL,10,0,YES,NULL
dbo,Reversal,OVERRIDE_05,102,int,NULL,10,0,YES,NULL
dbo,Reversal,OVERRIDE_06,103,int,NULL,10,0,YES,NULL
dbo,Reversal,OVERRIDE_07,104,int,NULL,10,0,YES,NULL
dbo,Reversal,OVERRIDE_08,105,int,NULL,10,0,YES,NULL
dbo,Reversal,OVERRIDE_09,106,int,NULL,10,0,YES,NULL
dbo,Reversal,OVERRIDE_10,107,int,NULL,10,0,YES,NULL
dbo,Reversal,SKIP_LIMIT_FLAG,108,int,NULL,10,0,YES,NULL
dbo,Reversal,COPAY_TABLE,109,int,NULL,10,0,YES,NULL
dbo,Reversal,DISP_TABLE,110,int,NULL,10,0,YES,NULL
dbo,Reversal,NETWORK_NUMBER,111,int,NULL,10,0,YES,NULL
dbo,Reversal,DMR_REIM_PAYMENT_TYPE,112,int,NULL,10,0,YES,NULL
dbo,Reversal,PHARMACY_OPTION,113,char,1,NULL,NULL,YES,NULL
dbo,Reversal,MAX_AMT,114,decimal,NULL,18,2,YES,NULL
dbo,Reversal,DEDUCT_AMT,115,decimal,NULL,18,2,YES,NULL
dbo,Reversal,GEN_SAVING_NET,116,decimal,NULL,18,2,YES,NULL
dbo,Reversal,OTHER_PAYOR_AMOUNT,117,decimal,NULL,18,2,YES,NULL
dbo,Reversal,UPD_CODE,118,int,NULL,10,0,YES,NULL
dbo,Reversal,PHO,119,char,14,NULL,NULL,YES,NULL
dbo,Reversal,OTHER_PAYER_PCN,120,char,14,NULL,NULL,YES,NULL
dbo,Reversal,PCP,121,char,14,NULL,NULL,YES,NULL
dbo,Reversal,OTHER_PAYER_GROUP,122,char,14,NULL,NULL,YES,NULL
dbo,Reversal,COUNTY,123,char,2,NULL,NULL,YES,NULL
dbo,Reversal,SOJ,124,char,2,NULL,NULL,YES,NULL
dbo,Reversal,AWP_100_PERC,125,decimal,NULL,18,2,YES,NULL
dbo,Reversal,DIFF_ING_PAID,126,decimal,NULL,18,2,YES,NULL
dbo,Reversal,DIFF_DISP_FEE,127,decimal,NULL,18,2,YES,NULL
dbo,Reversal,DIFF_TABLE_NUMBER,128,int,NULL,10,0,YES,NULL
dbo,Reversal,MAC_REFERENCE_PRICE,129,decimal,NULL,18,2,YES,NULL
dbo,Reversal,CONTRACT_RATE_PRICE,130,decimal,NULL,18,2,YES,NULL
dbo,Reversal,ORDER_NUMBER,131,char,20,NULL,NULL,YES,NULL
dbo,Reversal,OTHER_PAYER_CARDHOLDER,132,char,20,NULL,NULL,YES,NULL
dbo,Reversal,DISPENSING_STATUS,133,char,1,NULL,NULL,YES,NULL
dbo,Reversal,ASSOC_RX_DATE,134,datetime,NULL,NULL,NULL,YES,NULL
dbo,Reversal,ASSOC_RX_NUMBER,135,bigint,NULL,19,0,YES,NULL
dbo,Reversal,INTENDED_MET_QTY,136,decimal,NULL,18,3,YES,NULL
dbo,Reversal,INTENDED_DAYS_SUPPLY,137,int,NULL,10,0,YES,NULL
dbo,Reversal,PAR_ING_COST_PAID,138,decimal,NULL,18,2,YES,NULL
dbo,Reversal,TA_AMOUNT,139,decimal,NULL,18,2,YES,NULL
dbo,Reversal,DMR_NABP,140,int,NULL,10,0,YES,NULL
dbo,Reversal,DATE_OF_INJURY,141,datetime,NULL,NULL,NULL,YES,NULL
dbo,Reversal,INDEP_CODE,142,int,NULL,10,0,YES,NULL
dbo,Reversal,PENALTY_AMOUNT,143,decimal,NULL,18,2,YES,NULL
dbo,Reversal,OTHER_PAYER_ORDER,144,int,NULL,10,0,YES,NULL
dbo,Reversal,NONLICS_DEDUCT_AMT,145,decimal,NULL,18,2,YES,NULL
dbo,Reversal,STANDARD_DEDUCT_AMT,146,decimal,NULL,18,2,YES,NULL
dbo,Reversal,SPECIAL_DEDUCT_AMT,147,decimal,NULL,18,2,YES,NULL
dbo,Reversal,TEAM_MEMBER,148,char,4,NULL,NULL,YES,NULL
dbo,Reversal,NPI_NUMBER,149,char,10,NULL,NULL,YES,NULL
dbo,Reversal,CARD_SEQ_NUMBER,150,int,NULL,10,0,YES,NULL
dbo,Reversal,ADD_TO_TROOP,151,decimal,NULL,18,2,YES,NULL
dbo,Reversal,PCN,152,char,10,NULL,NULL,YES,NULL
dbo,Reversal,BIN_NUMBER,153,int,NULL,10,0,YES,NULL
dbo,Reversal,EFT_PAYMENT,154,char,1,NULL,NULL,YES,NULL
dbo,Reversal,MEDD_GAP_DISCOUNT,155,decimal,NULL,18,2,YES,NULL
dbo,Reversal,MEDD_BEG_PHASE,156,char,1,NULL,NULL,YES,NULL
dbo,Reversal,MEDD_END_PHASE,157,char,1,NULL,NULL,YES,NULL
dbo,Reversal,RXNUMBER_LENGTH,158,int,NULL,10,0,YES,NULL
dbo,Reversal,COMPOUND_DOSAGE_DESC_CODE,159,char,2,NULL,NULL,YES,NULL
dbo,Reversal,COMPOUND_DISPENSING_IND,160,char,1,NULL,NULL,YES,NULL
dbo,Reversal,COMPOUND_COUNT,161,int,NULL,10,0,YES,NULL
dbo,Reversal,AMT_APPLIED_PERIOD_DEDUCTIBLE,162,decimal,NULL,18,2,YES,NULL
dbo,Reversal,AMT_EXCEED_PERIOD_BENEFIT_MAX,163,decimal,NULL,18,2,YES,NULL
dbo,Reversal,AMT_COPAY,164,decimal,NULL,18,2,YES,NULL
dbo,Reversal,AMT_COINSURANCE,165,decimal,NULL,18,2,YES,NULL
dbo,Reversal,AMT_ATTR_PROCESSOR_FEE,166,decimal,NULL,18,2,YES,NULL
dbo,Reversal,AMT_ATTR_SALES_TAX,167,decimal,NULL,18,2,YES,NULL
dbo,Reversal,AMT_ATTR_PROVIDER_NET_SELECT,168,decimal,NULL,18,2,YES,NULL
dbo,Reversal,AMT_ATTR_PROD_SEL_BRAND,169,decimal,NULL,18,2,YES,NULL
dbo,Reversal,AMT_ATTR_PROD_SEL_NON_PF,170,decimal,NULL,18,2,YES,NULL
dbo,Reversal,AMT_ATTR_PROD_SEL_BRD_NON_PF,171,decimal,NULL,18,2,YES,NULL
dbo,Reversal,AMT_ATTR_COVERAGE_GAP,172,decimal,NULL,18,2,YES,NULL
dbo,Reversal,HEALTH_PLAN_FUNDED_ASSIST_AMT,173,decimal,NULL,18,2,YES,NULL
dbo,Reversal,GROSS_AMOUNT_DUE,174,decimal,NULL,18,2,YES,NULL
dbo,Reversal,INCENTIVE_AMOUNT_SUB,175,decimal,NULL,18,2,YES,NULL
dbo,Reversal,DISPENSING_FEE_SUB,176,decimal,NULL,18,2,YES,NULL
dbo,Reversal,OTHER_AMOUNT_CLAIMED_SUB,177,decimal,NULL,18,2,YES,NULL
dbo,Reversal,FLAT_SALES_TAX_AMOUNT_SUB,178,decimal,NULL,18,2,YES,NULL
dbo,Reversal,PCT_SALES_TAX_AMOUNT_SUB,179,decimal,NULL,18,2,YES,NULL
dbo,Reversal,PCT_SALES_TAX_RATE_SUB,180,decimal,NULL,18,4,YES,NULL
dbo,Reversal,MEDICAID_SUBROGATION,181,char,20,NULL,NULL,YES,NULL
dbo,Reversal,MEDICAID_PAID_AMT,182,decimal,NULL,18,2,YES,NULL
dbo,Reversal,PHARMACY_SERVICE_TYPE,183,int,NULL,10,0,YES,NULL
dbo,Reversal,PHARMACIST_LICENSE,184,char,15,NULL,NULL,YES,NULL
dbo,Reversal,SEQ_NUMBER,185,char,17,NULL,NULL,YES,NULL
dbo,Reversal,UID,186,char,36,NULL,NULL,YES,NULL
dbo,Reversal,CMS_PART_D_FACILITY,187,char,1,NULL,NULL,YES,NULL
dbo,Reversal,APPROVED_MSG_CODE,188,char,3,NULL,NULL,YES,NULL
dbo,Reversal,NABP_7,189,varchar,7,NULL,NULL,YES,NULL
dbo,Reversal,PROC_DATE,190,datetime,NULL,NULL,NULL,YES,NULL
dbo,Reversal,STATE_1_CODE,191,int,NULL,10,0,YES,NULL
dbo,Reversal,STATE_2_CODE,192,int,NULL,10,0,YES,NULL
dbo,Reversal,ADJ_DATE,193,datetime,NULL,NULL,NULL,YES,NULL
dbo,Reversal,ADJ_CODE,194,char,1,NULL,NULL,YES,NULL
dbo,Reversal,RESTACK_BATCH,195,char,8,NULL,NULL,YES,NULL
dbo,Reversal,RESTACK_CLAIM,196,int,NULL,10,0,YES,NULL
dbo,Reversal,VARIABLE_MAC_FACTOR_RATE,197,decimal,NULL,18,5,YES,NULL
dbo,Reversal,PATIENT_RESIDENCY,198,char,2,NULL,NULL,YES,NULL
dbo,Reversal,SPECIAL_PACKAGING_IND,199,char,1,NULL,NULL,YES,NULL
dbo,Reversal,PROF_SERVICE_CODE1,200,char,2,NULL,NULL,YES,NULL
dbo,Reversal,PROF_SERVICE_CODE2,201,char,2,NULL,NULL,YES,NULL
dbo,Reversal,PROF_SERVICE_CODE3,202,char,2,NULL,NULL,YES,NULL
dbo,Reversal,DUR_PPS_LVL_OF_EFFORT,203,char,2,NULL,NULL,YES,NULL
dbo,Reversal,TROOP_AMT,204,decimal,NULL,18,2,YES,NULL
dbo,Reversal,RedemptionCount,205,int,NULL,10,0,YES,NULL
dbo,Reversal,DateOfReversal,206,datetime,NULL,NULL,NULL,YES,NULL
dbo,Reversal,PackagingIndicator,207,char,1,NULL,NULL,YES,NULL
dbo,Reversal,NoFinancialFlag,208,char,1,NULL,NULL,YES,NULL
dbo,Reversal,ClaimTypeAlpha,209,char,2,NULL,NULL,YES,NULL
dbo,Reversal,LTCIndicator,210,char,1,NULL,NULL,YES,NULL
dbo,Reversal,DURLvlOfEffort_1,211,char,2,NULL,NULL,YES,NULL
dbo,Reversal,DURReasonService_1,212,char,2,NULL,NULL,YES,NULL
dbo,Reversal,DURProfServiceCode_1,213,char,2,NULL,NULL,YES,NULL
dbo,Reversal,DURResultOfServCd_1,214,char,2,NULL,NULL,YES,NULL
dbo,Reversal,DURLvlOfEffort_2,215,char,2,NULL,NULL,YES,NULL
dbo,Reversal,DURReasonService_2,216,char,2,NULL,NULL,YES,NULL
dbo,Reversal,DURProfServiceCode_2,217,char,2,NULL,NULL,YES,NULL
dbo,Reversal,DURResultOfServCd_2,218,char,2,NULL,NULL,YES,NULL
dbo,Reversal,DURLvlOfEffort_3,219,char,2,NULL,NULL,YES,NULL
dbo,Reversal,DURReasonService_3,220,char,2,NULL,NULL,YES,NULL
dbo,Reversal,DURProfServiceCode_3,221,char,2,NULL,NULL,YES,NULL
dbo,Reversal,DURResultOfServCd_3,222,char,2,NULL,NULL,YES,NULL
dbo,Reversal,DURLvlOfEffort_4,223,char,2,NULL,NULL,YES,NULL
dbo,Reversal,DURReasonService_4,224,char,2,NULL,NULL,YES,NULL
dbo,Reversal,DURProfServiceCode_4,225,char,2,NULL,NULL,YES,NULL
dbo,Reversal,DURResultOfServCd_4,226,char,2,NULL,NULL,YES,NULL
dbo,Reversal,DURLvlOfEffort_5,227,char,2,NULL,NULL,YES,NULL
dbo,Reversal,DURReasonService_5,228,char,2,NULL,NULL,YES,NULL
dbo,Reversal,DURProfServiceCode_5,229,char,2,NULL,NULL,YES,NULL
dbo,Reversal,DURResultOfServCd_5,230,char,2,NULL,NULL,YES,NULL
dbo,Reversal,DURLvlOfEffort_6,231,char,2,NULL,NULL,YES,NULL
dbo,Reversal,DURReasonService_6,232,char,2,NULL,NULL,YES,NULL
dbo,Reversal,DURProfServiceCode_6,233,char,2,NULL,NULL,YES,NULL
dbo,Reversal,DURResultOfServCd_6,234,char,2,NULL,NULL,YES,NULL
dbo,Reversal,DURLvlOfEffort_7,235,char,2,NULL,NULL,YES,NULL
dbo,Reversal,DURReasonService_7,236,char,2,NULL,NULL,YES,NULL
dbo,Reversal,DURProfServiceCode_7,237,char,2,NULL,NULL,YES,NULL
dbo,Reversal,DURResultOfServCd_7,238,char,2,NULL,NULL,YES,NULL
dbo,Reversal,DURLvlOfEffort_8,239,char,2,NULL,NULL,YES,NULL
dbo,Reversal,DURReasonService_8,240,char,2,NULL,NULL,YES,NULL
dbo,Reversal,DURProfServiceCode_8,241,char,2,NULL,NULL,YES,NULL
dbo,Reversal,DURResultOfServCd_8,242,char,2,NULL,NULL,YES,NULL
dbo,Reversal,DURLvlOfEffort_9,243,char,2,NULL,NULL,YES,NULL
dbo,Reversal,DURReasonService_9,244,char,2,NULL,NULL,YES,NULL
dbo,Reversal,DURProfServiceCode_9,245,char,2,NULL,NULL,YES,NULL
dbo,Reversal,DURResultOfServCd_9,246,char,2,NULL,NULL,YES,NULL
dbo,Reversal,SCDClaim,247,char,1,NULL,NULL,YES,NULL
dbo,Reversal,Thresh5100,248,decimal,NULL,18,2,YES,NULL
dbo,Reversal,C_FormularyIDFlag,249,char,1,NULL,NULL,YES,NULL
dbo,Reversal,BrandConfigOccur,250,int,NULL,10,0,YES,NULL
dbo,Reversal,CardIDSentFromPharm,251,char,20,NULL,NULL,YES,NULL
dbo,Reversal,HMSPhysicianID,252,char,10,NULL,NULL,YES,NULL
dbo,Reversal,Tier,253,char,1,NULL,NULL,YES,NULL
dbo,Reversal,ClaimAdjudicationTime,254,char,26,NULL,NULL,YES,NULL
dbo,Reversal,Age,255,int,NULL,10,0,YES,NULL
dbo,Reversal,QuantityDispensed,256,decimal,NULL,18,3,YES,NULL
dbo,Reversal,PreviousRestackBatch,257,char,8,NULL,NULL,YES,NULL
dbo,Reversal,PreviousRestackClaim,258,int,NULL,10,0,YES,NULL
dbo,Reversal,WACRefPrice,259,decimal,NULL,18,2,YES,NULL
dbo,Reversal,SpecialtyFlag,260,char,1,NULL,NULL,YES,NULL
dbo,Reversal,MailOrderIndication,261,char,4,NULL,NULL,YES,NULL
dbo,Reversal,SpclPatientDispFee,262,decimal,NULL,18,2,YES,NULL
dbo,Reversal,PriceIndicator,263,char,1,NULL,NULL,YES,NULL
dbo,Reversal,HMSPOID,264,varchar,10,NULL,NULL,YES,NULL
dbo,Reversal,OrigRevBatch,265,varchar,8,NULL,NULL,YES,NULL
dbo,Reversal,OrigRevClaim,266,int,NULL,10,0,YES,NULL
dbo,Reversal,GrpBrokerNbr,267,varchar,4,NULL,NULL,YES,NULL
dbo,Reversal,LastModifiedDate,268,datetime,NULL,NULL,NULL,YES,NULL
dbo,Reversal,LastModifiedTime,269,datetime,NULL,NULL,NULL,YES,NULL
dbo,Reversal,LastModifiedBy,270,varchar,20,NULL,NULL,YES,NULL
dbo,Reversal,PaymentCenterID,271,varchar,6,NULL,NULL,YES,NULL
dbo,Reversal,RemitReconciliationID,272,varchar,6,NULL,NULL,YES,NULL
dbo,Reversal,PDMIRejectCode1,273,varchar,4,NULL,NULL,YES,NULL
dbo,Reversal,PDMIRejectCode2,274,varchar,4,NULL,NULL,YES,NULL
dbo,Reversal,PDMIRejectCode3,275,varchar,4,NULL,NULL,YES,NULL
dbo,Reversal,PDMIRejectCode4,276,varchar,4,NULL,NULL,YES,NULL
dbo,Reversal,PDMIRejectCode5,277,varchar,4,NULL,NULL,YES,NULL
dbo,Reversal,PDMIRejectCode6,278,varchar,4,NULL,NULL,YES,NULL
dbo,Reversal,PDMIRejectCode7,279,varchar,4,NULL,NULL,YES,NULL
dbo,Reversal,PDMIRejectCode8,280,varchar,4,NULL,NULL,YES,NULL
dbo,Reversal,PDMIRejectCode9,281,varchar,4,NULL,NULL,YES,NULL
dbo,Reversal,PDMIRejectCode10,282,varchar,4,NULL,NULL,YES,NULL
dbo,Reversal,PDMIRejectCode11,283,varchar,4,NULL,NULL,YES,NULL
dbo,Reversal,PDMIRejectCode12,284,varchar,4,NULL,NULL,YES,NULL
dbo,Reversal,PDMIRejectCode13,285,varchar,4,NULL,NULL,YES,NULL
dbo,Reversal,PDMIRejectCode14,286,varchar,4,NULL,NULL,YES,NULL
dbo,Reversal,PDMIRejectCode15,287,varchar,4,NULL,NULL,YES,NULL
dbo,Reversal,PDMIRejectCode16,288,varchar,4,NULL,NULL,YES,NULL
dbo,Reversal,PDMIRejectCode17,289,varchar,4,NULL,NULL,YES,NULL
dbo,Reversal,PDMIRejectCode18,290,varchar,4,NULL,NULL,YES,NULL
dbo,Reversal,PDMIRejectCode19,291,varchar,4,NULL,NULL,YES,NULL
dbo,Reversal,PDMIRejectCode20,292,varchar,4,NULL,NULL,YES,NULL
dbo,Reversal,AmountAppliedToOOP,293,decimal,NULL,18,2,YES,NULL
dbo,Reversal,N1ClaimKey,294,char,14,NULL,NULL,YES,NULL
dbo,Reversal,N1BatchNumber,295,char,8,NULL,NULL,YES,NULL
dbo,Reversal,N1ClaimNumber,296,int,NULL,10,0,YES,NULL
dbo,Reversal,UserID,297,varchar,15,NULL,NULL,YES,NULL
dbo,Reversal,WarehouseLoadDate,298,datetime,NULL,NULL,NULL,YES,NULL
dbo,Reversal,WarehouseChangeDate,299,datetime,NULL,NULL,NULL,YES,NULL
dbo,Reversal,OpioidFactor,300,decimal,NULL,18,2,YES,NULL
dbo,Reversal,ContractChainNumber,301,int,NULL,10,0,YES,NULL
dbo,Reversal,CTreeToggle,302,char,1,NULL,NULL,YES,NULL
dbo,Reversal,DifferentialClaimType,303,char,6,NULL,NULL,YES,NULL
dbo,Reversal,CarrierID,304,char,10,NULL,NULL,YES,NULL
dbo,Reversal,PharmElectronicFee,305,decimal,NULL,18,2,YES,NULL
dbo,Reversal,VaccineAdminFee,306,decimal,NULL,18,2,YES,NULL
dbo,Reversal,PrescriberIDQualifier,307,char,10,NULL,NULL,YES,NULL
dbo,Reversal,OrigMEDGenCode,308,char,1,NULL,NULL,YES,NULL
dbo,Reversal,OthPayCovgType,309,varchar,2,NULL,NULL,YES,NULL
dbo,Reversal,ScriptCareClaim,310,char,1,NULL,NULL,YES,NULL
dbo,Reversal,ScriptcareNetPricing,311,char,1,NULL,NULL,YES,NULL
dbo,Reversal,QuantityPrescribed,312,decimal,NULL,18,3,YES,NULL
dbo,Reversal,PDMIAdminFee,313,decimal,NULL,18,2,YES,NULL
dbo,Reversal,ClientSysSpoAdminFee,314,decimal,NULL,18,2,YES,NULL
dbo,Reversal,ClientSpoGrpAdminFee,315,decimal,NULL,18,2,YES,NULL
dbo,Reversal,ClaimCategory,316,varchar,12,NULL,NULL,YES,NULL
dbo,Reversal,AddID,317,varchar,15,NULL,NULL,YES,NULL
dbo,Reversal,ChangeID,318,varchar,15,NULL,NULL,YES,NULL
dbo,Reversal,AddDate,319,datetime,NULL,NULL,NULL,YES,NULL
dbo,Reversal,ChangeDate,320,datetime,NULL,NULL,NULL,YES,NULL
dbo,Reversal,ClientBasisOfCost,321,varchar,2,NULL,NULL,YES,NULL
dbo,Reversal,PharmBasisOfCost,322,varchar,2,NULL,NULL,YES,NULL
dbo,Reversal,GroupFromPharm,323,varchar,15,NULL,NULL,YES,NULL
dbo,Reversal,TaxExemptFlag,324,char,1,NULL,NULL,YES,NULL
dbo,Reversal,NetworkReimbID,325,varchar,10,NULL,NULL,YES,NULL
dbo,RollUpCodeMaster,TLink,1,varchar,5,NULL,NULL,NO,NULL
dbo,RollUpCodeMaster,SystemNumber,2,int,NULL,10,0,NO,NULL
dbo,RollUpCodeMaster,SponsorNumber,3,int,NULL,10,0,NO,NULL
dbo,RollUpCodeMaster,GroupNumber,4,float,NULL,53,NULL,NO,NULL
dbo,RollUpCodeMaster,OCC,5,int,NULL,10,0,NO,NULL
dbo,RollUpCodeMaster,SequenceNumber,6,int,NULL,10,0,NO,NULL
dbo,RollUpCodeMaster,EffDate,7,datetime,NULL,NULL,NULL,YES,NULL
dbo,RollUpCodeMaster,TermDate,8,datetime,NULL,NULL,NULL,YES,NULL
dbo,RollUpCodeMaster,DataType,9,varchar,3,NULL,NULL,YES,NULL
dbo,RollUpCodeMaster,Data,10,varchar,20,NULL,NULL,YES,NULL
dbo,RollUpCodeMaster,RollUpCode,11,varchar,20,NULL,NULL,YES,NULL
dbo,RollUpCodeMaster,AddID,12,varchar,15,NULL,NULL,YES,NULL
dbo,RollUpCodeMaster,ChangeID,13,varchar,15,NULL,NULL,YES,NULL
dbo,RollUpCodeMaster,AddDate,14,datetime,NULL,NULL,NULL,YES,NULL
dbo,RollUpCodeMaster,ChangeDate,15,datetime,NULL,NULL,NULL,YES,NULL
dbo,RollUpCodeMaster,WarehouseLoadDate,16,datetime,NULL,NULL,NULL,YES,NULL
dbo,RollUpCodeMaster,WarehouseChangeDate,17,datetime,NULL,NULL,NULL,YES,NULL
dbo,RollUpCodeParmMaster,RollUpCode,1,varchar,20,NULL,NULL,NO,NULL
dbo,RollUpCodeParmMaster,SequenceNumber,2,int,NULL,10,0,NO,NULL
dbo,RollUpCodeParmMaster,EffDate,3,datetime,NULL,NULL,NULL,YES,NULL
dbo,RollUpCodeParmMaster,TermDate,4,datetime,NULL,NULL,NULL,YES,NULL
dbo,RollUpCodeParmMaster,PlanCode,5,char,8,NULL,NULL,YES,NULL
dbo,RollUpCodeParmMaster,AddID,6,varchar,15,NULL,NULL,YES,NULL
dbo,RollUpCodeParmMaster,ChangeID,7,varchar,15,NULL,NULL,YES,NULL
dbo,RollUpCodeParmMaster,AddDate,8,datetime,NULL,NULL,NULL,YES,NULL
dbo,RollUpCodeParmMaster,ChangeDate,9,datetime,NULL,NULL,NULL,YES,NULL
dbo,RollUpCodeParmMaster,WarehouseLoadDate,10,datetime,NULL,NULL,NULL,YES,NULL
dbo,RollUpCodeParmMaster,WarehouseChangeDate,11,datetime,NULL,NULL,NULL,YES,NULL
dbo,RollUpMasterDesc,RollUpCode,1,varchar,20,NULL,NULL,NO,NULL
dbo,RollUpMasterDesc,RollUpCodeDesc,2,varchar,75,NULL,NULL,YES,NULL
dbo,RollUpMasterDesc,AddID,3,varchar,15,NULL,NULL,YES,NULL
dbo,RollUpMasterDesc,ChangeID,4,varchar,15,NULL,NULL,YES,NULL
dbo,RollUpMasterDesc,AddDate,5,datetime,NULL,NULL,NULL,YES,NULL
dbo,RollUpMasterDesc,ChangeDate,6,datetime,NULL,NULL,NULL,YES,NULL
dbo,RollUpMasterDesc,WarehouseLoadDate,7,datetime,NULL,NULL,NULL,YES,NULL
dbo,RollUpMasterDesc,WarehouseChangeDate,8,datetime,NULL,NULL,NULL,YES,NULL
dbo,ROXANNE,CLAIMKEY,1,varchar,14,NULL,NULL,YES,NULL
dbo,ROXANNE,CARDHOLDERKEY,2,varchar,20,NULL,NULL,YES,NULL
dbo,ROXANNE,CARDHOLDERNUMBER,3,varchar,10,NULL,NULL,YES,NULL
dbo,RxDCCrosswalk,11-Digit NDC,1,nvarchar,255,NULL,NULL,YES,NULL
dbo,RxDCCrosswalk,RxDC Drug Name,2,nvarchar,255,NULL,NULL,YES,NULL
dbo,RxDCCrosswalk,RxDC Drug Code,3,nvarchar,255,NULL,NULL,YES,NULL
dbo,RxDCCrosswalk,RxDC Therapeutic Class,4,nvarchar,255,NULL,NULL,YES,NULL
dbo,RxDCCrosswalk,RxDC Class Code,5,nvarchar,255,NULL,NULL,YES,NULL
dbo,RxDCCrosswalk,RxDC Brand Indicator,6,float,NULL,53,NULL,YES,NULL
dbo,RxDCCrosswalk,NDC Data Source,7,nvarchar,255,NULL,NULL,YES,NULL
dbo,RxDCCrosswalk,Therapeutic Class Data Source,8,nvarchar,255,NULL,NULL,YES,NULL
dbo,RxODS_Exceptions,userid,1,varchar,50,NULL,NULL,YES,NULL
dbo,RxODS_Exceptions,operation,2,varchar,20,NULL,NULL,YES,NULL
dbo,RxODS_Exceptions,cardholder_number,3,decimal,NULL,10,0,YES,NULL
dbo,RxODS_Exceptions,member_number,4,varchar,2,NULL,NULL,YES,NULL
dbo,RxODS_Exceptions,bin,5,int,NULL,10,0,YES,NULL
dbo,RxODS_Exceptions,gpi,6,varchar,14,NULL,NULL,YES,NULL
dbo,RxODS_Exceptions,old_data,7,text,2147483647,NULL,NULL,YES,NULL
dbo,RxODS_Exceptions,new_data,8,text,2147483647,NULL,NULL,YES,NULL
dbo,RxODS_Exceptions,add_date,9,datetime,NULL,NULL,NULL,YES,NULL
dbo,RxODS_Overrides,userid,1,varchar,50,NULL,NULL,YES,NULL
dbo,RxODS_Overrides,operation,2,varchar,20,NULL,NULL,YES,NULL
dbo,RxODS_Overrides,cardholder_number,3,decimal,NULL,10,0,YES,NULL
dbo,RxODS_Overrides,member_number,4,varchar,2,NULL,NULL,YES,NULL
dbo,RxODS_Overrides,bin,5,int,NULL,10,0,YES,NULL
dbo,RxODS_Overrides,gpi,6,varchar,14,NULL,NULL,YES,NULL
dbo,RxODS_Overrides,type_code,7,smallint,NULL,5,0,YES,NULL
dbo,RxODS_Overrides,effective_date,8,date,NULL,NULL,NULL,YES,NULL
dbo,RxODS_Overrides,old_data,9,text,2147483647,NULL,NULL,YES,NULL
dbo,RxODS_Overrides,new_data,10,text,2147483647,NULL,NULL,YES,NULL
dbo,RxODS_Overrides,add_date,11,datetime,NULL,NULL,NULL,YES,NULL
dbo,ScriptCareSnapShot,ClaimKey,1,char,14,NULL,NULL,NO,NULL
dbo,ScriptCareSnapShot,BatchNumber,2,char,8,NULL,NULL,YES,NULL
dbo,ScriptCareSnapShot,ClaimNumber,3,int,NULL,10,0,YES,NULL
dbo,ScriptCareSnapShot,ClaimType,4,char,1,NULL,NULL,NO,NULL
dbo,ScriptCareSnapShot,BinNumber,5,int,NULL,10,0,YES,NULL
dbo,ScriptCareSnapShot,SoftwareCertIDSub,6,varchar,10,NULL,NULL,YES,NULL
dbo,ScriptCareSnapShot,IngCostSub,7,decimal,NULL,18,2,YES,NULL
dbo,ScriptCareSnapShot,DispFeeSub,8,decimal,NULL,18,2,YES,NULL
dbo,ScriptCareSnapShot,FlatSalesTaxAmtSub,9,decimal,NULL,18,2,YES,NULL
dbo,ScriptCareSnapShot,PercentSalesTaxAmtSub,10,decimal,NULL,18,2,YES,NULL
dbo,ScriptCareSnapShot,IncentiveAmtSub,11,decimal,NULL,18,2,YES,NULL
dbo,ScriptCareSnapShot,OtherAmtClaimedSub,12,decimal,NULL,18,2,YES,NULL
dbo,ScriptCareSnapShot,GrossAmtDueSub,13,decimal,NULL,18,2,YES,NULL
dbo,ScriptCareSnapShot,UsualCustomChargeISub,14,decimal,NULL,18,2,YES,NULL
dbo,ScriptCareSnapShot,PatientPaidAmtSub,15,decimal,NULL,18,2,YES,NULL
dbo,ScriptCareSnapShot,BasisCostDeterminationSub,16,varchar,2,NULL,NULL,YES,NULL
dbo,ScriptCareSnapShot,EmployerIDSub,17,varchar,15,NULL,NULL,YES,NULL
dbo,ScriptCareSnapShot,CmpdIngrDrugCostSub,18,decimal,NULL,18,2,YES,NULL
dbo,ScriptCareSnapShot,IngredientCostPaidResp,19,decimal,NULL,18,2,YES,NULL
dbo,ScriptCareSnapShot,DispFeePaidResp,20,decimal,NULL,18,2,YES,NULL
dbo,ScriptCareSnapShot,FlatSalesTaxAmtPaidResp,21,decimal,NULL,18,2,YES,NULL
dbo,ScriptCareSnapShot,PercentSalesTaxAmtPaidResp,22,decimal,NULL,18,2,YES,NULL
dbo,ScriptCareSnapShot,IncentiveAmtPaidResp,23,decimal,NULL,18,2,YES,NULL
dbo,ScriptCareSnapShot,OtherAmtClaimedPaidResp,24,decimal,NULL,18,2,YES,NULL
dbo,ScriptCareSnapShot,TotalAmtPaidResp,25,decimal,NULL,18,2,YES,NULL
dbo,ScriptCareSnapShot,UsualCustomChargeOResp,26,decimal,NULL,18,2,YES,NULL
dbo,ScriptCareSnapShot,EstGenericSavingsResp,27,decimal,NULL,18,2,YES,NULL
dbo,ScriptCareSnapShot,BasisReimbDeterminationResp,28,int,NULL,10,0,YES,NULL
dbo,ScriptCareSnapShot,PriorAuthNbrAssignResp,29,bigint,NULL,19,0,YES,NULL
dbo,ScriptCareSnapShot,IngCostBilled,30,decimal,NULL,18,2,YES,NULL
dbo,ScriptCareSnapShot,IngCostPaid,31,decimal,NULL,18,2,YES,NULL
dbo,ScriptCareSnapShot,DispFee,32,decimal,NULL,18,2,YES,NULL
dbo,ScriptCareSnapShot,Tax,33,decimal,NULL,18,2,YES,NULL
dbo,ScriptCareSnapShot,CalcAmt,34,decimal,NULL,18,2,YES,NULL
dbo,ScriptCareSnapShot,UCRAmt,35,decimal,NULL,18,2,YES,NULL
dbo,ScriptCareSnapShot,BasisCostDeterm,36,varchar,2,NULL,NULL,YES,NULL
dbo,ScriptCareSnapShot,MacReferPrice,37,decimal,NULL,18,2,YES,NULL
dbo,ScriptCareSnapShot,ContractRate,38,decimal,NULL,18,2,YES,NULL
dbo,ScriptCareSnapShot,AWP100Perc,39,decimal,NULL,18,2,YES,NULL
dbo,ScriptCareSnapShot,PriceInd,40,char,1,NULL,NULL,YES,NULL
dbo,ScriptCareSnapShot,RejCode1,41,int,NULL,10,0,YES,NULL
dbo,ScriptCareSnapShot,RejCode2,42,int,NULL,10,0,YES,NULL
dbo,ScriptCareSnapShot,ExceptCode1,43,int,NULL,10,0,YES,NULL
dbo,ScriptCareSnapShot,ExceptCode2,44,int,NULL,10,0,YES,NULL
dbo,ScriptCareSnapShot,MacNumber,45,int,NULL,10,0,YES,NULL
dbo,ScriptCareSnapShot,TransDate,46,datetime,NULL,NULL,NULL,YES,NULL
dbo,ScriptCareSnapShot,NetworkPricingApplies,47,char,1,NULL,NULL,YES,NULL
dbo,ScriptCareSnapShot,AddDate,48,datetime,NULL,NULL,NULL,YES,NULL
dbo,ScriptCareSnapShot,WarehouseLoadDate,49,datetime,NULL,NULL,NULL,YES,NULL
dbo,ScriptCareSnapShot,WarehouseChangeDate,50,datetime,NULL,NULL,NULL,YES,NULL
dbo,SiteData,SiteNumber,1,int,NULL,10,0,NO,NULL
dbo,SiteData,SiteDescription,2,varchar,100,NULL,NULL,YES,NULL
dbo,SiteData,InterfaceFlag,3,char,1,NULL,NULL,YES,NULL
dbo,SiteData,InterfaceEffective,4,datetime,NULL,NULL,NULL,YES,NULL
dbo,SiteData,AccountCode,5,char,1,NULL,NULL,YES,NULL
dbo,SiteData,IdentificationPrefix,6,char,3,NULL,NULL,YES,NULL
dbo,SiteData,SponsorNumber,7,int,NULL,10,0,YES,NULL
dbo,SiteData,IPUNRXFlag,8,char,1,NULL,NULL,YES,NULL
dbo,SiteData,IPUFlag,9,char,1,NULL,NULL,YES,NULL
dbo,SiteData,StateCode,10,char,2,NULL,NULL,YES,NULL
dbo,SiteData,EMRPrefix,11,char,10,NULL,NULL,YES,NULL
dbo,SiteData,EMRVendor,12,varchar,4,NULL,NULL,YES,NULL
dbo,SiteData,WarehouseLoadDate,13,datetime,NULL,NULL,NULL,YES,NULL
dbo,SiteData,WarehouseChangeDate,14,datetime,NULL,NULL,NULL,YES,NULL
dbo,SiteData,AddID,15,varchar,15,NULL,NULL,YES,NULL
dbo,SiteData,ChangeID,16,varchar,15,NULL,NULL,YES,NULL
dbo,SiteData,AddDate,17,datetime,NULL,NULL,NULL,YES,NULL
dbo,SiteData,ChangeDate,18,datetime,NULL,NULL,NULL,YES,NULL
dbo,SiteDatabkup032014,SiteNumber,1,int,NULL,10,0,NO,NULL
dbo,SiteDatabkup032014,SiteDescription,2,varchar,100,NULL,NULL,YES,NULL
dbo,SiteDatabkup032014,InterfaceFlag,3,char,1,NULL,NULL,YES,NULL
dbo,SiteDatabkup032014,InterfaceEffective,4,datetime,NULL,NULL,NULL,YES,NULL
dbo,SiteDatabkup032014,AccountCode,5,char,1,NULL,NULL,YES,NULL
dbo,SiteDatabkup032014,IdentificationPrefix,6,char,3,NULL,NULL,YES,NULL
dbo,SiteDatabkup032014,SponsorNumber,7,int,NULL,10,0,YES,NULL
dbo,SiteDatabkup032014,IPUNRXFlag,8,char,1,NULL,NULL,YES,NULL
dbo,SiteDatabkup032014,IPUFlag,9,char,1,NULL,NULL,YES,NULL
dbo,SiteDatabkup032014,StateCode,10,char,2,NULL,NULL,YES,NULL
dbo,SiteTeam,SiteNumber,1,int,NULL,10,0,NO,NULL
dbo,SiteTeam,TeamMember,2,varchar,4,NULL,NULL,NO,NULL
dbo,SiteTeam,SiteTeamDescription,3,varchar,30,NULL,NULL,YES,NULL
dbo,SiteTeam,SiteTeamStatus,4,char,1,NULL,NULL,YES,NULL
dbo,SiteTeam,WarehouseLoadDate,5,datetime,NULL,NULL,NULL,YES,NULL
dbo,SiteTeam,WarehouseChangeDate,6,datetime,NULL,NULL,NULL,YES,NULL
dbo,SiteTeam,AddID,7,varchar,15,NULL,NULL,YES,NULL
dbo,SiteTeam,ChangeID,8,varchar,15,NULL,NULL,YES,NULL
dbo,SiteTeam,AddDate,9,datetime,NULL,NULL,NULL,YES,NULL
dbo,SiteTeam,ChangeDate,10,datetime,NULL,NULL,NULL,YES,NULL
dbo,SpecialtyConfigTable,TableID,1,char,8,NULL,NULL,NO,NULL
dbo,SpecialtyConfigTable,GPI,2,char,14,NULL,NULL,NO,NULL
dbo,SpecialtyConfigTable,EffDate,3,datetime,NULL,NULL,NULL,NO,NULL
dbo,SpecialtyConfigTable,StatusCode,4,char,1,NULL,NULL,YES,NULL
dbo,SpecialtyConfigTable,CopayScheduleType,5,char,6,NULL,NULL,YES,NULL
dbo,SpecialtyConfigTable,CopayNumber,6,int,NULL,10,0,YES,NULL
dbo,SpecialtyConfigTable,MaxDaysSupply,7,int,NULL,10,0,YES,NULL
dbo,SpecialtyConfigTable,SkipLimitFlag,8,char,1,NULL,NULL,YES,NULL
dbo,SpecialtyConfigTable,TermDate,9,datetime,NULL,NULL,NULL,YES,NULL
dbo,SpecialtyConfigTable,PrefMessage,10,varchar,30,NULL,NULL,YES,NULL
dbo,SpecialtyConfigTable,InjecCovStatCode,11,char,1,NULL,NULL,YES,NULL
dbo,SpecialtyConfigTable,ScriptPerMember,12,int,NULL,10,0,YES,NULL
dbo,SpecialtyConfigTable,UnitPerDay,13,decimal,NULL,18,2,YES,NULL
dbo,SpecialtyConfigTable,AddDateTime,14,datetime,NULL,NULL,NULL,YES,NULL
dbo,SpecialtyConfigTable,ModifiedDateTime,15,datetime,NULL,NULL,NULL,YES,NULL
dbo,SpecialtyConfigTable,WarehouseLoadDate,16,datetime,NULL,NULL,NULL,YES,NULL
dbo,SpecialtyConfigTable,WarehouseChangeDate,17,datetime,NULL,NULL,NULL,YES,NULL
dbo,SpecialtyConfigTable,ReimbSchedType,18,varchar,6,NULL,NULL,YES,NULL
dbo,SpecialtyConfigTable,ReimbSchedNumber,19,int,NULL,10,0,YES,NULL
dbo,SpecialtyConfigTable,AddID,20,varchar,15,NULL,NULL,YES,NULL
dbo,SpecialtyConfigTable,ChangeID,21,varchar,15,NULL,NULL,YES,NULL
dbo,SpecialtyConfigTable,CopayPerMonthFlag,22,char,1,NULL,NULL,YES,NULL
dbo,SpecialtyConfigTableDesc,TableID,1,char,8,NULL,NULL,NO,NULL
dbo,SpecialtyConfigTableDesc,Desc1,2,varchar,40,NULL,NULL,YES,NULL
dbo,SpecialtyConfigTableDesc,Desc2,3,varchar,40,NULL,NULL,YES,NULL
dbo,SpecialtyConfigTableDesc,ActiveFlag,4,char,1,NULL,NULL,YES,NULL
dbo,SpecialtyConfigTableDesc,AddDate,5,datetime,NULL,NULL,NULL,YES,NULL
dbo,SpecialtyConfigTableDesc,ChangeDate,6,datetime,NULL,NULL,NULL,YES,NULL
dbo,SpecialtyConfigTableDesc,CoverageType,7,char,1,NULL,NULL,YES,NULL
dbo,SpecialtyConfigTableDesc,CopaySchedType,8,char,1,NULL,NULL,YES,NULL
dbo,SpecialtyConfigTableDesc,CopayNo,9,char,1,NULL,NULL,YES,NULL
dbo,SpecialtyConfigTableDesc,MaxDaySupply,10,char,1,NULL,NULL,YES,NULL
dbo,SpecialtyConfigTableDesc,DurationLimit,11,char,1,NULL,NULL,YES,NULL
dbo,SpecialtyConfigTableDesc,SkipLimit,12,char,1,NULL,NULL,YES,NULL
dbo,SpecialtyConfigTableDesc,ReimbSchedType,13,char,1,NULL,NULL,YES,NULL
dbo,SpecialtyConfigTableDesc,ReimbSchedNo,14,char,1,NULL,NULL,YES,NULL
dbo,SpecialtyConfigTableDesc,WarehouseLoadDate,15,datetime,NULL,NULL,NULL,YES,NULL
dbo,SpecialtyConfigTableDesc,WarehouseChangeDate,16,datetime,NULL,NULL,NULL,YES,NULL
dbo,SpecialtyTable,TableID,1,char,8,NULL,NULL,NO,NULL
dbo,SpecialtyTable,GPI,2,char,14,NULL,NULL,NO,NULL
dbo,SpecialtyTable,EffDate,3,datetime,NULL,NULL,NULL,YES,NULL
dbo,SpecialtyTable,TermDate,4,datetime,NULL,NULL,NULL,YES,NULL
dbo,SpecialtyTable,WarehouseLoadDate,5,datetime,NULL,NULL,NULL,YES,NULL
dbo,SpecialtyTable,WarehouseChangeDate,6,datetime,NULL,NULL,NULL,YES,NULL
dbo,SpecialtyTable,LimDistFlag,7,char,1,NULL,NULL,YES,NULL
dbo,SpecialtyTable,AddDate,8,datetime,NULL,NULL,NULL,YES,NULL
dbo,SpecialtyTable,ModDate,9,datetime,NULL,NULL,NULL,YES,NULL
dbo,SpecialtyTable,BrandGenID,10,char,1,NULL,NULL,YES,NULL
dbo,SpecialtyTable,AddID,11,varchar,15,NULL,NULL,YES,NULL
dbo,SpecialtyTable,ChangeID,12,varchar,15,NULL,NULL,YES,NULL
dbo,SpecialtyTableDesc,TableID,1,char,8,NULL,NULL,NO,NULL
dbo,SpecialtyTableDesc,Desc1,2,varchar,40,NULL,NULL,YES,NULL
dbo,SpecialtyTableDesc,Desc2,3,varchar,40,NULL,NULL,YES,NULL
dbo,SpecialtyTableDesc,ActiveFlag,4,char,1,NULL,NULL,YES,NULL
dbo,SpecialtyTableDesc,AddDateTime,5,datetime,NULL,NULL,NULL,YES,NULL
dbo,SpecialtyTableDesc,WarehouseLoadDate,6,datetime,NULL,NULL,NULL,YES,NULL
dbo,SpecialtyTableDesc,WarehouseChangeDate,7,datetime,NULL,NULL,NULL,YES,NULL
dbo,Sponsor,SponsorNumber,1,int,NULL,10,0,NO,NULL
dbo,Sponsor,SystemNumber,2,int,NULL,10,0,NO,NULL
dbo,Sponsor,SponsorName,3,char,50,NULL,NULL,YES,NULL
dbo,Sponsor,Street1,4,char,50,NULL,NULL,YES,NULL
dbo,Sponsor,Street2,5,char,50,NULL,NULL,YES,NULL
dbo,Sponsor,City,6,char,25,NULL,NULL,YES,NULL
dbo,Sponsor,State,7,char,2,NULL,NULL,YES,NULL
dbo,Sponsor,Zip,8,int,NULL,10,0,YES,NULL
dbo,Sponsor,Zip4,9,int,NULL,10,0,YES,NULL
dbo,Sponsor,Detail,10,int,NULL,10,0,YES,NULL
dbo,Sponsor,SuspendedClaims,11,int,NULL,10,0,YES,NULL
dbo,Sponsor,ActiveOption,12,char,1,NULL,NULL,YES,NULL
dbo,Sponsor,DrugInteractions,13,char,1,NULL,NULL,YES,NULL
dbo,Sponsor,DoseCheck,14,char,1,NULL,NULL,YES,NULL
dbo,Sponsor,DrugDisease,15,char,1,NULL,NULL,YES,NULL
dbo,Sponsor,DuplicateTherapy,16,char,1,NULL,NULL,YES,NULL
dbo,Sponsor,NoFinancial,17,char,1,NULL,NULL,YES,NULL
dbo,Sponsor,PersonCodes,18,char,1,NULL,NULL,YES,NULL
dbo,Sponsor,NFNABP8,19,int,NULL,10,0,YES,NULL
dbo,Sponsor,RentedNetworkFlag,20,char,1,NULL,NULL,YES,NULL
dbo,Sponsor,MailRetailFlag,21,char,1,NULL,NULL,YES,NULL
dbo,Sponsor,DifferentialFlag,22,char,1,NULL,NULL,YES,NULL
dbo,Sponsor,EligibilityFlag,23,char,1,NULL,NULL,YES,NULL
dbo,Sponsor,COBClaimsProcFlag,24,char,1,NULL,NULL,YES,NULL
dbo,Sponsor,OneTimeClaimFlag,25,char,1,NULL,NULL,YES,NULL
dbo,Sponsor,PreloadCARange,26,char,1,NULL,NULL,YES,NULL
dbo,Sponsor,OneTimeRollFlag,27,char,1,NULL,NULL,YES,NULL
dbo,Sponsor,RollDateLevel,28,char,1,NULL,NULL,YES,NULL
dbo,Sponsor,OldTimeFrame,29,int,NULL,10,0,YES,NULL
dbo,Sponsor,AccountType,30,char,10,NULL,NULL,YES,NULL
dbo,Sponsor,HPSNaultRx,31,char,1,NULL,NULL,YES,NULL
dbo,Sponsor,TCMultipleUseOT,32,char,1,NULL,NULL,YES,NULL
dbo,Sponsor,TCDMR,33,char,1,NULL,NULL,YES,NULL
dbo,Sponsor,CompoundPAFlag,34,char,1,NULL,NULL,YES,NULL
dbo,Sponsor,EntryDate,35,datetime,NULL,NULL,NULL,YES,NULL
dbo,Sponsor,ChangeDate,36,datetime,NULL,NULL,NULL,YES,NULL
dbo,Sponsor,RXEOBFlag,37,char,1,NULL,NULL,YES,NULL
dbo,Sponsor,TPA,38,varchar,4,NULL,NULL,YES,NULL
dbo,Sponsor,NumberlessCardIDFlag,39,char,1,NULL,NULL,YES,NULL
dbo,Sponsor,IDCardMask,40,varchar,20,NULL,NULL,YES,NULL
dbo,Sponsor,TCProgramType,41,varchar,3,NULL,NULL,YES,NULL
dbo,Sponsor,TCMedicaidTricare,42,char,1,NULL,NULL,YES,NULL
dbo,Sponsor,RealTimeClaims,43,char,1,NULL,NULL,YES,NULL
dbo,Sponsor,TCIncludeDispFeeFlag,44,char,1,NULL,NULL,YES,NULL
dbo,Sponsor,BrandIDFlag,45,char,1,NULL,NULL,YES,NULL
dbo,Sponsor,DURConfIndex,46,varchar,10,NULL,NULL,YES,NULL
dbo,Sponsor,HPSMacClientPricing,47,char,1,NULL,NULL,YES,NULL
dbo,Sponsor,HPSAdminFeeGenericTbl,48,int,NULL,10,0,YES,NULL
dbo,Sponsor,UtilizationPctChange,49,decimal,NULL,18,2,YES,NULL
dbo,Sponsor,MedicaidSubrogation,50,char,1,NULL,NULL,YES,NULL
dbo,Sponsor,NSDEFlag,51,char,1,NULL,NULL,YES,NULL
dbo,Sponsor,MEDDFlag,52,char,1,NULL,NULL,YES,NULL
dbo,Sponsor,WarehouseLoadDate,53,datetime,NULL,NULL,NULL,YES,NULL
dbo,Sponsor,WarehouseChangeDate,54,datetime,NULL,NULL,NULL,YES,NULL
dbo,Sponsor,BinFlag,55,char,1,NULL,NULL,YES,NULL
dbo,Sponsor,LookBackDays,56,int,NULL,10,0,YES,NULL
dbo,Sponsor,RevAdminFee,57,char,1,NULL,NULL,YES,NULL
dbo,Sponsor,EFFlag,58,char,1,NULL,NULL,YES,NULL
dbo,Sponsor,VRXFlag,59,char,1,NULL,NULL,YES,NULL
dbo,Sponsor,EFSwitch,60,char,1,NULL,NULL,YES,NULL
dbo,Sponsor,EFDefResult,61,char,1,NULL,NULL,YES,NULL
dbo,Sponsor,EFDefExcep,62,char,1,NULL,NULL,YES,NULL
dbo,Sponsor,DaysInGroup,63,int,NULL,10,0,YES,NULL
dbo,Sponsor,ClaimLookBackDays,64,int,NULL,10,0,YES,NULL
dbo,Sponsor,DiscBlockPct,65,decimal,NULL,18,2,YES,NULL
dbo,Sponsor,OTZip,66,char,1,NULL,NULL,YES,NULL
dbo,Sponsor,ConfigFlag,67,char,1,NULL,NULL,YES,NULL
dbo,Sponsor,TCNOC,68,char,1,NULL,NULL,YES,NULL
dbo,Sponsor,AltReimbSched,69,char,1,NULL,NULL,YES,NULL
dbo,Sponsor,LimitSummary,70,int,NULL,10,0,YES,NULL
dbo,Sponsor,EffDate,71,datetime,NULL,NULL,NULL,YES,NULL
dbo,Sponsor,TermDate,72,datetime,NULL,NULL,NULL,YES,NULL
dbo,Sponsor,DupeDemCheck,73,char,1,NULL,NULL,YES,NULL
dbo,Sponsor,AddID,74,varchar,15,NULL,NULL,YES,NULL
dbo,Sponsor,ChangeID,75,varchar,15,NULL,NULL,YES,NULL
dbo,Sponsor,RTENoCheck,76,char,1,NULL,NULL,YES,NULL
dbo,Sponsor,PriorAuthExempt,77,char,1,NULL,NULL,YES,NULL
dbo,Sponsor,NDCInclude,78,char,1,NULL,NULL,YES,NULL
dbo,Sponsor,TitrationRulesApply,79,char,1,NULL,NULL,YES,NULL
dbo,Sponsor,RejPAMsgAppliesFlag,80,char,1,NULL,NULL,YES,NULL
dbo,Sponsor,Skip260Reject,81,char,1,NULL,NULL,YES,NULL
dbo,Sponsor,StateCompApplies,82,char,1,NULL,NULL,YES,NULL
dbo,Sponsor,BinCheckRej,83,char,1,NULL,NULL,YES,NULL
dbo,Sponsor,StaticIDCheck,84,char,1,NULL,NULL,YES,NULL
dbo,Sponsor,CompuGrpXWalk,85,char,1,NULL,NULL,YES,NULL
dbo,SponsorAccountTypeDescriptions,SponsorAccountType,1,varchar,10,NULL,NULL,NO,NULL
dbo,SponsorAccountTypeDescriptions,Description,2,varchar,50,NULL,NULL,YES,NULL
dbo,SponsorAccountTypeDescriptions,BusinessCategory,3,varchar,50,NULL,NULL,YES,NULL
dbo,SponsorAccountTypeDescriptions,BusinessAccountType,4,varchar,50,NULL,NULL,YES,NULL
dbo,SponsorTPA,SystemNumber,1,int,NULL,10,0,NO,NULL
dbo,SponsorTPA,SponsorNumber,2,int,NULL,10,0,NO,NULL
dbo,SponsorTPA,GroupNumber,3,bigint,NULL,19,0,NO,NULL
dbo,SponsorTPA,Type,4,int,NULL,10,0,NO,NULL
dbo,SponsorTPA,SequenceNumber,5,int,NULL,10,0,NO,NULL
dbo,SponsorTPA,EffDate,6,datetime,NULL,NULL,NULL,YES,NULL
dbo,SponsorTPA,TermDate,7,datetime,NULL,NULL,NULL,YES,NULL
dbo,SponsorTPA,TPA,8,varchar,4,NULL,NULL,YES,NULL
dbo,SponsorTPA,IDCardMask01,9,varchar,20,NULL,NULL,YES,NULL
dbo,SponsorTPA,IDCardMask01Len,10,int,NULL,10,0,YES,NULL
dbo,SponsorTPA,IDCardMask01Leno,11,int,NULL,10,0,YES,NULL
dbo,SponsorTPA,IDCardMask02,12,varchar,20,NULL,NULL,YES,NULL
dbo,SponsorTPA,IDCardMask02Len,13,int,NULL,10,0,YES,NULL
dbo,SponsorTPA,IDCardMask02Leno,14,int,NULL,10,0,YES,NULL
dbo,SponsorTPA,IDCardMask03,15,varchar,20,NULL,NULL,YES,NULL
dbo,SponsorTPA,IDCardMask03Len,16,int,NULL,10,0,YES,NULL
dbo,SponsorTPA,IDCardMask03Leno,17,int,NULL,10,0,YES,NULL
dbo,SponsorTPA,IDCardMask04,18,varchar,20,NULL,NULL,YES,NULL
dbo,SponsorTPA,IDCardMask04Len,19,int,NULL,10,0,YES,NULL
dbo,SponsorTPA,IDCardMask04Leno,20,int,NULL,10,0,YES,NULL
dbo,SponsorTPA,IDCardMask05,21,varchar,20,NULL,NULL,YES,NULL
dbo,SponsorTPA,IDCardMask05Len,22,int,NULL,10,0,YES,NULL
dbo,SponsorTPA,IDCardMask05Leno,23,int,NULL,10,0,YES,NULL
dbo,SponsorTPA,IDCardMask06,24,varchar,20,NULL,NULL,YES,NULL
dbo,SponsorTPA,IDCardMask06Len,25,int,NULL,10,0,YES,NULL
dbo,SponsorTPA,IDCardMask06Leno,26,int,NULL,10,0,YES,NULL
dbo,SponsorTPA,IDCardMask07,27,varchar,20,NULL,NULL,YES,NULL
dbo,SponsorTPA,IDCardMask07Len,28,int,NULL,10,0,YES,NULL
dbo,SponsorTPA,IDCardMask07Leno,29,int,NULL,10,0,YES,NULL
dbo,SponsorTPA,IDCardMask08,30,varchar,20,NULL,NULL,YES,NULL
dbo,SponsorTPA,IDCardMask08Len,31,int,NULL,10,0,YES,NULL
dbo,SponsorTPA,IDCardMask08Leno,32,int,NULL,10,0,YES,NULL
dbo,SponsorTPA,IDCardMask09,33,varchar,20,NULL,NULL,YES,NULL
dbo,SponsorTPA,IDCardMask09Len,34,int,NULL,10,0,YES,NULL
dbo,SponsorTPA,IDCardMask09Leno,35,int,NULL,10,0,YES,NULL
dbo,SponsorTPA,IDCardMask10,36,varchar,20,NULL,NULL,YES,NULL
dbo,SponsorTPA,IDCardMask10Len,37,int,NULL,10,0,YES,NULL
dbo,SponsorTPA,IDCardMask10Leno,38,int,NULL,10,0,YES,NULL
dbo,SponsorTPA,IDCardMask11,39,varchar,20,NULL,NULL,YES,NULL
dbo,SponsorTPA,IDCardMask11Len,40,int,NULL,10,0,YES,NULL
dbo,SponsorTPA,IDCardMask11Leno,41,int,NULL,10,0,YES,NULL
dbo,SponsorTPA,IDCardMask12,42,varchar,20,NULL,NULL,YES,NULL
dbo,SponsorTPA,IDCardMask12Len,43,int,NULL,10,0,YES,NULL
dbo,SponsorTPA,IDCardMask12Leno,44,int,NULL,10,0,YES,NULL
dbo,SponsorTPA,IDCardMask13,45,varchar,20,NULL,NULL,YES,NULL
dbo,SponsorTPA,IDCardMask13Len,46,int,NULL,10,0,YES,NULL
dbo,SponsorTPA,IDCardMask13Leno,47,int,NULL,10,0,YES,NULL
dbo,SponsorTPA,IDCardMask14,48,varchar,20,NULL,NULL,YES,NULL
dbo,SponsorTPA,IDCardMask14Len,49,int,NULL,10,0,YES,NULL
dbo,SponsorTPA,IDCardMask14Leno,50,int,NULL,10,0,YES,NULL
dbo,SponsorTPA,IDCardMask15,51,varchar,20,NULL,NULL,YES,NULL
dbo,SponsorTPA,IDCardMask15Len,52,int,NULL,10,0,YES,NULL
dbo,SponsorTPA,IDCardMask15Leno,53,int,NULL,10,0,YES,NULL
dbo,SponsorTPA,IDCardMask16,54,varchar,20,NULL,NULL,YES,NULL
dbo,SponsorTPA,IDCardMask16Len,55,int,NULL,10,0,YES,NULL
dbo,SponsorTPA,IDCardMask16Leno,56,int,NULL,10,0,YES,NULL
dbo,SponsorTPA,IDCardMask17,57,varchar,20,NULL,NULL,YES,NULL
dbo,SponsorTPA,IDCardMask17Len,58,int,NULL,10,0,YES,NULL
dbo,SponsorTPA,IDCardMask17Leno,59,int,NULL,10,0,YES,NULL
dbo,SponsorTPA,IDCardMask18,60,varchar,20,NULL,NULL,YES,NULL
dbo,SponsorTPA,IDCardMask18Len,61,int,NULL,10,0,YES,NULL
dbo,SponsorTPA,IDCardMask18Leno,62,int,NULL,10,0,YES,NULL
dbo,SponsorTPA,IDCardMask19,63,varchar,20,NULL,NULL,YES,NULL
dbo,SponsorTPA,IDCardMask19Len,64,int,NULL,10,0,YES,NULL
dbo,SponsorTPA,IDCardMask19Leno,65,int,NULL,10,0,YES,NULL
dbo,SponsorTPA,WarehouseLoadDate,66,datetime,NULL,NULL,NULL,YES,NULL
dbo,SponsorTPA,WarehouseChangeDate,67,datetime,NULL,NULL,NULL,YES,NULL
dbo,SponsorTPA,ClientID,68,varchar,4,NULL,NULL,YES,NULL
dbo,SponsorTPA,Cycle,69,char,1,NULL,NULL,YES,NULL
dbo,SponsorTPA,DataFileName,70,varchar,20,NULL,NULL,YES,NULL
dbo,SponsorTPA,OTDIndex,71,int,NULL,10,0,YES,NULL
dbo,SponsorTPA,IDCardMask20,72,varchar,20,NULL,NULL,YES,NULL
dbo,SponsorTPA,IDCardMask20Len,73,int,NULL,10,0,YES,NULL
dbo,SponsorTPA,IDCardMask20Leno,74,int,NULL,10,0,YES,NULL
dbo,SponsorTPA,IDCardMask21,75,varchar,20,NULL,NULL,YES,NULL
dbo,SponsorTPA,IDCardMask21Len,76,int,NULL,10,0,YES,NULL
dbo,SponsorTPA,IDCardMask21Leno,77,int,NULL,10,0,YES,NULL
dbo,SponsorTPA,IDCardMask22,78,varchar,20,NULL,NULL,YES,NULL
dbo,SponsorTPA,IDCardMask22Len,79,int,NULL,10,0,YES,NULL
dbo,SponsorTPA,IDCardMask22Leno,80,int,NULL,10,0,YES,NULL
dbo,SponsorTPA,IDCardMask23,81,varchar,20,NULL,NULL,YES,NULL
dbo,SponsorTPA,IDCardMask23Len,82,int,NULL,10,0,YES,NULL
dbo,SponsorTPA,IDCardMask23Leno,83,int,NULL,10,0,YES,NULL
dbo,SponsorTPA,IDCardMask24,84,varchar,20,NULL,NULL,YES,NULL
dbo,SponsorTPA,IDCardMask24Len,85,int,NULL,10,0,YES,NULL
dbo,SponsorTPA,IDCardMask24Leno,86,int,NULL,10,0,YES,NULL
dbo,SponsorTPA,IDCardMask25,87,varchar,20,NULL,NULL,YES,NULL
dbo,SponsorTPA,IDCardMask25Len,88,int,NULL,10,0,YES,NULL
dbo,SponsorTPA,IDCardMask25Leno,89,int,NULL,10,0,YES,NULL
dbo,SponsorTPA,TestModePath,90,varchar,20,NULL,NULL,YES,NULL
dbo,SponsorTPA,ProdModePath,91,varchar,20,NULL,NULL,YES,NULL
dbo,SponsorTPA,AddID,92,varchar,15,NULL,NULL,YES,NULL
dbo,SponsorTPA,ChangeID,93,varchar,15,NULL,NULL,YES,NULL
dbo,SponsorTPA,AddDate,94,datetime,NULL,NULL,NULL,YES,NULL
dbo,SponsorTPA,ChangeDate,95,datetime,NULL,NULL,NULL,YES,NULL
dbo,SponsorTPA,EOFOvExcepFlag,96,char,1,NULL,NULL,YES,NULL
dbo,SponsorTPADescription,Sponsor TPA,1,varchar,10,NULL,NULL,NO,NULL
dbo,SponsorTPADescription,TPA Name,2,varchar,50,NULL,NULL,NO,NULL
dbo,STATE_ABBREVIATION,State,1,nvarchar,255,NULL,NULL,YES,NULL
dbo,STATE_ABBREVIATION,Abbreviation,2,nvarchar,255,NULL,NULL,YES,NULL
dbo,StateCompConfig,SystemLink,1,varchar,5,NULL,NULL,NO,NULL
dbo,StateCompConfig,SystemNumber,2,int,NULL,10,0,NO,NULL
dbo,StateCompConfig,SponsorNumber,3,int,NULL,10,0,NO,NULL
dbo,StateCompConfig,GroupNumber,4,float,NULL,53,NULL,NO,NULL
dbo,StateCompConfig,StateID,5,varchar,2,NULL,NULL,NO,NULL
dbo,StateCompConfig,RecType,6,varchar,3,NULL,NULL,NO,NULL
dbo,StateCompConfig,SeqNbr,7,int,NULL,10,0,NO,NULL
dbo,StateCompConfig,DateType,8,varchar,2,NULL,NULL,YES,NULL
dbo,StateCompConfig,EffDate,9,datetime,NULL,NULL,NULL,YES,NULL
dbo,StateCompConfig,TermDate,10,datetime,NULL,NULL,NULL,YES,NULL
dbo,StateCompConfig,AddID,11,varchar,15,NULL,NULL,YES,NULL
dbo,StateCompConfig,ChangeID,12,varchar,15,NULL,NULL,YES,NULL
dbo,StateCompConfig,AddDate,13,datetime,NULL,NULL,NULL,YES,NULL
dbo,StateCompConfig,ChangeDate,14,datetime,NULL,NULL,NULL,YES,NULL
dbo,StateCompConfig,WarehouseLoadDate,15,datetime,NULL,NULL,NULL,YES,NULL
dbo,StateCompConfig,WarehouseChangeDate,16,datetime,NULL,NULL,NULL,YES,NULL
dbo,StateCompliance,StateID,1,varchar,2,NULL,NULL,NO,NULL
dbo,StateCompliance,RecType,2,varchar,3,NULL,NULL,NO,NULL
dbo,StateCompliance,DateType,3,varchar,2,NULL,NULL,NO,NULL
dbo,StateCompliance,DataType,4,varchar,3,NULL,NULL,NO,NULL
dbo,StateCompliance,Data,5,varchar,14,NULL,NULL,NO,NULL
dbo,StateCompliance,OCC,6,int,NULL,10,0,NO,NULL
dbo,StateCompliance,SeqNbr,7,int,NULL,10,0,NO,NULL
dbo,StateCompliance,EffDate,8,datetime,NULL,NULL,NULL,YES,NULL
dbo,StateCompliance,TermDate,9,datetime,NULL,NULL,NULL,YES,NULL
dbo,StateCompliance,LOB1,10,varchar,10,NULL,NULL,YES,NULL
dbo,StateCompliance,LOB2,11,varchar,10,NULL,NULL,YES,NULL
dbo,StateCompliance,LOB3,12,varchar,10,NULL,NULL,YES,NULL
dbo,StateCompliance,LOB4,13,varchar,10,NULL,NULL,YES,NULL
dbo,StateCompliance,LOB5,14,varchar,10,NULL,NULL,YES,NULL
dbo,StateCompliance,LOB6,15,varchar,10,NULL,NULL,YES,NULL
dbo,StateCompliance,LOB7,16,varchar,10,NULL,NULL,YES,NULL
dbo,StateCompliance,LOB8,17,varchar,10,NULL,NULL,YES,NULL
dbo,StateCompliance,LOB9,18,varchar,10,NULL,NULL,YES,NULL
dbo,StateCompliance,LOB10,19,varchar,10,NULL,NULL,YES,NULL
dbo,StateCompliance,LOB11,20,varchar,10,NULL,NULL,YES,NULL
dbo,StateCompliance,LOB12,21,varchar,10,NULL,NULL,YES,NULL
dbo,StateCompliance,LOB13,22,varchar,10,NULL,NULL,YES,NULL
dbo,StateCompliance,LOB14,23,varchar,10,NULL,NULL,YES,NULL
dbo,StateCompliance,LOB15,24,varchar,10,NULL,NULL,YES,NULL
dbo,StateCompliance,LOB16,25,varchar,10,NULL,NULL,YES,NULL
dbo,StateCompliance,LOB17,26,varchar,10,NULL,NULL,YES,NULL
dbo,StateCompliance,LOB18,27,varchar,10,NULL,NULL,YES,NULL
dbo,StateCompliance,LOB19,28,varchar,10,NULL,NULL,YES,NULL
dbo,StateCompliance,LOB20,29,varchar,10,NULL,NULL,YES,NULL
dbo,StateCompliance,LOB21,30,varchar,10,NULL,NULL,YES,NULL
dbo,StateCompliance,LOB22,31,varchar,10,NULL,NULL,YES,NULL
dbo,StateCompliance,LOB23,32,varchar,10,NULL,NULL,YES,NULL
dbo,StateCompliance,LOB24,33,varchar,10,NULL,NULL,YES,NULL
dbo,StateCompliance,LOB25,34,varchar,10,NULL,NULL,YES,NULL
dbo,StateCompliance,TransFee001,35,decimal,NULL,18,2,YES,NULL
dbo,StateCompliance,PriceSource002,36,varchar,10,NULL,NULL,YES,NULL
dbo,StateCompliance,LowValDisp002,37,decimal,NULL,18,2,YES,NULL
dbo,StateCompliance,PriceSourceDisp002,38,decimal,NULL,18,2,YES,NULL
dbo,StateCompliance,Percent002,39,decimal,NULL,18,4,YES,NULL
dbo,StateCompliance,DaysSupplyElec003,40,int,NULL,10,0,YES,NULL
dbo,StateCompliance,DaysSupplyPaper003,41,int,NULL,10,0,YES,NULL
dbo,StateCompliance,CopayCap30Day004,42,decimal,NULL,18,2,YES,NULL
dbo,StateCompliance,CopayCap90Day004,43,decimal,NULL,18,2,YES,NULL
dbo,StateCompliance,CopayTypeCode004,44,int,NULL,10,0,YES,NULL
dbo,StateCompliance,TaxPercent005,45,decimal,NULL,18,4,YES,NULL
dbo,StateCompliance,FlatTax005,46,decimal,NULL,18,2,YES,NULL
dbo,StateCompliance,RebateAmt006,47,decimal,NULL,18,2,YES,NULL
dbo,StateCompliance,RebateType006,48,varchar,5,NULL,NULL,YES,NULL
dbo,StateCompliance,AddID,49,varchar,15,NULL,NULL,YES,NULL
dbo,StateCompliance,ChangeID,50,varchar,15,NULL,NULL,YES,NULL
dbo,StateCompliance,AddDate,51,datetime,NULL,NULL,NULL,YES,NULL
dbo,StateCompliance,ChangeDate,52,datetime,NULL,NULL,NULL,YES,NULL
dbo,StateCompliance,WarehouseLoadDate,53,datetime,NULL,NULL,NULL,YES,NULL
dbo,StateCompliance,WarehouseChangeDate,54,datetime,NULL,NULL,NULL,YES,NULL
dbo,StateCompliance,Cap90AppFlag004,55,char,1,NULL,NULL,YES,NULL
dbo,StateExOverride,TLink,1,varchar,5,NULL,NULL,NO,NULL
dbo,StateExOverride,SystemNbr,2,int,NULL,10,0,NO,NULL
dbo,StateExOverride,SponsorNbr,3,int,NULL,10,0,NO,NULL
dbo,StateExOverride,GroupNbr,4,float,NULL,53,NULL,NO,NULL
dbo,StateExOverride,NetworkNbr,5,int,NULL,10,0,NO,NULL
dbo,StateExOverride,StateCodeNbr,6,int,NULL,10,0,NO,NULL
dbo,StateExOverride,NABPNbr,7,int,NULL,10,0,NO,NULL
dbo,StateExOverride,DataType,8,varchar,3,NULL,NULL,NO,NULL
dbo,StateExOverride,Data,9,varchar,20,NULL,NULL,NO,NULL
dbo,StateExOverride,DateType,10,varchar,2,NULL,NULL,NO,NULL
dbo,StateExOverride,IncExc,11,char,1,NULL,NULL,NO,NULL
dbo,StateExOverride,StateCodeLoc,12,varchar,2,NULL,NULL,NO,NULL
dbo,StateExOverride,OtherCovCode,13,int,NULL,10,0,NO,NULL
dbo,StateExOverride,SequenceNbr,14,int,NULL,10,0,NO,NULL
dbo,StateExOverride,EffDate,15,datetime,NULL,NULL,NULL,YES,NULL
dbo,StateExOverride,TermDate,16,datetime,NULL,NULL,NULL,YES,NULL
dbo,StateExOverride,StateCodeAlpha,17,varchar,2,NULL,NULL,YES,NULL
dbo,StateExOverride,RejectCode,18,int,NULL,10,0,YES,NULL
dbo,StateExOverride,MessagePrimary,19,varchar,39,NULL,NULL,YES,NULL
dbo,StateExOverride,MessageAddl,20,varchar,200,NULL,NULL,YES,NULL
dbo,StateExOverride,PlanNbr,21,varchar,8,NULL,NULL,YES,NULL
dbo,StateExOverride,PACode,22,bigint,NULL,19,0,YES,NULL
dbo,StateExOverride,ExceptionCode,23,int,NULL,10,0,YES,NULL
dbo,StateExOverride,AddID,24,varchar,15,NULL,NULL,YES,NULL
dbo,StateExOverride,ChangeID,25,varchar,15,NULL,NULL,YES,NULL
dbo,StateExOverride,AddDate,26,datetime,NULL,NULL,NULL,YES,NULL
dbo,StateExOverride,ChangeDate,27,datetime,NULL,NULL,NULL,YES,NULL
dbo,StateExOverride,WarehouseLoadDate,28,datetime,NULL,NULL,NULL,YES,NULL
dbo,StateExOverride,WarehouseChangeDate,29,datetime,NULL,NULL,NULL,YES,NULL
dbo,StateExOverride,AltDispFee,30,decimal,NULL,18,2,YES,NULL
dbo,STEP_THERAPY,STEP_NUMBER,1,int,NULL,10,0,NO,NULL
dbo,STEP_THERAPY,PRIMARY_GPI,2,char,14,NULL,NULL,NO,NULL
dbo,STEP_THERAPY,STEP_GPI,3,char,14,NULL,NULL,NO,NULL
dbo,STEP_THERAPY,NUMBER_OF_DAYS,4,int,NULL,10,0,YES,NULL
dbo,STEP_THERAPY,EFFECTIVE_DATE,5,datetime,NULL,NULL,NULL,YES,NULL
dbo,STEP_THERAPY,TERMINATION_DATE,6,datetime,NULL,NULL,NULL,YES,NULL
dbo,STEP_THERAPY,STATUS,7,char,1,NULL,NULL,YES,NULL
dbo,STEP_THERAPY,REJECT_NUMBER,8,int,NULL,10,0,YES,NULL
dbo,STEP_THERAPY,AGE,9,int,NULL,10,0,YES,NULL
dbo,STEP_THERAPY,AGE_G_L_FLAG,10,char,1,NULL,NULL,YES,NULL
dbo,STEP_THERAPY,ADD_DATE,11,datetime,NULL,NULL,NULL,YES,NULL
dbo,STEP_THERAPY,CHANGE_DATE,12,datetime,NULL,NULL,NULL,YES,NULL
dbo,STEP_THERAPY,BrandGenericID,13,char,1,NULL,NULL,YES,NULL
dbo,STEP_THERAPY,DaySupplyDuration,14,int,NULL,10,0,YES,NULL
dbo,STEP_THERAPY,WarehouseLoadDate,15,datetime,NULL,NULL,NULL,YES,NULL
dbo,STEP_THERAPY,WarehouseChangeDate,16,datetime,NULL,NULL,NULL,YES,NULL
dbo,StepTherapyDescription,TableNumber,1,int,NULL,10,0,NO,NULL
dbo,StepTherapyDescription,TableName,2,char,40,NULL,NULL,YES,NULL
dbo,StepTherapyDescription,ActiveCode,3,char,1,NULL,NULL,YES,NULL
dbo,StepTherapyDescription,GenericTableAssociation1,4,int,NULL,10,0,YES,NULL
dbo,StepTherapyDescription,GenericTableAssociation2,5,int,NULL,10,0,YES,NULL
dbo,StepTherapyDescription,GenericTableAssociation3,6,int,NULL,10,0,YES,NULL
dbo,StepTherapyDescription,GenericTableAssociation4,7,int,NULL,10,0,YES,NULL
dbo,StepTherapyDescription,GenericTableAssociation5,8,int,NULL,10,0,YES,NULL
dbo,StepTherapyDescription,GenericTableAssociation6,9,int,NULL,10,0,YES,NULL
dbo,StepTherapyDescription,GenericTableAssociation7,10,int,NULL,10,0,YES,NULL
dbo,StepTherapyDescription,GenericTableAssociation8,11,int,NULL,10,0,YES,NULL
dbo,StepTherapyDescription,GenericTableAssociation9,12,int,NULL,10,0,YES,NULL
dbo,StepTherapyDescription,GenericTableAssociation10,13,int,NULL,10,0,YES,NULL
dbo,StepTherapyDescription,GenericTableAssociation11,14,int,NULL,10,0,YES,NULL
dbo,StepTherapyDescription,GenericTableAssociation12,15,int,NULL,10,0,YES,NULL
dbo,StepTherapyDescription,GenericTableAssociation13,16,int,NULL,10,0,YES,NULL
dbo,StepTherapyDescription,GenericTableAssociation14,17,int,NULL,10,0,YES,NULL
dbo,StepTherapyDescription,GenericTableAssociation15,18,int,NULL,10,0,YES,NULL
dbo,StepTherapyDescription,GenericTableAssociation16,19,int,NULL,10,0,YES,NULL
dbo,StepTherapyDescription,GenericTableAssociation17,20,int,NULL,10,0,YES,NULL
dbo,StepTherapyDescription,GenericTableAssociation18,21,int,NULL,10,0,YES,NULL
dbo,StepTherapyDescription,GenericTableAssociation19,22,int,NULL,10,0,YES,NULL
dbo,StepTherapyDescription,GenericTableAssociation20,23,int,NULL,10,0,YES,NULL
dbo,StepTherapyDescription,AssociationFlag,24,char,1,NULL,NULL,YES,NULL
dbo,StepTherapyDescription,WarehouseLoadDate,25,datetime,NULL,NULL,NULL,YES,NULL
dbo,StepTherapyDescription,WarehouseChangeDate,26,datetime,NULL,NULL,NULL,YES,NULL
dbo,StepTrigger,StepTableNo,1,int,NULL,10,0,NO,NULL
dbo,StepTrigger,PrimaryGPI,2,char,14,NULL,NULL,NO,NULL
dbo,StepTrigger,EffDate,3,datetime,NULL,NULL,NULL,YES,NULL
dbo,StepTrigger,TermDate,4,datetime,NULL,NULL,NULL,YES,NULL
dbo,StepTrigger,PharmMessage1,5,varchar,60,NULL,NULL,YES,NULL
dbo,StepTrigger,PharmMessage2,6,varchar,60,NULL,NULL,YES,NULL
dbo,StepTrigger,BrandGenInd,7,char,1,NULL,NULL,YES,NULL
dbo,StepTrigger,NbrLookBackDrugs,8,int,NULL,10,0,YES,NULL
dbo,StepTrigger,AddDate,9,datetime,NULL,NULL,NULL,YES,NULL
dbo,StepTrigger,ChangeDate,10,datetime,NULL,NULL,NULL,YES,NULL
dbo,StepTrigger,WarehouseLoadDate,11,datetime,NULL,NULL,NULL,YES,NULL
dbo,StepTrigger,WarehouseChangeDate,12,datetime,NULL,NULL,NULL,YES,NULL
dbo,StepTrigger,MaxAge,13,int,NULL,10,0,YES,NULL
dbo,StepTrigger,MinAge,14,int,NULL,10,0,YES,NULL
dbo,StepTriggerDescription,StepTriggerTable,1,int,NULL,10,0,NO,NULL
dbo,StepTriggerDescription,Description,2,char,40,NULL,NULL,YES,NULL
dbo,StepTriggerDescription,ActiveFlag,3,char,1,NULL,NULL,YES,NULL
dbo,StepTriggerDescription,AssociatedFlag,4,char,1,NULL,NULL,YES,NULL
dbo,StepTriggerDescription,AssociatedGenericTable1,5,int,NULL,10,0,YES,NULL
dbo,StepTriggerDescription,AssociatedGenericTable2,6,int,NULL,10,0,YES,NULL
dbo,StepTriggerDescription,AssociatedGenericTable3,7,int,NULL,10,0,YES,NULL
dbo,StepTriggerDescription,AssociatedGenericTable4,8,int,NULL,10,0,YES,NULL
dbo,StepTriggerDescription,AssociatedGenericTable5,9,int,NULL,10,0,YES,NULL
dbo,StepTriggerDescription,AssociatedGenericTable6,10,int,NULL,10,0,YES,NULL
dbo,StepTriggerDescription,AssociatedGenericTable7,11,int,NULL,10,0,YES,NULL
dbo,StepTriggerDescription,AssociatedGenericTable8,12,int,NULL,10,0,YES,NULL
dbo,StepTriggerDescription,AssociatedGenericTable9,13,int,NULL,10,0,YES,NULL
dbo,StepTriggerDescription,AssociatedGenericTable10,14,int,NULL,10,0,YES,NULL
dbo,StepTriggerDescription,AssociatedGenericTable11,15,int,NULL,10,0,YES,NULL
dbo,StepTriggerDescription,AssociatedGenericTable12,16,int,NULL,10,0,YES,NULL
dbo,StepTriggerDescription,AssociatedGenericTable13,17,int,NULL,10,0,YES,NULL
dbo,StepTriggerDescription,AssociatedGenericTable14,18,int,NULL,10,0,YES,NULL
dbo,StepTriggerDescription,AssociatedGenericTable15,19,int,NULL,10,0,YES,NULL
dbo,StepTriggerDescription,AssociatedGenericTable16,20,int,NULL,10,0,YES,NULL
dbo,StepTriggerDescription,AssociatedGenericTable17,21,int,NULL,10,0,YES,NULL
dbo,StepTriggerDescription,AssociatedGenericTable18,22,int,NULL,10,0,YES,NULL
dbo,StepTriggerDescription,AssociatedGenericTable19,23,int,NULL,10,0,YES,NULL
dbo,StepTriggerDescription,AssociatedGenericTable20,24,int,NULL,10,0,YES,NULL
dbo,StepTriggerDescription,WarehouseLoadDate,25,datetime,NULL,NULL,NULL,YES,NULL
dbo,StepTriggerDescription,WarehouseChangeDate,26,datetime,NULL,NULL,NULL,YES,NULL
dbo,SuperChainData,ChainCode,1,nvarchar,255,NULL,NULL,YES,NULL
dbo,SuperChainData,SuperChainName,2,nvarchar,255,NULL,NULL,YES,NULL
dbo,SuperChainDatav2,PrimaryChainNumber,1,char,3,NULL,NULL,NO,NULL
dbo,SuperChainDatav2,SuperChain,2,char,3,NULL,NULL,YES,NULL
dbo,SuperChainDatav2,SuperChainName,3,nvarchar,255,NULL,NULL,YES,NULL
dbo,SuperChainDatav2,PDMIChainNumber,4,int,NULL,10,0,YES,NULL
dbo,SUSPEND,SYSTEM_NUMBER,1,int,NULL,10,0,NO,NULL
dbo,SUSPEND,SPONSOR_NUMBER,2,int,NULL,10,0,NO,NULL
dbo,SUSPEND,GROUP_NUMBER,3,float,NULL,53,NULL,NO,NULL
dbo,SUSPEND,PERIOD_ENDING,4,datetime,NULL,NULL,NULL,NO,NULL
dbo,SUSPEND,ALT_GROUP_NUMBER,5,char,20,NULL,NULL,YES,NULL
dbo,SUSPEND,INVOICE_AMOUNT,6,decimal,NULL,12,2,YES,NULL
dbo,SUSPEND,CLAIM_COUNT,7,int,NULL,10,0,YES,NULL
dbo,SUSPEND,GRP_INVOICE_NUMBER,8,int,NULL,10,0,YES,NULL
dbo,SUSPEND,SPO_INVOICE_NUMBER,9,int,NULL,10,0,YES,NULL
dbo,SUSPEND,SYS_INVOICE_NUMBER,10,int,NULL,10,0,YES,NULL
dbo,SUSPEND,RELEASE_FLAG,11,char,1,NULL,NULL,YES,NULL
dbo,SUSPEND,PAID_DATE,12,datetime,NULL,NULL,NULL,YES,NULL
dbo,SUSPEND,DIFFERENTIAL_AMOUNT,13,decimal,NULL,12,2,YES,NULL
dbo,SUSPEND,ADMIN_FEE,14,decimal,NULL,12,2,YES,NULL
dbo,SUSPEND,MANUAL_DATE,15,datetime,NULL,NULL,NULL,YES,NULL
dbo,SUSPEND,FILE_DATE,16,datetime,NULL,NULL,NULL,YES,NULL
dbo,SUSPEND,RELEASE_DATE,17,datetime,NULL,NULL,NULL,YES,NULL
dbo,SUSPEND,DEPOSIT_DATE,18,datetime,NULL,NULL,NULL,YES,NULL
dbo,SUSPEND,WarehouseLoadDate,19,datetime,NULL,NULL,NULL,YES,NULL
dbo,SUSPEND,WarehouseChangeDate,20,datetime,NULL,NULL,NULL,YES,NULL
dbo,sysdiagrams,name,1,nvarchar,128,NULL,NULL,NO,NULL
dbo,sysdiagrams,principal_id,2,int,NULL,10,0,NO,NULL
dbo,sysdiagrams,diagram_id,3,int,NULL,10,0,NO,NULL
dbo,sysdiagrams,version,4,int,NULL,10,0,YES,NULL
dbo,sysdiagrams,definition,5,varbinary,-1,NULL,NULL,YES,NULL
dbo,sysssislog,id,1,int,NULL,10,0,NO,NULL
dbo,sysssislog,event,2,nvarchar,128,NULL,NULL,NO,NULL
dbo,sysssislog,computer,3,nvarchar,128,NULL,NULL,NO,NULL
dbo,sysssislog,operator,4,nvarchar,128,NULL,NULL,NO,NULL
dbo,sysssislog,source,5,nvarchar,1024,NULL,NULL,NO,NULL
dbo,sysssislog,sourceid,6,uniqueidentifier,NULL,NULL,NULL,NO,NULL
dbo,sysssislog,executionid,7,uniqueidentifier,NULL,NULL,NULL,NO,NULL
dbo,sysssislog,starttime,8,datetime,NULL,NULL,NULL,NO,NULL
dbo,sysssislog,endtime,9,datetime,NULL,NULL,NULL,NO,NULL
dbo,sysssislog,datacode,10,int,NULL,10,0,NO,NULL
dbo,sysssislog,databytes,11,image,2147483647,NULL,NULL,YES,NULL
dbo,sysssislog,message,12,nvarchar,2048,NULL,NULL,NO,NULL
dbo,SystemDem,SystemNbr,1,int,NULL,10,0,NO,NULL
dbo,SystemDem,SystemName,2,varchar,30,NULL,NULL,YES,NULL
dbo,SystemDem,Address1,3,varchar,30,NULL,NULL,YES,NULL
dbo,SystemDem,Address2,4,varchar,30,NULL,NULL,YES,NULL
dbo,SystemDem,City,5,varchar,18,NULL,NULL,YES,NULL
dbo,SystemDem,State,6,varchar,2,NULL,NULL,YES,NULL
dbo,SystemDem,Zip,7,varchar,5,NULL,NULL,YES,NULL
dbo,SystemDem,PAPhone,8,varchar,21,NULL,NULL,YES,NULL
dbo,SystemDem,HelpDeskPhone,9,varchar,14,NULL,NULL,YES,NULL
dbo,SystemDem,HelpDeskFax,10,varchar,14,NULL,NULL,YES,NULL
dbo,SystemDem,SystemIn,11,varchar,4,NULL,NULL,YES,NULL
dbo,SystemDem,ReportTitle,12,varchar,30,NULL,NULL,YES,NULL
dbo,SystemDem,Zip4,13,varchar,4,NULL,NULL,YES,NULL
dbo,SystemDem,SystemLink,14,varchar,5,NULL,NULL,YES,NULL
dbo,SystemDem,ActiveCode,15,char,1,NULL,NULL,YES,NULL
dbo,SystemDem,StateCode,16,varchar,2,NULL,NULL,YES,NULL
dbo,SystemDem,BenefitCode,17,char,1,NULL,NULL,YES,NULL
dbo,SystemDem,RebateFlag,18,char,1,NULL,NULL,YES,NULL
dbo,SystemDem,ClientType,19,varchar,5,NULL,NULL,YES,NULL
dbo,SystemDem,ClaimBinNbr,20,int,NULL,10,0,YES,NULL
dbo,SystemDem,EntryDate,21,datetime,NULL,NULL,NULL,YES,NULL
dbo,SystemDem,ChangeDate,22,datetime,NULL,NULL,NULL,YES,NULL
dbo,SystemDem,WarehouseLoadDate,23,datetime,NULL,NULL,NULL,YES,NULL
dbo,SystemDem,WarehouseChangeDate,24,datetime,NULL,NULL,NULL,YES,NULL
dbo,TableIndexes,SchemaName,1,varchar,-1,NULL,NULL,YES,NULL
dbo,TableIndexes,ObjectName,2,varchar,-1,NULL,NULL,YES,NULL
dbo,TableIndexes,IndexName,3,varchar,-1,NULL,NULL,YES,NULL
dbo,TableIndexes,DropIndexStatement,4,varchar,-1,NULL,NULL,YES,NULL
dbo,TableIndexes,CreateIndexStatement,5,varchar,-1,NULL,NULL,YES,NULL
dbo,TableIndexes,WarehouseLoadDate,6,datetime,NULL,NULL,NULL,YES,NULL
dbo,TCNDC,SponsorNumber,1,int,NULL,10,0,YES,NULL
dbo,TCNDC,SponsorName,2,varchar,40,NULL,NULL,YES,NULL
dbo,TCNDC,GroupNumber,3,decimal,NULL,16,0,YES,NULL
dbo,TCNDC,GroupName,4,varchar,40,NULL,NULL,YES,NULL
dbo,TCNDC,GroupEffectiveDate,5,datetime,NULL,NULL,NULL,YES,NULL
dbo,TCNDC,GroupTermDate,6,datetime,NULL,NULL,NULL,YES,NULL
dbo,TCNDC,GPI,7,varchar,20,NULL,NULL,YES,NULL
dbo,TCNDC,NDC,8,decimal,NULL,11,0,YES,NULL
dbo,TCNDC,ProductAbbreviation,9,varchar,30,NULL,NULL,YES,NULL
dbo,TCNDC,NDCLockedOut,10,varchar,1,NULL,NULL,YES,NULL
dbo,TCNDC,TypeCode,11,int,NULL,10,0,YES,NULL
dbo,TCNDC,DEAClass,12,varchar,10,NULL,NULL,YES,NULL
dbo,TCNDC,TherapeuticClass,13,decimal,NULL,10,0,YES,NULL
dbo,TCNDC,RxOTCcode,14,varchar,1,NULL,NULL,YES,NULL
dbo,TCNDC,ThirdParty,15,varchar,1,NULL,NULL,YES,NULL
dbo,TCNDC,MaintananceDrug,16,varchar,1,NULL,NULL,YES,NULL
dbo,TCNDC,DispenseUnit,17,varchar,1,NULL,NULL,YES,NULL
dbo,TCNDC,UnitDosage,18,varchar,1,NULL,NULL,YES,NULL
dbo,TCNDC,RouteofAdministration,19,varchar,2,NULL,NULL,YES,NULL
dbo,TCNDC,GenericCode,20,varchar,1,NULL,NULL,YES,NULL
dbo,TCNDC,BrandNameCode,21,varchar,1,NULL,NULL,YES,NULL
dbo,TCNDC,ReimbursementCode,22,varchar,1,NULL,NULL,YES,NULL
dbo,TCNDC,SingleorCombination,23,varchar,1,NULL,NULL,YES,NULL
dbo,TCNDC,ProductName,24,varchar,30,NULL,NULL,YES,NULL
dbo,TCNDC,LabelerTypeCode,25,varchar,1,NULL,NULL,YES,NULL
dbo,TCNDC,ManufactureNameAbbreviation,26,varchar,10,NULL,NULL,YES,NULL
dbo,TCNDC,DrugNameCode,27,varchar,10,NULL,NULL,YES,NULL
dbo,TCNDC,DosageForm,28,varchar,8,NULL,NULL,YES,NULL
dbo,TCNDC,MetricStrength,29,decimal,NULL,18,3,YES,NULL
dbo,TCNDC,PackageSize,30,decimal,NULL,18,3,YES,NULL
dbo,TCNDC,PackageSizeUnitofMeasure,31,varchar,4,NULL,NULL,YES,NULL
dbo,TCNDC,UnitCostFactor,32,decimal,NULL,18,3,YES,NULL
dbo,TCNDC,DESICode,33,varchar,1,NULL,NULL,YES,NULL
dbo,TCNDC,NextSmallerSuffix,34,int,NULL,10,0,YES,NULL
dbo,TCNDC,NextLargerSuffix,35,int,NULL,10,0,YES,NULL
dbo,TCNDC,MACPriceCode,36,varchar,1,NULL,NULL,YES,NULL
dbo,TCNDC,MACPricePackagePrice1,37,decimal,NULL,18,2,YES,NULL
dbo,TCNDC,MACPriceDate1,38,datetime,NULL,NULL,NULL,YES,NULL
dbo,TCNDC,MACPricePackagePrice2,39,decimal,NULL,18,2,YES,NULL
dbo,TCNDC,MACPriceDate2,40,datetime,NULL,NULL,NULL,YES,NULL
dbo,TCNDC,AWPPriceCode,41,varchar,1,NULL,NULL,YES,NULL
dbo,TCNDC,AWPPricePackagePrice1,42,decimal,NULL,18,2,YES,NULL
dbo,TCNDC,AWPPriceUnitPrice1,43,decimal,NULL,18,5,YES,NULL
dbo,TCNDC,AWPPriceDate1,44,datetime,NULL,NULL,NULL,YES,NULL
dbo,TCNDC,AWPPricePackagePrice2,45,decimal,NULL,18,2,YES,NULL
dbo,TCNDC,AWPPriceUnitPrice2,46,decimal,NULL,18,5,YES,NULL
dbo,TCNDC,AWPPriceDate2,47,datetime,NULL,NULL,NULL,YES,NULL
dbo,TCNDC,AWPPricePackagePrice3,48,decimal,NULL,18,2,YES,NULL
dbo,TCNDC,AWPPriceUnitPrice3,49,decimal,NULL,18,5,YES,NULL
dbo,TCNDC,AWPPriceDate3,50,datetime,NULL,NULL,NULL,YES,NULL
dbo,TCNDC,AWPPricePackagePrice4,51,decimal,NULL,18,2,YES,NULL
dbo,TCNDC,AWPPriceUnitPrice4,52,decimal,NULL,18,5,YES,NULL
dbo,TCNDC,AWPPriceDate4,53,datetime,NULL,NULL,NULL,YES,NULL
dbo,TCNDC,DPPriceCode,54,varchar,1,NULL,NULL,YES,NULL
dbo,TCNDC,DPPricePackagePrice1,55,decimal,NULL,18,2,YES,NULL
dbo,TCNDC,DPPricePackagePrice2,56,decimal,NULL,18,2,YES,NULL
dbo,TCNDC,DPPricePackagePrice3,57,decimal,NULL,18,2,YES,NULL
dbo,TCNDC,DPPricePackagePrice4,58,decimal,NULL,18,2,YES,NULL
dbo,TCNDC,LastChangeDate,59,datetime,NULL,NULL,NULL,YES,NULL
dbo,TCNDC,PrescribedbyIDNumber,60,decimal,NULL,12,0,YES,NULL
dbo,TCNDC,SuppliedbyIDNumber,61,decimal,NULL,12,0,YES,NULL
dbo,TCNDC,DrugEffectiveDate,62,datetime,NULL,NULL,NULL,YES,NULL
dbo,TCNDC,DrugTerminationDate,63,datetime,NULL,NULL,NULL,YES,NULL
dbo,TCNDC,WholseSalerAcquisitionCost,64,decimal,NULL,18,6,YES,NULL
dbo,TCNDC,KDC1,65,decimal,NULL,10,0,YES,NULL
dbo,TCNDC,KDC2,66,decimal,NULL,6,0,YES,NULL
dbo,TCNDC,KDC3,67,decimal,NULL,8,0,YES,NULL
dbo,TCNDC,TransactionCode,68,varchar,1,NULL,NULL,YES,NULL
dbo,TCNDC,GPPC,69,varchar,20,NULL,NULL,YES,NULL
dbo,TCNDC,TherapeuticEquivalent,70,varchar,2,NULL,NULL,YES,NULL
dbo,TCNDC,InnerPackCode,71,varchar,1,NULL,NULL,YES,NULL
dbo,TCNDC,ClinicPackageCode,72,varchar,1,NULL,NULL,YES,NULL
dbo,TCNDC,PriceSpreadCode,73,varchar,1,NULL,NULL,YES,NULL
dbo,TCNDC,StatusFlag,74,varchar,1,NULL,NULL,YES,NULL
dbo,TCNDC,RePackFlag,75,varchar,1,NULL,NULL,YES,NULL
dbo,TCNDC,BrandMultiCombo,76,varchar,2,NULL,NULL,YES,NULL
dbo,TCNDC,AWPLitigation,77,varchar,1,NULL,NULL,YES,NULL
dbo,Temp_FormAudit,FormType,1,char,2,NULL,NULL,NO,NULL
dbo,Temp_FormAudit,GPI,2,nvarchar,50,NULL,NULL,YES,NULL
dbo,Temp_FormAudit,GENERIC_CODE,3,char,1,NULL,NULL,YES,NULL
dbo,Temp_FormAudit,NDC,4,nvarchar,50,NULL,NULL,YES,NULL
dbo,Temp_Formulatory_NDC_N_GPI,NDC,1,varchar,50,NULL,NULL,YES,NULL
dbo,Temp_Formulatory_NDC_N_GPI,GPI,2,varchar,50,NULL,NULL,YES,NULL
dbo,temp_nabps_07062010,NABP,1,nvarchar,255,NULL,NULL,YES,NULL
dbo,temp_ndc_10212010,Medication,1,nvarchar,255,NULL,NULL,YES,NULL
dbo,temp_ndc_10212010,Description,2,nvarchar,255,NULL,NULL,YES,NULL
dbo,temp_ndc_10212010,GPI,3,nvarchar,255,NULL,NULL,YES,NULL
dbo,temp_StateNames,id,1,int,NULL,10,0,NO,NULL
dbo,temp_StateNames,ABBREV,2,varchar,2,NULL,NULL,YES,NULL
dbo,temp_StateNames,STATE_NAME,3,varchar,255,NULL,NULL,YES,NULL
dbo,tempNDC11292010,NDC,1,float,NULL,53,NULL,YES,NULL
dbo,tempNDC11292010,Description,2,nvarchar,255,NULL,NULL,YES,NULL
dbo,TherapeuticInterchange,GenericIncentiveNumber,1,int,NULL,10,0,NO,NULL
dbo,TherapeuticInterchange,PrimaryGPI,2,char,14,NULL,NULL,NO,NULL
dbo,TherapeuticInterchange,StepGPI,3,char,14,NULL,NULL,NO,NULL
dbo,TherapeuticInterchange,NumberofDays,4,int,NULL,10,0,YES,NULL
dbo,TherapeuticInterchange,EffectiveDate,5,datetime,NULL,NULL,NULL,YES,NULL
dbo,TherapeuticInterchange,TerminationDate,6,datetime,NULL,NULL,NULL,YES,NULL
dbo,TherapeuticInterchange,AddDate,7,datetime,NULL,NULL,NULL,YES,NULL
dbo,TherapeuticInterchange,ChangeDate,8,datetime,NULL,NULL,NULL,YES,NULL
dbo,TherapeuticInterchange,WarehouseLoadDate,9,datetime,NULL,NULL,NULL,YES,NULL
dbo,TherapeuticInterchange,WarehouseChangeDate,10,datetime,NULL,NULL,NULL,YES,NULL
dbo,THIRD_PARTY_CODE_DESCRIPTIONS,THIRD_PARTY_CODE,1,char,1,NULL,NULL,YES,NULL
dbo,THIRD_PARTY_CODE_DESCRIPTIONS,DESCRIPTION,2,char,100,NULL,NULL,YES,NULL
dbo,THIRD_PARTY_CODE_DESCRIPTIONS,ABBREVIATION,3,char,50,NULL,NULL,YES,NULL
dbo,TitrationBrandBenefit,TitrationBrandID,1,varchar,20,NULL,NULL,NO,NULL
dbo,TitrationBrandBenefit,NDCGPI,2,varchar,14,NULL,NULL,NO,NULL
dbo,TitrationBrandBenefit,RedempCountMin,3,int,NULL,10,0,NO,NULL
dbo,TitrationBrandBenefit,RedempCountMax,4,int,NULL,10,0,NO,NULL
dbo,TitrationBrandBenefit,ClaimCOB,5,char,1,NULL,NULL,NO,NULL
dbo,TitrationBrandBenefit,SequenceNbr,6,int,NULL,10,0,NO,NULL
dbo,TitrationBrandBenefit,DaysBetweenFlag,7,char,1,NULL,NULL,YES,NULL
dbo,TitrationBrandBenefit,MonthBen,8,char,1,NULL,NULL,YES,NULL
dbo,TitrationBrandBenefit,DaysBetweenMin,9,int,NULL,10,0,YES,NULL
dbo,TitrationBrandBenefit,DaysBetweenMax,10,int,NULL,10,0,YES,NULL
dbo,TitrationBrandBenefit,Copay,11,decimal,NULL,18,2,YES,NULL
dbo,TitrationBrandBenefit,MaxClaimAmt,12,decimal,NULL,18,2,YES,NULL
dbo,TitrationBrandBenefit,RejectCode,13,int,NULL,10,0,YES,NULL
dbo,TitrationBrandBenefit,EffDate,14,datetime,NULL,NULL,NULL,YES,NULL
dbo,TitrationBrandBenefit,TermDate,15,datetime,NULL,NULL,NULL,YES,NULL
dbo,TitrationBrandBenefit,TitrationType,16,char,1,NULL,NULL,YES,NULL
dbo,TitrationBrandBenefit,AddID,17,varchar,15,NULL,NULL,YES,NULL
dbo,TitrationBrandBenefit,ChangeID,18,varchar,15,NULL,NULL,YES,NULL
dbo,TitrationBrandBenefit,AddDate,19,datetime,NULL,NULL,NULL,YES,NULL
dbo,TitrationBrandBenefit,ChangeDate,20,datetime,NULL,NULL,NULL,YES,NULL
dbo,TitrationBrandBenefit,WarehouseLoadDate,21,datetime,NULL,NULL,NULL,YES,NULL
dbo,TitrationBrandBenefit,WarehouseChangeDate,22,datetime,NULL,NULL,NULL,YES,NULL
dbo,TitrationBrandBenefit,PurgeStatus,23,int,NULL,10,0,YES,NULL
dbo,TitrationGroup,SystemLink,1,varchar,5,NULL,NULL,NO,NULL
dbo,TitrationGroup,SystemNumber,2,int,NULL,10,0,NO,NULL
dbo,TitrationGroup,SponsorNumber,3,int,NULL,10,0,NO,NULL
dbo,TitrationGroup,GroupNumber,4,float,NULL,53,NULL,NO,NULL
dbo,TitrationGroup,SequenceNumber,5,int,NULL,10,0,NO,NULL
dbo,TitrationGroup,EffDate,6,datetime,NULL,NULL,NULL,YES,NULL
dbo,TitrationGroup,TermDate,7,datetime,NULL,NULL,NULL,YES,NULL
dbo,TitrationGroup,DataType,8,varchar,3,NULL,NULL,YES,NULL
dbo,TitrationGroup,TitrationGroupData,9,varchar,20,NULL,NULL,YES,NULL
dbo,TitrationGroup,GroupCode,10,varchar,20,NULL,NULL,YES,NULL
dbo,TitrationGroup,AddID,11,varchar,15,NULL,NULL,YES,NULL
dbo,TitrationGroup,ChangeID,12,varchar,15,NULL,NULL,YES,NULL
dbo,TitrationGroup,AddDate,13,datetime,NULL,NULL,NULL,YES,NULL
dbo,TitrationGroup,ChangeDate,14,datetime,NULL,NULL,NULL,YES,NULL
dbo,TitrationGroup,WarehouseLoadDate,15,datetime,NULL,NULL,NULL,YES,NULL
dbo,TitrationGroup,WarehouseChangeDate,16,datetime,NULL,NULL,NULL,YES,NULL
dbo,TitrationTrack,CardholderKey,1,char,20,NULL,NULL,NO,NULL
dbo,TitrationTrack,CardholderNumber,2,char,10,NULL,NULL,YES,NULL
dbo,TitrationTrack,MemberNumber,3,char,2,NULL,NULL,YES,NULL
dbo,TitrationTrack,SponsorNumber,4,int,NULL,10,0,YES,NULL
dbo,TitrationTrack,NDCGPI,5,varchar,14,NULL,NULL,NO,NULL
dbo,TitrationTrack,SequenceNbr,6,int,NULL,10,0,NO,NULL
dbo,TitrationTrack,FillNumber,7,int,NULL,10,0,YES,NULL
dbo,TitrationTrack,StartDate,8,datetime,NULL,NULL,NULL,YES,NULL
dbo,TitrationTrack,ClaimKey,9,char,14,NULL,NULL,YES,NULL
dbo,TitrationTrack,PaidFlag,10,char,1,NULL,NULL,YES,NULL
dbo,TitrationTrack,RxDate,11,datetime,NULL,NULL,NULL,YES,NULL
dbo,TitrationTrack,MetQuantity,12,decimal,NULL,18,3,YES,NULL
dbo,TitrationTrack,ClaimDaysSupply,13,bigint,NULL,19,0,YES,NULL
dbo,TitrationTrack,ClaimNDC,14,decimal,NULL,11,0,YES,NULL
dbo,TitrationTrack,RulesBreached,15,char,1,NULL,NULL,YES,NULL
dbo,TitrationTrack,TitrationType,16,char,1,NULL,NULL,YES,NULL
dbo,TitrationTrack,DaysBetweenMin,17,int,NULL,10,0,YES,NULL
dbo,TitrationTrack,DaysBetweenMax,18,int,NULL,10,0,YES,NULL
dbo,TitrationTrack,AddID,19,varchar,15,NULL,NULL,YES,NULL
dbo,TitrationTrack,ChangeID,20,varchar,15,NULL,NULL,YES,NULL
dbo,TitrationTrack,AddDate,21,datetime,NULL,NULL,NULL,YES,NULL
dbo,TitrationTrack,ChangeDate,22,datetime,NULL,NULL,NULL,YES,NULL
dbo,TitrationTrack,WarehouseLoadDate,23,datetime,NULL,NULL,NULL,YES,NULL
dbo,TitrationTrack,WarehouseChangeDate,24,datetime,NULL,NULL,NULL,YES,NULL
dbo,tmp_Aultcare6125,DRUG_DATA_GPI,1,varchar,14,NULL,NULL,YES,NULL
dbo,tmp_Aultcare6125,GPI,2,varchar,14,NULL,NULL,YES,NULL
dbo,tmp_Aultcare6125,PROD_ABBR,3,varchar,-1,NULL,NULL,YES,NULL
dbo,tmp_Aultcare6125,GENERIC_CODE,4,varchar,5,NULL,NULL,YES,NULL
dbo,tmp_Aultcare6125,STATUS_CODE,5,varchar,5,NULL,NULL,YES,NULL
dbo,tmp_Aultcare6125,COPAY_SCHEDULE_TYPE,6,varchar,10,NULL,NULL,YES,NULL
dbo,tmp_Aultcare6125,EFFECTIVE_DATE,7,datetime,NULL,NULL,NULL,YES,NULL
dbo,tmp_Aultcare6125,TERM_DATE,8,datetime,NULL,NULL,NULL,YES,NULL
dbo,URX_SUPPLY_LIST_JUN_2011,NDC,1,float,NULL,53,NULL,YES,NULL
dbo,URX_SUPPLY_LIST_JUN_2011,Brand/Generic,2,nvarchar,255,NULL,NULL,YES,NULL
dbo,URX_SUPPLY_LIST_JUN_2011,AWP,3,nvarchar,255,NULL,NULL,YES,NULL
dbo,URX_SUPPLY_LIST_JUN_2011,Mac Price,4,nvarchar,255,NULL,NULL,YES,NULL
dbo,URXS_BROKER_COMMISSIONS_RATE,BROKER_ID_NUMBER,1,uniqueidentifier,NULL,NULL,NULL,YES,NULL
dbo,URXS_BROKER_COMMISSIONS_RATE,BROKER_GROUP_NAME,2,varchar,200,NULL,NULL,YES,NULL
dbo,URXS_BROKER_COMMISSIONS_RATE,BROKER_USER_NAME,3,varchar,50,NULL,NULL,YES,NULL
dbo,URXS_BROKER_COMMISSIONS_RATE,PHONE_NUMBER,4,char,20,NULL,NULL,YES,NULL
dbo,URXS_BROKER_COMMISSIONS_RATE,ALT_GROUP_NUMBER,5,char,12,NULL,NULL,YES,NULL
dbo,URXS_BROKER_COMMISSIONS_RATE,GROUP_NAME,6,char,60,NULL,NULL,YES,NULL
dbo,URXS_BROKER_COMMISSIONS_RATE,RATE,7,decimal,NULL,12,3,YES,NULL
dbo,URXS_BROKER_COMMISSIONS_RATE,REPORT_DISPLAY_NAME,8,varchar,100,NULL,NULL,YES,NULL
dbo,URXS_BROKER_RATES,BROKER,1,nvarchar,255,NULL,NULL,YES,NULL
dbo,URXS_BROKER_RATES,REPORT_DISPLAY_NAME,2,nvarchar,255,NULL,NULL,YES,NULL
dbo,URXS_BROKER_RATES,RATE,3,float,NULL,53,NULL,YES,NULL
dbo,URXS_BROKER_RATES,F4,4,nvarchar,255,NULL,NULL,YES,NULL
dbo,URXS_BROKER_RATES,BROKER1,5,nvarchar,255,NULL,NULL,YES,NULL
dbo,URXS_BROKER_RATES,REPORT_DISPLAY_NAME1,6,nvarchar,255,NULL,NULL,YES,NULL
dbo,URXS_BROKER_RATES,RATE1,7,float,NULL,53,NULL,YES,NULL
dbo,URXS_BROKER_RATES_bkup8182014,BROKER,1,nvarchar,255,NULL,NULL,YES,NULL
dbo,URXS_BROKER_RATES_bkup8182014,REPORT_DISPLAY_NAME,2,nvarchar,255,NULL,NULL,YES,NULL
dbo,URXS_BROKER_RATES_bkup8182014,RATE,3,float,NULL,53,NULL,YES,NULL
dbo,URXS_DURBIN_NDC_PRICE_LIST,NDC,1,decimal,NULL,11,0,YES,NULL
dbo,URXS_DURBIN_NDC_PRICE_LIST,DRUG_ABBR,2,varchar,50,NULL,NULL,YES,NULL
dbo,URXS_HEADERS_CHAIN_CODE,CHAIN_KEY,1,float,NULL,53,NULL,YES,NULL
dbo,URXS_HEADERS_CHAIN_CODE,EFT,2,decimal,NULL,8,2,YES,NULL
dbo,URXS_HEADERS_CHAIN_CODE,CHAIN_CODE,3,float,NULL,53,NULL,YES,NULL
dbo,URXS_HEADERS_CHAIN_CODE,HEADER_ON_INVOICE,4,nvarchar,255,NULL,NULL,YES,NULL
dbo,URXSDiscountCardRates,NetworkNumber,1,int,NULL,10,0,YES,NULL
dbo,URXSDiscountCardRates,ChainNumber,2,int,NULL,10,0,YES,NULL
dbo,URXSDiscountCardRates,Name,3,varchar,100,NULL,NULL,YES,NULL
dbo,URXSDiscountCardRates,FlatRate,4,decimal,NULL,18,2,YES,NULL
dbo,URXSDiscountCardRates,ProcessingFeetoPDMI,5,decimal,NULL,18,2,YES,NULL
dbo,URXSDiscountCardRates,ProcessingFeetoURX,6,decimal,NULL,18,2,YES,NULL
dbo,URXSDiscountCardRates,EffectiveDate,7,date,NULL,NULL,NULL,YES,NULL
dbo,URXSDiscountCardRates,TermDate,8,date,NULL,NULL,NULL,YES,NULL
dbo,VerifyRxBinPCN,BinNbr,1,varchar,6,NULL,NULL,NO,NULL
dbo,VerifyRxBinPCN,PCNNumber,2,varchar,10,NULL,NULL,NO,NULL
dbo,VerifyRxBinPCN,ConfigName,3,varchar,55,NULL,NULL,YES,NULL
dbo,VerifyRxBinPCN,ConfigDesc,4,varchar,150,NULL,NULL,YES,NULL
dbo,VerifyRxBinPCN,PayerType,5,varchar,15,NULL,NULL,YES,NULL
dbo,VerifyRxBinPCN,EffDate,6,datetime,NULL,NULL,NULL,YES,NULL
dbo,VerifyRxBinPCN,TermDate,7,datetime,NULL,NULL,NULL,YES,NULL
dbo,VerifyRxBinPCN,AddDate,8,datetime,NULL,NULL,NULL,YES,NULL
dbo,VerifyRxBinPCN,UpdateDate,9,datetime,NULL,NULL,NULL,YES,NULL
dbo,VerifyRxBinPCN,UserID,10,varchar,50,NULL,NULL,YES,NULL
dbo,VerifyRxBinPCN,WarehouseLoadDate,11,datetime,NULL,NULL,NULL,YES,NULL
dbo,VerifyRxBinPCN,WarehouseChangeDate,12,datetime,NULL,NULL,NULL,YES,NULL
dbo,VerifyRxConfig,SystemNbr,1,int,NULL,10,0,NO,NULL
dbo,VerifyRxConfig,Sponsor,2,int,NULL,10,0,NO,NULL
dbo,VerifyRxConfig,GroupNbr,3,bigint,NULL,19,0,NO,NULL
dbo,VerifyRxConfig,EffDate,4,datetime,NULL,NULL,NULL,NO,NULL
dbo,VerifyRxConfig,TermDate,5,datetime,NULL,NULL,NULL,YES,NULL
dbo,VerifyRxConfig,ConfigName,6,varchar,55,NULL,NULL,YES,NULL
dbo,VerifyRxConfig,Option1,7,varchar,10,NULL,NULL,YES,NULL
dbo,VerifyRxConfig,Action1,8,varchar,4,NULL,NULL,YES,NULL
dbo,VerifyRxConfig,Option2,9,varchar,10,NULL,NULL,YES,NULL
dbo,VerifyRxConfig,Action2,10,varchar,4,NULL,NULL,YES,NULL
dbo,VerifyRxConfig,Option3,11,varchar,10,NULL,NULL,YES,NULL
dbo,VerifyRxConfig,Action3,12,varchar,4,NULL,NULL,YES,NULL
dbo,VerifyRxConfig,Option4,13,varchar,10,NULL,NULL,YES,NULL
dbo,VerifyRxConfig,Action4,14,varchar,4,NULL,NULL,YES,NULL
dbo,VerifyRxConfig,Option5,15,varchar,10,NULL,NULL,YES,NULL
dbo,VerifyRxConfig,Action5,16,varchar,4,NULL,NULL,YES,NULL
dbo,VerifyRxConfig,Option6,17,varchar,10,NULL,NULL,YES,NULL
dbo,VerifyRxConfig,Action6,18,varchar,4,NULL,NULL,YES,NULL
dbo,VerifyRxConfig,AddDate,19,datetime,NULL,NULL,NULL,YES,NULL
dbo,VerifyRxConfig,UpdateDate,20,datetime,NULL,NULL,NULL,YES,NULL
dbo,VerifyRxConfig,UserID,21,varchar,50,NULL,NULL,YES,NULL
dbo,VerifyRxConfig,WarehouseLoadDate,22,datetime,NULL,NULL,NULL,YES,NULL
dbo,VerifyRxConfig,WarehouseChangeDate,23,datetime,NULL,NULL,NULL,YES,NULL
dbo,VeritasLTC,Record Code,1,varchar,255,NULL,NULL,YES,NULL
dbo,VeritasLTC,Carrier,2,varchar,255,NULL,NULL,YES,NULL
dbo,VeritasLTC,Contract,3,varchar,255,NULL,NULL,YES,NULL
dbo,VeritasLTC,Group,4,varchar,255,NULL,NULL,YES,NULL
dbo,VeritasLTC,Product/Service ID,5,varchar,255,NULL,NULL,YES,NULL
dbo,VeritasLTC,Product/Service ID Qualifier,6,varchar,255,NULL,NULL,YES,NULL
dbo,VeritasLTC,Quantity Dispensed,7,varchar,255,NULL,NULL,YES,NULL
dbo,VeritasLTC,Date of Service,8,varchar,255,NULL,NULL,YES,NULL
dbo,VeritasLTC,Pharmacy Number,9,varchar,255,NULL,NULL,YES,NULL
dbo,VeritasLTC,Service Provider ID Qualifier,10,varchar,255,NULL,NULL,YES,NULL
dbo,VeritasLTC,Prescription/RX Number,11,varchar,255,NULL,NULL,YES,NULL
dbo,VeritasLTC,Fill Number,12,varchar,255,NULL,NULL,YES,NULL
dbo,VeritasLTC,Member State,13,varchar,255,NULL,NULL,YES,NULL
dbo,VeritasLTC,Claim Indicator,14,varchar,255,NULL,NULL,YES,NULL
dbo,VeritasLTC,Adjustment Reason Code,15,varchar,255,NULL,NULL,YES,NULL
dbo,VeritasLTC,Claim Type,16,varchar,255,NULL,NULL,YES,NULL
dbo,VeritasLTC,Days Supply,17,varchar,255,NULL,NULL,YES,NULL
dbo,VeritasLTC,Submission Clarification Code,18,varchar,255,NULL,NULL,YES,NULL
dbo,VeritasLTC,Mail/Retail Code,19,varchar,255,NULL,NULL,YES,NULL
dbo,VeritasLTC,Other Coverage code,20,varchar,255,NULL,NULL,YES,NULL
dbo,VeritasLTC,Unit of Measure,21,varchar,255,NULL,NULL,YES,NULL
dbo,VeritasLTC,Member Number,22,varchar,255,NULL,NULL,YES,NULL
dbo,VeritasLTC,Relationship Code,23,varchar,255,NULL,NULL,YES,NULL
dbo,VeritasLTC,Patient Birth Date,24,varchar,255,NULL,NULL,YES,NULL
dbo,VeritasLTC,Patient First Name,25,varchar,255,NULL,NULL,YES,NULL
dbo,VeritasLTC,Patient Gender Code,26,varchar,255,NULL,NULL,YES,NULL
dbo,VeritasLTC,Person Number,27,varchar,255,NULL,NULL,YES,NULL
dbo,VeritasLTC,Unit AWP,28,varchar,255,NULL,NULL,YES,NULL
dbo,VeritasLTC,Total AWP,29,varchar,255,NULL,NULL,YES,NULL
dbo,VeritasLTC,Ingredient Cost,30,varchar,255,NULL,NULL,YES,NULL
dbo,VeritasLTC,Dispensing Fee,31,varchar,255,NULL,NULL,YES,NULL
dbo,VeritasLTC,Total Patient Pay Amount,32,varchar,255,NULL,NULL,YES,NULL
dbo,VeritasLTC,Tax,33,varchar,255,NULL,NULL,YES,NULL
dbo,VeritasLTC,DAW,34,varchar,255,NULL,NULL,YES,NULL
dbo,VeritasLTC,Net Check Amount,35,varchar,255,NULL,NULL,YES,NULL
dbo,VeritasLTC,Deduct Applied,36,varchar,255,NULL,NULL,YES,NULL
dbo,VeritasLTC,Prescriber ID Number,37,varchar,255,NULL,NULL,YES,NULL
dbo,VeritasLTC,Prescriber ID Qualifier,38,varchar,255,NULL,NULL,YES,NULL
dbo,VeritasLTC,Formulary Indicator,39,varchar,255,NULL,NULL,YES,NULL
dbo,VeritasLTC,Copay,40,varchar,255,NULL,NULL,YES,NULL
dbo,VeritasLTC,Compound Type,41,varchar,255,NULL,NULL,YES,NULL
dbo,VeritasLTC,Line of Business Indicator,42,varchar,255,NULL,NULL,YES,NULL
dbo,VeritasLTC,Facility Nbr Payer Type Nbr,43,varchar,255,NULL,NULL,YES,NULL
dbo,VeritasLTC,Pharmacy Name,44,varchar,255,NULL,NULL,YES,NULL
dbo,VeritasLTC,Sponsor Number,45,varchar,255,NULL,NULL,YES,NULL
dbo,VeritasLTC,Date Received,46,varchar,255,NULL,NULL,YES,NULL
dbo,VeritasLTC,Copay Differential,47,varchar,255,NULL,NULL,YES,NULL
dbo,VeritasLTC,MAC Identifier,48,varchar,255,NULL,NULL,YES,NULL
dbo,VeritasLTC,Medicaid Indicator,49,varchar,255,NULL,NULL,YES,NULL
dbo,VeritasLTC,YearQtr,50,int,NULL,10,0,YES,NULL
dbo,VeritasLTC,ClaimKey,51,char,14,NULL,NULL,YES,NULL
dbo,VeritasLTC2_hold02042015,Record Code,1,varchar,255,NULL,NULL,YES,NULL
dbo,VeritasLTC2_hold02042015,Carrier,2,varchar,255,NULL,NULL,YES,NULL
dbo,VeritasLTC2_hold02042015,Contract,3,varchar,255,NULL,NULL,YES,NULL
dbo,VeritasLTC2_hold02042015,Group,4,varchar,255,NULL,NULL,YES,NULL
dbo,VeritasLTC2_hold02042015,Product/Service ID,5,varchar,255,NULL,NULL,YES,NULL
dbo,VeritasLTC2_hold02042015,Product/Service ID Qualifier,6,varchar,255,NULL,NULL,YES,NULL
dbo,VeritasLTC2_hold02042015,Quantity Dispensed,7,varchar,255,NULL,NULL,YES,NULL
dbo,VeritasLTC2_hold02042015,Date of  Service,8,varchar,255,NULL,NULL,YES,NULL
dbo,VeritasLTC2_hold02042015,Pharmacy Number,9,varchar,255,NULL,NULL,YES,NULL
dbo,VeritasLTC2_hold02042015,Service Provider ID Qualifier,10,varchar,255,NULL,NULL,YES,NULL
dbo,VeritasLTC2_hold02042015,Prescription/RX Number,11,varchar,255,NULL,NULL,YES,NULL
dbo,VeritasLTC2_hold02042015,Fill Number,12,varchar,255,NULL,NULL,YES,NULL
dbo,VeritasLTC2_hold02042015,Member State,13,varchar,255,NULL,NULL,YES,NULL
dbo,VeritasLTC2_hold02042015,Claim Indicator,14,varchar,255,NULL,NULL,YES,NULL
dbo,VeritasLTC2_hold02042015,Adjustment Reason Code,15,varchar,255,NULL,NULL,YES,NULL
dbo,VeritasLTC2_hold02042015,Claim Type,16,varchar,255,NULL,NULL,YES,NULL
dbo,VeritasLTC2_hold02042015,Days Supply,17,varchar,255,NULL,NULL,YES,NULL
dbo,VeritasLTC2_hold02042015,Submission Clarification Code,18,varchar,255,NULL,NULL,YES,NULL
dbo,VeritasLTC2_hold02042015,Mail/Retail Code,19,varchar,255,NULL,NULL,YES,NULL
dbo,VeritasLTC2_hold02042015,Other Coverage code,20,varchar,255,NULL,NULL,YES,NULL
dbo,VeritasLTC2_hold02042015,Unit of Measure,21,varchar,255,NULL,NULL,YES,NULL
dbo,VeritasLTC2_hold02042015,Member Number,22,varchar,255,NULL,NULL,YES,NULL
dbo,VeritasLTC2_hold02042015,Relationship Code,23,varchar,255,NULL,NULL,YES,NULL
dbo,VeritasLTC2_hold02042015,Patient Birth Date,24,varchar,255,NULL,NULL,YES,NULL
dbo,VeritasLTC2_hold02042015,Patient First Name,25,varchar,255,NULL,NULL,YES,NULL
dbo,VeritasLTC2_hold02042015,Patient Gender Code,26,varchar,255,NULL,NULL,YES,NULL
dbo,VeritasLTC2_hold02042015,Person Number,27,varchar,255,NULL,NULL,YES,NULL
dbo,VeritasLTC2_hold02042015,Unit AWP,28,varchar,255,NULL,NULL,YES,NULL
dbo,VeritasLTC2_hold02042015,Total AWP,29,varchar,255,NULL,NULL,YES,NULL
dbo,VeritasLTC2_hold02042015,Ingredient Cost,30,varchar,255,NULL,NULL,YES,NULL
dbo,VeritasLTC2_hold02042015,Dispensing Fee,31,varchar,255,NULL,NULL,YES,NULL
dbo,VeritasLTC2_hold02042015,Total Patient Pay Amount,32,varchar,255,NULL,NULL,YES,NULL
dbo,VeritasLTC2_hold02042015,Tax,33,varchar,255,NULL,NULL,YES,NULL
dbo,VeritasLTC2_hold02042015,DAW,34,varchar,255,NULL,NULL,YES,NULL
dbo,VeritasLTC2_hold02042015,Net Check Amount,35,varchar,255,NULL,NULL,YES,NULL
dbo,VeritasLTC2_hold02042015,Deduct Applied,36,varchar,255,NULL,NULL,YES,NULL
dbo,VeritasLTC2_hold02042015,Prescriber ID Number,37,varchar,255,NULL,NULL,YES,NULL
dbo,VeritasLTC2_hold02042015,Prescriber ID Qualifier,38,varchar,255,NULL,NULL,YES,NULL
dbo,VeritasLTC2_hold02042015,Formulary Indicator,39,varchar,255,NULL,NULL,YES,NULL
dbo,VeritasLTC2_hold02042015,Copay,40,varchar,255,NULL,NULL,YES,NULL
dbo,VeritasLTC2_hold02042015,Compound Type,41,varchar,255,NULL,NULL,YES,NULL
dbo,VeritasLTC2_hold02042015,Line of Business Indicator,42,varchar,255,NULL,NULL,YES,NULL
dbo,VeritasLTC2_hold02042015,Facility Nbr Payer Type Nbr,43,varchar,255,NULL,NULL,YES,NULL
dbo,VeritasLTC2_hold02042015,Pharmacy Name,44,varchar,255,NULL,NULL,YES,NULL
dbo,VeritasLTC2_hold02042015,Sponsor Number,45,varchar,255,NULL,NULL,YES,NULL
dbo,VeritasLTC2_hold02042015,Date Received,46,varchar,255,NULL,NULL,YES,NULL
dbo,VeritasLTC2_hold02042015,Copay Differential,47,varchar,255,NULL,NULL,YES,NULL
dbo,VeritasLTC2_hold02042015,MAC Identifier,48,varchar,255,NULL,NULL,YES,NULL
dbo,VeritasLTC2_hold02042015,Medicaid Indicator,49,varchar,255,NULL,NULL,YES,NULL
dbo,VeritasLTC2_hold02052015,Record Code,1,varchar,255,NULL,NULL,YES,NULL
dbo,VeritasLTC2_hold02052015,Carrier,2,varchar,255,NULL,NULL,YES,NULL
dbo,VeritasLTC2_hold02052015,Contract,3,varchar,255,NULL,NULL,YES,NULL
dbo,VeritasLTC2_hold02052015,Group,4,varchar,255,NULL,NULL,YES,NULL
dbo,VeritasLTC2_hold02052015,Product/Service ID,5,varchar,255,NULL,NULL,YES,NULL
dbo,VeritasLTC2_hold02052015,Product/Service ID Qualifier,6,varchar,255,NULL,NULL,YES,NULL
dbo,VeritasLTC2_hold02052015,Quantity Dispensed,7,varchar,255,NULL,NULL,YES,NULL
dbo,VeritasLTC2_hold02052015,Date of  Service,8,varchar,255,NULL,NULL,YES,NULL
dbo,VeritasLTC2_hold02052015,Pharmacy Number,9,varchar,255,NULL,NULL,YES,NULL
dbo,VeritasLTC2_hold02052015,Service Provider ID Qualifier,10,varchar,255,NULL,NULL,YES,NULL
dbo,VeritasLTC2_hold02052015,Prescription/RX Number,11,varchar,255,NULL,NULL,YES,NULL
dbo,VeritasLTC2_hold02052015,Fill Number,12,varchar,255,NULL,NULL,YES,NULL
dbo,VeritasLTC2_hold02052015,Member State,13,varchar,255,NULL,NULL,YES,NULL
dbo,VeritasLTC2_hold02052015,Claim Indicator,14,varchar,255,NULL,NULL,YES,NULL
dbo,VeritasLTC2_hold02052015,Adjustment Reason Code,15,varchar,255,NULL,NULL,YES,NULL
dbo,VeritasLTC2_hold02052015,Claim Type,16,varchar,255,NULL,NULL,YES,NULL
dbo,VeritasLTC2_hold02052015,Days Supply,17,varchar,255,NULL,NULL,YES,NULL
dbo,VeritasLTC2_hold02052015,Submission Clarification Code,18,varchar,255,NULL,NULL,YES,NULL
dbo,VeritasLTC2_hold02052015,Mail/Retail Code,19,varchar,255,NULL,NULL,YES,NULL
dbo,VeritasLTC2_hold02052015,Other Coverage code,20,varchar,255,NULL,NULL,YES,NULL
dbo,VeritasLTC2_hold02052015,Unit of Measure,21,varchar,255,NULL,NULL,YES,NULL
dbo,VeritasLTC2_hold02052015,Member Number,22,varchar,255,NULL,NULL,YES,NULL
dbo,VeritasLTC2_hold02052015,Relationship Code,23,varchar,255,NULL,NULL,YES,NULL
dbo,VeritasLTC2_hold02052015,Patient Birth Date,24,varchar,255,NULL,NULL,YES,NULL
dbo,VeritasLTC2_hold02052015,Patient First Name,25,varchar,255,NULL,NULL,YES,NULL
dbo,VeritasLTC2_hold02052015,Patient Gender Code,26,varchar,255,NULL,NULL,YES,NULL
dbo,VeritasLTC2_hold02052015,Person Number,27,varchar,255,NULL,NULL,YES,NULL
dbo,VeritasLTC2_hold02052015,Unit AWP,28,varchar,255,NULL,NULL,YES,NULL
dbo,VeritasLTC2_hold02052015,Total AWP,29,varchar,255,NULL,NULL,YES,NULL
dbo,VeritasLTC2_hold02052015,Ingredient Cost,30,varchar,255,NULL,NULL,YES,NULL
dbo,VeritasLTC2_hold02052015,Dispensing Fee,31,varchar,255,NULL,NULL,YES,NULL
dbo,VeritasLTC2_hold02052015,Total Patient Pay Amount,32,varchar,255,NULL,NULL,YES,NULL
dbo,VeritasLTC2_hold02052015,Tax,33,varchar,255,NULL,NULL,YES,NULL
dbo,VeritasLTC2_hold02052015,DAW,34,varchar,255,NULL,NULL,YES,NULL
dbo,VeritasLTC2_hold02052015,Net Check Amount,35,varchar,255,NULL,NULL,YES,NULL
dbo,VeritasLTC2_hold02052015,Deduct Applied,36,varchar,255,NULL,NULL,YES,NULL
dbo,VeritasLTC2_hold02052015,Prescriber ID Number,37,varchar,255,NULL,NULL,YES,NULL
dbo,VeritasLTC2_hold02052015,Prescriber ID Qualifier,38,varchar,255,NULL,NULL,YES,NULL
dbo,VeritasLTC2_hold02052015,Formulary Indicator,39,varchar,255,NULL,NULL,YES,NULL
dbo,VeritasLTC2_hold02052015,Copay,40,varchar,255,NULL,NULL,YES,NULL
dbo,VeritasLTC2_hold02052015,Compound Type,41,varchar,255,NULL,NULL,YES,NULL
dbo,VeritasLTC2_hold02052015,Line of Business Indicator,42,varchar,255,NULL,NULL,YES,NULL
dbo,VeritasLTC2_hold02052015,Facility Nbr Payer Type Nbr,43,varchar,255,NULL,NULL,YES,NULL
dbo,VeritasLTC2_hold02052015,Pharmacy Name,44,varchar,255,NULL,NULL,YES,NULL
dbo,VeritasLTC2_hold02052015,Sponsor Number,45,varchar,255,NULL,NULL,YES,NULL
dbo,VeritasLTC2_hold02052015,Date Received,46,varchar,255,NULL,NULL,YES,NULL
dbo,VeritasLTC2_hold02052015,Copay Differential,47,varchar,255,NULL,NULL,YES,NULL
dbo,VeritasLTC2_hold02052015,MAC Identifier,48,varchar,255,NULL,NULL,YES,NULL
dbo,VeritasLTC2_hold02052015,Medicaid Indicator,49,varchar,255,NULL,NULL,YES,NULL
dbo,VeritasLTC2_hold10172014,Record Code,1,varchar,255,NULL,NULL,YES,NULL
dbo,VeritasLTC2_hold10172014,Carrier,2,varchar,255,NULL,NULL,YES,NULL
dbo,VeritasLTC2_hold10172014,Contract,3,varchar,255,NULL,NULL,YES,NULL
dbo,VeritasLTC2_hold10172014,Group,4,varchar,255,NULL,NULL,YES,NULL
dbo,VeritasLTC2_hold10172014,Product/Service ID,5,varchar,255,NULL,NULL,YES,NULL
dbo,VeritasLTC2_hold10172014,Product/Service ID Qualifier,6,varchar,255,NULL,NULL,YES,NULL
dbo,VeritasLTC2_hold10172014,Quantity Dispensed,7,varchar,255,NULL,NULL,YES,NULL
dbo,VeritasLTC2_hold10172014,Date of  Service,8,varchar,255,NULL,NULL,YES,NULL
dbo,VeritasLTC2_hold10172014,Pharmacy Number,9,varchar,255,NULL,NULL,YES,NULL
dbo,VeritasLTC2_hold10172014,Service Provider ID Qualifier,10,varchar,255,NULL,NULL,YES,NULL
dbo,VeritasLTC2_hold10172014,Prescription/RX Number,11,varchar,255,NULL,NULL,YES,NULL
dbo,VeritasLTC2_hold10172014,Fill Number,12,varchar,255,NULL,NULL,YES,NULL
dbo,VeritasLTC2_hold10172014,Member State,13,varchar,255,NULL,NULL,YES,NULL
dbo,VeritasLTC2_hold10172014,Claim Indicator,14,varchar,255,NULL,NULL,YES,NULL
dbo,VeritasLTC2_hold10172014,Adjustment Reason Code,15,varchar,255,NULL,NULL,YES,NULL
dbo,VeritasLTC2_hold10172014,Claim Type,16,varchar,255,NULL,NULL,YES,NULL
dbo,VeritasLTC2_hold10172014,Days Supply,17,varchar,255,NULL,NULL,YES,NULL
dbo,VeritasLTC2_hold10172014,Submission Clarification Code,18,varchar,255,NULL,NULL,YES,NULL
dbo,VeritasLTC2_hold10172014,Mail/Retail Code,19,varchar,255,NULL,NULL,YES,NULL
dbo,VeritasLTC2_hold10172014,Other Coverage code,20,varchar,255,NULL,NULL,YES,NULL
dbo,VeritasLTC2_hold10172014,Unit of Measure,21,varchar,255,NULL,NULL,YES,NULL
dbo,VeritasLTC2_hold10172014,Member Number,22,varchar,255,NULL,NULL,YES,NULL
dbo,VeritasLTC2_hold10172014,Relationship Code,23,varchar,255,NULL,NULL,YES,NULL
dbo,VeritasLTC2_hold10172014,Patient Birth Date,24,varchar,255,NULL,NULL,YES,NULL
dbo,VeritasLTC2_hold10172014,Patient First Name,25,varchar,255,NULL,NULL,YES,NULL
dbo,VeritasLTC2_hold10172014,Patient Gender Code,26,varchar,255,NULL,NULL,YES,NULL
dbo,VeritasLTC2_hold10172014,Person Number,27,varchar,255,NULL,NULL,YES,NULL
dbo,VeritasLTC2_hold10172014,Unit AWP,28,varchar,255,NULL,NULL,YES,NULL
dbo,VeritasLTC2_hold10172014,Total AWP,29,varchar,255,NULL,NULL,YES,NULL
dbo,VeritasLTC2_hold10172014,Ingredient Cost,30,varchar,255,NULL,NULL,YES,NULL
dbo,VeritasLTC2_hold10172014,Dispensing Fee,31,varchar,255,NULL,NULL,YES,NULL
dbo,VeritasLTC2_hold10172014,Total Patient Pay Amount,32,varchar,255,NULL,NULL,YES,NULL
dbo,VeritasLTC2_hold10172014,Tax,33,varchar,255,NULL,NULL,YES,NULL
dbo,VeritasLTC2_hold10172014,DAW,34,varchar,255,NULL,NULL,YES,NULL
dbo,VeritasLTC2_hold10172014,Net Check Amount,35,varchar,255,NULL,NULL,YES,NULL
dbo,VeritasLTC2_hold10172014,Deduct Applied,36,varchar,255,NULL,NULL,YES,NULL
dbo,VeritasLTC2_hold10172014,Prescriber ID Number,37,varchar,255,NULL,NULL,YES,NULL
dbo,VeritasLTC2_hold10172014,Prescriber ID Qualifier,38,varchar,255,NULL,NULL,YES,NULL
dbo,VeritasLTC2_hold10172014,Formulary Indicator,39,varchar,255,NULL,NULL,YES,NULL
dbo,VeritasLTC2_hold10172014,Copay,40,varchar,255,NULL,NULL,YES,NULL
dbo,VeritasLTC2_hold10172014,Compound Type,41,varchar,255,NULL,NULL,YES,NULL
dbo,VeritasLTC2_hold10172014,Line of Business Indicator,42,varchar,255,NULL,NULL,YES,NULL
dbo,VeritasLTC2_hold10172014,Facility Nbr Payer Type Nbr,43,varchar,255,NULL,NULL,YES,NULL
dbo,VeritasLTC2_hold10172014,Pharmacy Name,44,varchar,255,NULL,NULL,YES,NULL
dbo,VeritasLTC2_hold10172014,Sponsor Number,45,varchar,255,NULL,NULL,YES,NULL
dbo,VeritasLTC2_hold10172014,Date Received,46,varchar,255,NULL,NULL,YES,NULL
dbo,VeritasLTC2_hold10172014,Copay Differential,47,varchar,255,NULL,NULL,YES,NULL
dbo,VeritasLTC2_hold10172014,MAC Identifier,48,varchar,255,NULL,NULL,YES,NULL
dbo,VeritasLTC2_hold10172014,Medicaid Indicator,49,varchar,255,NULL,NULL,YES,NULL
dbo,VeritasLTC2-HOLD,Record Code,1,varchar,255,NULL,NULL,YES,NULL
dbo,VeritasLTC2-HOLD,Carrier,2,varchar,255,NULL,NULL,YES,NULL
dbo,VeritasLTC2-HOLD,Contract,3,varchar,255,NULL,NULL,YES,NULL
dbo,VeritasLTC2-HOLD,Group,4,varchar,255,NULL,NULL,YES,NULL
dbo,VeritasLTC2-HOLD,Product/Service ID,5,varchar,255,NULL,NULL,YES,NULL
dbo,VeritasLTC2-HOLD,Product/Service ID Qualifier,6,varchar,255,NULL,NULL,YES,NULL
dbo,VeritasLTC2-HOLD,Quantity Dispensed,7,varchar,255,NULL,NULL,YES,NULL
dbo,VeritasLTC2-HOLD,Date of  Service,8,varchar,255,NULL,NULL,YES,NULL
dbo,VeritasLTC2-HOLD,Pharmacy Number,9,varchar,255,NULL,NULL,YES,NULL
dbo,VeritasLTC2-HOLD,Service Provider ID Qualifier,10,varchar,255,NULL,NULL,YES,NULL
dbo,VeritasLTC2-HOLD,Prescription/RX Number,11,varchar,255,NULL,NULL,YES,NULL
dbo,VeritasLTC2-HOLD,Fill Number,12,varchar,255,NULL,NULL,YES,NULL
dbo,VeritasLTC2-HOLD,Member State,13,varchar,255,NULL,NULL,YES,NULL
dbo,VeritasLTC2-HOLD,Claim Indicator,14,varchar,255,NULL,NULL,YES,NULL
dbo,VeritasLTC2-HOLD,Adjustment Reason Code,15,varchar,255,NULL,NULL,YES,NULL
dbo,VeritasLTC2-HOLD,Claim Type,16,varchar,255,NULL,NULL,YES,NULL
dbo,VeritasLTC2-HOLD,Days Supply,17,varchar,255,NULL,NULL,YES,NULL
dbo,VeritasLTC2-HOLD,Submission Clarification Code,18,varchar,255,NULL,NULL,YES,NULL
dbo,VeritasLTC2-HOLD,Mail/Retail Code,19,varchar,255,NULL,NULL,YES,NULL
dbo,VeritasLTC2-HOLD,Other Coverage code,20,varchar,255,NULL,NULL,YES,NULL
dbo,VeritasLTC2-HOLD,Unit of Measure,21,varchar,255,NULL,NULL,YES,NULL
dbo,VeritasLTC2-HOLD,Member Number,22,varchar,255,NULL,NULL,YES,NULL
dbo,VeritasLTC2-HOLD,Relationship Code,23,varchar,255,NULL,NULL,YES,NULL
dbo,VeritasLTC2-HOLD,Patient Birth Date,24,varchar,255,NULL,NULL,YES,NULL
dbo,VeritasLTC2-HOLD,Patient First Name,25,varchar,255,NULL,NULL,YES,NULL
dbo,VeritasLTC2-HOLD,Patient Gender Code,26,varchar,255,NULL,NULL,YES,NULL
dbo,VeritasLTC2-HOLD,Person Number,27,varchar,255,NULL,NULL,YES,NULL
dbo,VeritasLTC2-HOLD,Unit AWP,28,varchar,255,NULL,NULL,YES,NULL
dbo,VeritasLTC2-HOLD,Total AWP,29,varchar,255,NULL,NULL,YES,NULL
dbo,VeritasLTC2-HOLD,Ingredient Cost,30,varchar,255,NULL,NULL,YES,NULL
dbo,VeritasLTC2-HOLD,Dispensing Fee,31,varchar,255,NULL,NULL,YES,NULL
dbo,VeritasLTC2-HOLD,Total Patient Pay Amount,32,varchar,255,NULL,NULL,YES,NULL
dbo,VeritasLTC2-HOLD,Tax,33,varchar,255,NULL,NULL,YES,NULL
dbo,VeritasLTC2-HOLD,DAW,34,varchar,255,NULL,NULL,YES,NULL
dbo,VeritasLTC2-HOLD,Net Check Amount,35,varchar,255,NULL,NULL,YES,NULL
dbo,VeritasLTC2-HOLD,Deduct Applied,36,varchar,255,NULL,NULL,YES,NULL
dbo,VeritasLTC2-HOLD,Prescriber ID Number,37,varchar,255,NULL,NULL,YES,NULL
dbo,VeritasLTC2-HOLD,Prescriber ID Qualifier,38,varchar,255,NULL,NULL,YES,NULL
dbo,VeritasLTC2-HOLD,Formulary Indicator,39,varchar,255,NULL,NULL,YES,NULL
dbo,VeritasLTC2-HOLD,Copay,40,varchar,255,NULL,NULL,YES,NULL
dbo,VeritasLTC2-HOLD,Compound Type,41,varchar,255,NULL,NULL,YES,NULL
dbo,VeritasLTC2-HOLD,Line of Business Indicator,42,varchar,255,NULL,NULL,YES,NULL
dbo,VeritasLTC2-HOLD,Facility Nbr Payer Type Nbr,43,varchar,255,NULL,NULL,YES,NULL
dbo,VeritasLTC2-HOLD,Pharmacy Name,44,varchar,255,NULL,NULL,YES,NULL
dbo,VeritasLTC2-HOLD,Sponsor Number,45,varchar,255,NULL,NULL,YES,NULL
dbo,WAREHOUSE_AUDIT_CUBE21,Year,1,varchar,50,NULL,NULL,YES,NULL
dbo,WAREHOUSE_AUDIT_CUBE21,Quarter,2,varchar,50,NULL,NULL,YES,NULL
dbo,WAREHOUSE_AUDIT_CUBE21,Month,3,varchar,50,NULL,NULL,YES,NULL
dbo,WAREHOUSE_AUDIT_CUBE21,Week,4,varchar,50,NULL,NULL,YES,NULL
dbo,WAREHOUSE_AUDIT_CUBE21,Date,5,varchar,50,NULL,NULL,YES,NULL
dbo,WAREHOUSE_AUDIT_CUBE21,Claims,6,varchar,50,NULL,NULL,YES,NULL
dbo,WAREHOUSE_AUDIT_CUBE21_ABC,Year,1,varchar,50,NULL,NULL,YES,NULL
dbo,WAREHOUSE_AUDIT_CUBE21_ABC,Quarter,2,varchar,50,NULL,NULL,YES,NULL
dbo,WAREHOUSE_AUDIT_CUBE21_ABC,Month,3,varchar,50,NULL,NULL,YES,NULL
dbo,WAREHOUSE_AUDIT_CUBE21_ABC,Week,4,varchar,50,NULL,NULL,YES,NULL
dbo,WAREHOUSE_AUDIT_CUBE21_ABC,Date,5,varchar,50,NULL,NULL,YES,NULL
dbo,WAREHOUSE_AUDIT_CUBE21_ABC,Claims,6,varchar,50,NULL,NULL,YES,NULL
dbo,WAREHOUSE_AUDIT_CUBE21_AHF,Year,1,varchar,50,NULL,NULL,YES,NULL
dbo,WAREHOUSE_AUDIT_CUBE21_AHF,Quarter,2,varchar,50,NULL,NULL,YES,NULL
dbo,WAREHOUSE_AUDIT_CUBE21_AHF,Month,3,varchar,50,NULL,NULL,YES,NULL
dbo,WAREHOUSE_AUDIT_CUBE21_AHF,Week,4,varchar,50,NULL,NULL,YES,NULL
dbo,WAREHOUSE_AUDIT_CUBE21_AHF,Date,5,varchar,50,NULL,NULL,YES,NULL
dbo,WAREHOUSE_AUDIT_CUBE21_AHF,Claims,6,varchar,50,NULL,NULL,YES,NULL
dbo,WAREHOUSE_AUDIT_CUBE21_HPS,Year,1,varchar,50,NULL,NULL,YES,NULL
dbo,WAREHOUSE_AUDIT_CUBE21_HPS,Quarter,2,varchar,50,NULL,NULL,YES,NULL
dbo,WAREHOUSE_AUDIT_CUBE21_HPS,Month,3,varchar,50,NULL,NULL,YES,NULL
dbo,WAREHOUSE_AUDIT_CUBE21_HPS,Week,4,varchar,50,NULL,NULL,YES,NULL
dbo,WAREHOUSE_AUDIT_CUBE21_HPS,Date,5,varchar,50,NULL,NULL,YES,NULL
dbo,WAREHOUSE_AUDIT_CUBE21_HPS,Claims,6,varchar,50,NULL,NULL,YES,NULL
dbo,WAREHOUSE_AUDIT_CUBE21_SYSTEM124_HPS,Year,1,varchar,50,NULL,NULL,YES,NULL
dbo,WAREHOUSE_AUDIT_CUBE21_SYSTEM124_HPS,Quarter,2,varchar,50,NULL,NULL,YES,NULL
dbo,WAREHOUSE_AUDIT_CUBE21_SYSTEM124_HPS,Month,3,varchar,50,NULL,NULL,YES,NULL
dbo,WAREHOUSE_AUDIT_CUBE21_SYSTEM124_HPS,Week,4,varchar,50,NULL,NULL,YES,NULL
dbo,WAREHOUSE_AUDIT_CUBE21_SYSTEM124_HPS,Date,5,varchar,50,NULL,NULL,YES,NULL
dbo,WAREHOUSE_AUDIT_CUBE21_SYSTEM124_HPS,Claims,6,varchar,50,NULL,NULL,YES,NULL
dbo,WAREHOUSE_AUDIT_CUBE21_SYSTEM158_HPS,Year,1,varchar,50,NULL,NULL,YES,NULL
dbo,WAREHOUSE_AUDIT_CUBE21_SYSTEM158_HPS,Quarter,2,varchar,50,NULL,NULL,YES,NULL
dbo,WAREHOUSE_AUDIT_CUBE21_SYSTEM158_HPS,Month,3,varchar,50,NULL,NULL,YES,NULL
dbo,WAREHOUSE_AUDIT_CUBE21_SYSTEM158_HPS,Week,4,varchar,50,NULL,NULL,YES,NULL
dbo,WAREHOUSE_AUDIT_CUBE21_SYSTEM158_HPS,Date,5,varchar,50,NULL,NULL,YES,NULL
dbo,WAREHOUSE_AUDIT_CUBE21_SYSTEM158_HPS,Claims,6,varchar,50,NULL,NULL,YES,NULL
dbo,WAREHOUSE_AUDIT_CUBE21_SYSTEM73_HPS,Year,1,varchar,50,NULL,NULL,YES,NULL
dbo,WAREHOUSE_AUDIT_CUBE21_SYSTEM73_HPS,Quarter,2,varchar,50,NULL,NULL,YES,NULL
dbo,WAREHOUSE_AUDIT_CUBE21_SYSTEM73_HPS,Month,3,varchar,50,NULL,NULL,YES,NULL
dbo,WAREHOUSE_AUDIT_CUBE21_SYSTEM73_HPS,Week,4,varchar,50,NULL,NULL,YES,NULL
dbo,WAREHOUSE_AUDIT_CUBE21_SYSTEM73_HPS,Date,5,varchar,50,NULL,NULL,YES,NULL
dbo,WAREHOUSE_AUDIT_CUBE21_SYSTEM73_HPS,Claims,6,varchar,50,NULL,NULL,YES,NULL
dbo,WAREHOUSE_AUDIT_CUBE21_TRUERX,Year,1,varchar,50,NULL,NULL,YES,NULL
dbo,WAREHOUSE_AUDIT_CUBE21_TRUERX,Quarter,2,varchar,50,NULL,NULL,YES,NULL
dbo,WAREHOUSE_AUDIT_CUBE21_TRUERX,Month,3,varchar,50,NULL,NULL,YES,NULL
dbo,WAREHOUSE_AUDIT_CUBE21_TRUERX,Week,4,varchar,50,NULL,NULL,YES,NULL
dbo,WAREHOUSE_AUDIT_CUBE21_TRUERX,Date,5,varchar,50,NULL,NULL,YES,NULL
dbo,WAREHOUSE_AUDIT_CUBE21_TRUERX,Claims,6,varchar,50,NULL,NULL,YES,NULL
dbo,WAREHOUSE_FORMULARY,WAREHOUSE_FORMULARY_ID,1,bigint,NULL,19,0,NO,NULL
dbo,WAREHOUSE_FORMULARY,NDC_TYPE,2,varchar,4,NULL,NULL,YES,NULL
dbo,WAREHOUSE_FORMULARY,NDC,3,varchar,11,NULL,NULL,NO,NULL
dbo,WAREHOUSE_FORMULARY,GPI,4,varchar,14,NULL,NULL,YES,NULL
dbo,WAREHOUSE_FORMULARY,PROD_ABBR,5,varchar,25,NULL,NULL,YES,NULL
dbo,WAREHOUSE_FORMULARY,PROD_NAME,6,varchar,25,NULL,NULL,YES,NULL
dbo,WAREHOUSE_FORMULARY,GEN_CODE,7,varchar,1,NULL,NULL,YES,NULL
dbo,WAREHOUSE_FORMULARY,OTC_CODE,8,varchar,1,NULL,NULL,YES,NULL
dbo,WAREHOUSE_FORMULARY,THIRD_PARTY_CD,9,varchar,1,NULL,NULL,YES,NULL
dbo,WAREHOUSE_FORMULARY,ROUTE_ADMIN,10,varchar,2,NULL,NULL,YES,NULL
dbo,WAREHOUSE_FORMULARY,GT_STATUS,11,varchar,1,NULL,NULL,YES,NULL
dbo,WAREHOUSE_FORMULARY,NDC_OV_STATUS,12,varchar,1,NULL,NULL,YES,NULL
dbo,WAREHOUSE_FORMULARY,TIER,13,varchar,1,NULL,NULL,YES,NULL
dbo,WAREHOUSE_FORMULARY,TIER_SOURCE,14,varchar,1,NULL,NULL,YES,NULL
dbo,WAREHOUSE_FORMULARY,PREF_MANUF,15,varchar,1,NULL,NULL,YES,NULL
dbo,WAREHOUSE_FORMULARY,SPECIALTY,16,varchar,1,NULL,NULL,YES,NULL
dbo,WAREHOUSE_FORMULARY,EXCLUSION,17,varchar,1,NULL,NULL,YES,NULL
dbo,WAREHOUSE_FORMULARY,UNIT_DOSE,18,varchar,1,NULL,NULL,YES,NULL
dbo,WAREHOUSE_FORMULARY,QUANTITY_LIMIT,19,varchar,2,NULL,NULL,YES,NULL
dbo,WAREHOUSE_FORMULARY,STEP_THERAPY,20,varchar,2,NULL,NULL,YES,NULL
dbo,WAREHOUSE_FORMULARY,THERAPEUTIC_CATEGORY_NAME,21,varchar,100,NULL,NULL,YES,NULL
dbo,WAREHOUSE_FORMULARY,THERAPEUTIC_CLASS_NAME,22,varchar,100,NULL,NULL,YES,NULL
dbo,WAREHOUSE_FORMULARY,FORMULARY_NAME,23,varchar,10,NULL,NULL,NO,NULL
dbo,WAREHOUSE_FORMULARY,FORMULARY_DATE,24,varchar,8,NULL,NULL,NO,NULL
dbo,WAREHOUSE_FORMULARY,WarehouseLoadDate,25,datetime,NULL,NULL,NULL,YES,(getdate())
dbo,WAREHOUSE_FORMULARY,WarehouseLoadBy,26,varchar,60,NULL,NULL,YES,(suser_sname())
dbo,WAREHOUSE_FORMULARY,WarehouseChangeDate,27,datetime,NULL,NULL,NULL,YES,(getdate())
dbo,WAREHOUSE_FORMULARY,WarehouseChangeBy,28,varchar,60,NULL,NULL,YES,(suser_sname())
dbo,Warehouse_Offline_Reports,TimeStamp,1,datetime,NULL,NULL,NULL,NO,NULL
dbo,Warehouse_Offline_Reports,User_Name,2,char,15,NULL,NULL,NO,NULL
dbo,Warehouse_Offline_Reports,Report_Name,3,char,15,NULL,NULL,YES,NULL
dbo,Warehouse_Offline_Reports,Warehouse_Status,4,char,50,NULL,NULL,NO,NULL
dbo,WAREHOUSE_STATUS,WAREHOUSE_STATUS,1,varchar,75,NULL,NULL,NO,NULL
dbo,WAREHOUSE_STATUS,WAREHOUSE_STATUS_TIME,2,datetime,NULL,NULL,NULL,YES,NULL
dbo,WAREHOUSE_STATUS,DRUG_STATUS,3,varchar,75,NULL,NULL,YES,NULL
dbo,WAREHOUSE_STATUS,DRUG_STATUS_TIME,4,datetime,NULL,NULL,NULL,YES,NULL
dbo,WAREHOUSE_STATUS,CARDHOLDER_STATUS,5,varchar,75,NULL,NULL,YES,NULL
dbo,WAREHOUSE_STATUS,CARDHOLDER_STATUS_TIME,6,datetime,NULL,NULL,NULL,YES,NULL
dbo,WAREHOUSE_STATUS,PLAN_STATUS,7,varchar,75,NULL,NULL,YES,NULL
dbo,WAREHOUSE_STATUS,PLAN_STATUS_TIME,8,datetime,NULL,NULL,NULL,YES,NULL
dbo,WAREHOUSE_STATUS,GROUP_STATUS,9,varchar,75,NULL,NULL,YES,NULL
dbo,WAREHOUSE_STATUS,GROUP_STATUS_TIME,10,datetime,NULL,NULL,NULL,YES,NULL
dbo,WAREHOUSE_STATUS,PHDEM_STATUS,11,varchar,50,NULL,NULL,YES,NULL
dbo,WAREHOUSE_STATUS,PHDEM_STATUS_TIME,12,datetime,NULL,NULL,NULL,YES,NULL
dbo,WAREHOUSE_STATUS,PHNET_STATUS,13,varchar,50,NULL,NULL,YES,NULL
dbo,WAREHOUSE_STATUS,PHNET_STATUS_TIME,14,datetime,NULL,NULL,NULL,YES,NULL
dbo,WAREHOUSE_STATUS,RV601_STATUS,15,varchar,50,NULL,NULL,YES,NULL
dbo,WAREHOUSE_STATUS,RV601_STATUS_TIME,16,datetime,NULL,NULL,NULL,YES,NULL
dbo,WAREHOUSE_STATUS,REVERSAL_STATUS,17,varchar,50,NULL,NULL,YES,NULL
dbo,WAREHOUSE_STATUS,REVERSAL_STATUS_TIME,18,datetime,NULL,NULL,NULL,YES,NULL
dbo,WAREHOUSE_STATUS,GPI_STATUS,19,varchar,50,NULL,NULL,YES,NULL
dbo,WAREHOUSE_STATUS,GPI_STATUS_TIME,20,datetime,NULL,NULL,NULL,YES,NULL
dbo,WAREHOUSE_STATUS,CLAIMS_MSG_STATUS,21,varchar,50,NULL,NULL,YES,NULL
dbo,WAREHOUSE_STATUS,CLAIMS_MSG_STATUS_TIME,22,datetime,NULL,NULL,NULL,YES,NULL
dbo,WAREHOUSE_STATUS_AUDIT,WAREHOUSE_STATUS,1,varchar,76,NULL,NULL,YES,NULL
dbo,WAREHOUSE_STATUS_AUDIT,WAREHOUSE_STATUS_TIME,2,datetime,NULL,NULL,NULL,NO,NULL
dbo,WAREHOUSE_STATUS_AUDIT,WAREHOUSE_STATUS_NOTES,3,varchar,500,NULL,NULL,YES,NULL
dbo,WAREHOUSE_STATUS_AUDIT,DRUG_STATUS,4,varchar,76,NULL,NULL,YES,NULL
dbo,WAREHOUSE_STATUS_AUDIT,DRUG_STATUS_TIME,5,datetime,NULL,NULL,NULL,YES,NULL
dbo,WAREHOUSE_STATUS_AUDIT,CARDHOLDER_STATUS,6,varchar,76,NULL,NULL,YES,NULL
dbo,WAREHOUSE_STATUS_AUDIT,CARDHOLDER_STATUS_TIME,7,datetime,NULL,NULL,NULL,YES,NULL
dbo,WAREHOUSE_STATUS_AUDIT,PLAN_STATUS,8,varchar,76,NULL,NULL,YES,NULL
dbo,WAREHOUSE_STATUS_AUDIT,PLAN_STATUS_TIME,9,datetime,NULL,NULL,NULL,YES,NULL
dbo,WAREHOUSE_STATUS_AUDIT,GROUP_STATUS,10,varchar,76,NULL,NULL,YES,NULL
dbo,WAREHOUSE_STATUS_AUDIT,GROUP_STATUS_TIME,11,datetime,NULL,NULL,NULL,YES,NULL
dbo,WAREHOUSE_STATUS_AUDIT,PHDEM_STATUS,12,varchar,76,NULL,NULL,YES,NULL
dbo,WAREHOUSE_STATUS_AUDIT,PHDEM_STATUS_TIME,13,datetime,NULL,NULL,NULL,YES,NULL
dbo,WAREHOUSE_STATUS_AUDIT,PHNET_STATUS,14,varchar,76,NULL,NULL,YES,NULL
dbo,WAREHOUSE_STATUS_AUDIT,PHNET_STATUS_TIME,15,datetime,NULL,NULL,NULL,YES,NULL
dbo,WAREHOUSE_STATUS_AUDIT,RV601_STATUS,16,varchar,50,NULL,NULL,YES,NULL
dbo,WAREHOUSE_STATUS_AUDIT,RV601_STATUS_TIME,17,datetime,NULL,NULL,NULL,YES,NULL
dbo,WAREHOUSE_STATUS_AUDIT,REVERSAL_STATUS,18,varchar,50,NULL,NULL,YES,NULL
dbo,WAREHOUSE_STATUS_AUDIT,REVERSAL_STATUS_TIME,19,datetime,NULL,NULL,NULL,YES,NULL
dbo,WAREHOUSE_STATUS_AUDIT,GPI_STATUS,20,varchar,50,NULL,NULL,YES,NULL
dbo,WAREHOUSE_STATUS_AUDIT,GPI_STATUS_TIME,21,datetime,NULL,NULL,NULL,YES,NULL
dbo,WAREHOUSE_STATUS_AUDIT,CLAIMS_MSG_STATUS,22,varchar,50,NULL,NULL,YES,NULL
dbo,WAREHOUSE_STATUS_AUDIT,CLAIMS_MSG_STATUS_TIME,23,datetime,NULL,NULL,NULL,YES,NULL
dbo,WarehouseDailyAudit,ServerName,1,varchar,30,NULL,NULL,YES,NULL
dbo,WarehouseDailyAudit,SystemLink,2,varchar,20,NULL,NULL,YES,NULL
dbo,WarehouseDailyAudit,ProcessDate,3,datetime,NULL,NULL,NULL,YES,NULL
dbo,WarehouseDailyAudit,Claims,4,bigint,NULL,19,0,YES,NULL
dbo,WarehouseDailyAudit,AmountPaid,5,money,NULL,19,4,YES,NULL
dbo,WarehouseDailyAudit,Copay,6,money,NULL,19,4,YES,NULL
dbo,WarehouseDailyAudit,CCI,7,varchar,1,NULL,NULL,YES,NULL
dbo,WarehouseObjectTraceChanges,HostName,1,varchar,50,NULL,NULL,YES,NULL
dbo,WarehouseObjectTraceChanges,ApplicationName,2,varchar,500,NULL,NULL,YES,NULL
dbo,WarehouseObjectTraceChanges,NTUserName,3,varchar,50,NULL,NULL,YES,NULL
dbo,WarehouseObjectTraceChanges,NTDomainName,4,varchar,50,NULL,NULL,YES,NULL
dbo,WarehouseObjectTraceChanges,LoginName,5,varchar,100,NULL,NULL,YES,NULL
dbo,WarehouseObjectTraceChanges,SPID,6,int,NULL,10,0,YES,NULL
dbo,WarehouseObjectTraceChanges,EventClass,7,int,NULL,10,0,YES,NULL
dbo,WarehouseObjectTraceChanges,EventName,8,varchar,200,NULL,NULL,YES,NULL
dbo,WarehouseObjectTraceChanges,EventSubClass,9,int,NULL,10,0,YES,NULL
dbo,WarehouseObjectTraceChanges,TEXTData,10,varchar,100,NULL,NULL,YES,NULL
dbo,WarehouseObjectTraceChanges,StartTime,11,datetime,NULL,NULL,NULL,YES,NULL
dbo,WarehouseObjectTraceChanges,EndTime,12,datetime,NULL,NULL,NULL,YES,NULL
dbo,WarehouseObjectTraceChanges,ObjectName,13,varchar,1000,NULL,NULL,YES,NULL
dbo,WarehouseObjectTraceChanges,ObjectType,14,int,NULL,10,0,YES,NULL
dbo,WarehouseObjectTraceChanges,DatabaseName,15,varchar,50,NULL,NULL,YES,NULL
dbo,WarehouseObjectTraceChanges,FileName,16,varchar,100,NULL,NULL,YES,NULL
dbo,WarehouseObjectTraceChanges,IsSystem,17,varchar,100,NULL,NULL,YES,NULL
dbo,YEAR_MONTH_DATA,YEAR_MONTH,1,int,NULL,10,0,NO,NULL
dbo,YEAR_MONTH_DATA,YEAR,2,int,NULL,10,0,YES,NULL
dbo,YEAR_MONTH_DATA,MONTH,3,int,NULL,10,0,YES,NULL
dbo,YEAR_MONTH_DATA,QUARTER,4,int,NULL,10,0,YES,NULL
dbo,YEAR_MONTH_DATA,START_DATE,5,datetime,NULL,NULL,NULL,YES,NULL
dbo,YEAR_MONTH_DATA,END_DATE,6,datetime,NULL,NULL,NULL,YES,NULL
letterTracking,AHF_PROGRAM_TRACKING,ID,1,int,NULL,10,0,NO,NULL
letterTracking,AHF_PROGRAM_TRACKING,CLAIM_KEY,2,varchar,120,NULL,NULL,YES,NULL
letterTracking,AHF_PROGRAM_TRACKING,CARDHOLDER_KEY,3,varchar,20,NULL,NULL,YES,NULL
letterTracking,AHF_PROGRAM_TRACKING,RX_DATE,4,datetime,NULL,NULL,NULL,YES,NULL
letterTracking,AHF_PROGRAM_TRACKING,RECORD_DATE,5,datetime,NULL,NULL,NULL,YES,NULL
letterTracking,AHF_PROGRAM_TRACKING,PROGRAM,6,int,NULL,10,0,YES,NULL
letterTracking,AHF_PROGRAM_TRACKING,LETTER,7,char,10,NULL,NULL,YES,NULL
letterTracking,AHF_PROGRAM_TRACKING,PLUS_DAYS_SUPPLY,8,datetime,NULL,NULL,NULL,YES,NULL
letterTracking,AHF_PROGRAMS,ID,1,int,NULL,10,0,NO,NULL
letterTracking,AHF_PROGRAMS,PROGRAM_NAME,2,varchar,-1,NULL,NULL,YES,NULL
letterTracking,AHF_PROGRAMS,PROGRAM_START_DATE,3,datetime,NULL,NULL,NULL,YES,NULL
letterTracking,AHF_PROGRAMS,PURGE,4,int,NULL,10,0,YES,NULL
letterTracking,AHF_PROGRAMS,PROGRAM_PURGE_DATE,5,datetime,NULL,NULL,NULL,YES,NULL
letterTracking,AHF_TRACKING_CARDHOLDER_KEYS,id,1,int,NULL,10,0,NO,NULL
letterTracking,AHF_TRACKING_CARDHOLDER_KEYS,CARDHOLDER_KEY,2,varchar,20,NULL,NULL,YES,NULL
letterTracking,AHF_TRACKING_CARDHOLDER_KEYS,PROGRAM,3,int,NULL,10,0,YES,NULL
letterTracking,AHF_TRACKING_CARDHOLDER_KEYS,DATE_ADDED_TO_PROGRAM,4,datetime,NULL,NULL,NULL,YES,NULL
letterTracking,AHF_TRACKING_CARDHOLDER_KEYS,SUPRESSION,5,int,NULL,10,0,NO,((0))
letterTracking,AHF_TRACKING_CARDHOLDER_KEYS,REASON,6,varchar,700,NULL,NULL,YES,NULL
